pairId,caseId,category,sourceText,candidateA,candidateB,preferred,meaningAdequacyA,coherenceCohesionA,grammarFluencyA,lexicalCollocationA,editDisciplineA,meaningAdequacyB,coherenceCohesionB,grammarFluencyB,lexicalCollocationB,editDisciplineB,notes
me-01--original-reference--local-safe-engine,me-01,meaning_equivalence,"I started using the new study schedule about two weeks ago. It has not made studying easier, but I waste less time deciding what to work on, which is why I plan to keep using it.","I started using the new study schedule about two weeks ago. It has not made studying easier, but I waste less time deciding what to work on, which is why I plan to keep using it.","I started using the new study schedule about two weeks ago. It has not made studying easier, but I waste less time deciding what to work on, which is why I plan to keep using it.",,,,,,,,,,,,
me-02--original-reference--local-safe-engine,me-02,meaning_equivalence,"The update looks smaller than the previous release because most of the changes are behind the scenes. The interface barely changed, but loading large files is noticeably faster on my laptop.","The update looks smaller than the previous release because most of the changes are behind the scenes. The interface barely changed, but loading large files are noticeably faster on my laptop.","The update looks smaller than the previous release because most of the changes are behind the scenes. The interface barely changed, but loading large files is noticeably faster on my laptop.",,,,,,,,,,,,
me-03--original-reference--local-safe-engine,me-03,meaning_equivalence,"I liked the presentation overall even though the first section dragged a little. Once the examples started, the argument became much easier to follow and the final recommendation made sense.","I liked the presentation overall even though the first section dragged a little. Once the examples started, the argument became much easier to follow and the final recommendation made sense.","I liked the presentation overall even though the first section dragged a little. Once the examples started, the argument became much easier to follow and the final recommendation made sense.",,,,,,,,,,,,
me-04--original-reference--local-safe-engine,me-04,meaning_equivalence,The class is not difficult because of the amount of reading. The harder part is keeping track of several small assignments that are due on different days each week.,The class is not difficult because of the amount of reading. The harder part is keeping track of several small assignments that are due on different days each week.,The class is not difficult because of the amount of reading. The harder part is keeping track of several small assignments that is due on different days each week.,,,,,,,,,,,,
me-05--original-reference--local-safe-engine,me-05,meaning_equivalence,"My first draft was longer, but it was not actually more detailed. I had repeated the same point in several ways, so cutting those sentences made the explanation clearer without removing evidence.","My first draft was longer, but it was not actually more detailed. I had repeated the same point in several ways, so cutting those sentences made the explanation clearer without removing evidence.","My first draft was longer, but it was not actually more detailed. I had repeated the same point in several ways, so cutting those clauses made the explanation clearer without removing evidence.",,,,,,,,,,,,
me-06--original-reference--local-safe-engine,me-06,meaning_equivalence,"The professor did not say the proposal was wrong. She said the main idea was promising, but the evidence was too limited to support the conclusion yet.","The professor did not say the proposal was wrong. She said the main idea was promising, but the evidence was too limited to support the conclusion yet.","The professor did not say the proposal was wrong. She said the main idea was promising, but the evidence was too limited to support the conclusion yet.",,,,,,,,,,,,
co-01--original-reference--local-safe-engine,co-01,cohesion_known_new,The biology lab introduced a new microscope camera last week. The camera can save images directly to the lab computers. Those saved images make it easier for students to compare samples after class.,The biology lab introduced a new microscope camera last week. The camera can save images directly to the lab computers. Those saved images make it easier for students to compare samples after class.,The biology lab introduced a new microscope camera last week. The camera can save images directly to the lab computers. Those saved images make it easier for students to compare samples after class.,,,,,,,,,,,,
co-02--original-reference--local-safe-engine,co-02,cohesion_known_new,"The team found three duplicate records during the audit. Those duplicates came from an old import script. The script had been retired months ago, but its records were still present in the database.","The team found three duplicate records during the audit. Those duplicates came from an old import script. The script had been retired months ago, but its records were still present in the database.","The team found three duplicate records during the audit. Those duplicates came from an old import script. The script had been retired months ago, but its records were still present in the database.",,,,,,,,,,,,
co-03--original-reference--local-safe-engine,co-03,cohesion_known_new,"A late shipment delayed the first test run. Because the test started late, the team had only one afternoon to review the results. That shorter review period is why several minor issues were not caught until the next day.","A late shipment delayed the first test run. Because the test started late, the team had only one afternoon to review the results. That shorter review period is why several minor issues were not caught until the next day.","A late shipment was delayed the first test run. Because the test started late, the team had only one afternoon to review the results. That shorter review period is why several minor issues were not caught until the next day.",,,,,,,,,,,,
co-04--original-reference--local-safe-engine,co-04,cohesion_known_new,"The survey showed that students wanted more evening tutoring. That preference was strongest among students who work during the day. Their schedules make daytime appointments difficult, so the department is considering a later tutoring block.","The survey showed that students wanted more evening tutoring. That preference was strongest among students who work during the day. Their schedules make daytime appointments difficult, so the department is considering a later tutoring block.","The survey showed that students wanted more evening tutoring. That preference was strongest among students who work during the day. Their schedules make daytime appointments difficult, so the department is considering a later tutoring block.",,,,,,,,,,,,
co-05--original-reference--local-safe-engine,co-05,cohesion_known_new,"The app stores approved examples in a local file. That file is loaded when the app starts and provides a small set of writing preferences. Those preferences can change ranking, but they do not override the safety checks.","The app stores approved examples in a local file. That file is loaded when the app starts and provides a small set of writing preferences. Those preferences can change ranking, but they do not override the safety checks.","The app stores approved examples in a local file. That file is loaded when the app starts and provides a small set of writing preferences. Those preferences can change ranking, but they do not override the safety checks.",,,,,,,,,,,,
co-06--original-reference--local-safe-engine,co-06,cohesion_known_new,"The first experiment used a smaller sample than planned. The smaller sample reduced the amount of data available for comparison. That limitation does not invalidate the experiment, but it makes the result less certain.","The first experiment used a smaller sample than planned. The smaller sample reduced the amount of data available for comparison. That limitation does not invalidate the experiment, but it makes the result less certain.","The first experiment used a smaller sample than planned. The smaller sample reduced the amount of data available for comparison. That limitation does not invalidate the experiment, but it makes the result less certain.",,,,,,,,,,,,
lr-01--original-reference--local-safe-engine,lr-01,logical_relations,"The printer was working in the morning, but it stopped after the network settings were changed. Because the other printers stayed online, the technician thinks the problem is local to that machine rather than the whole network.","The printer was working in the morning, but it stopped after the network settings were changed. Because the other printers stayed online, the technician thinks the problem is local to that machine rather than the whole network.","The printer was working in the morning, but it stopped after the network settings were changed. Because the other printers stayed online, the technician thinks the issue is local to that machine rather than the whole network.",,,,,,,,,,,,
lr-02--original-reference--local-safe-engine,lr-02,logical_relations,"If the weather stays clear, the field work will begin Thursday. If it rains, the team will use Thursday for equipment checks instead and move the field work to Friday.","If the weather stays direct, the field work will begin Thursday. If it rains, the team will use Thursday for equipment checks instead and move the field work to Friday.","If the weather stays clear, the field work will begin Thursday. If it rains, the team will use Thursday for equipment checks instead and move the field work to Friday.",,,,,,,,,,,,
lr-03--original-reference--local-safe-engine,lr-03,logical_relations,"The new process takes one extra step at the beginning, yet it usually saves time later because fewer requests are returned for missing information.","The new process takes one extra step at the beginning, yet it usually saves time later because fewer requests are returned for missing information.","The new process takes one extra step at the beginning, yet it usually saves time later because fewer requests are returned for missing information.",,,,,,,,,,,,
lr-04--original-reference--local-safe-engine,lr-04,logical_relations,Maya finished the data cleanup before Jordan ran the analysis. That order matters because the earlier version of the dataset still contained duplicate rows.,Maya finished the data cleanup before Jordan ran the analysis. That order matters because the earlier version of the dataset still contained duplicate rows.,Maya finished the data cleanup before Jordan ran the analysis. That order matters because the earlier version of the dataset still contained duplicate rows.,,,,,,,,,,,,
lr-05--original-reference--local-safe-engine,lr-05,logical_relations,"Although the pilot did not reach its enrollment target, the participants who completed it reported fewer scheduling conflicts. The department therefore wants another trial before deciding whether to expand the program.","Although the pilot did not reach its enrollment target, the participants who completed it reported fewer scheduling conflicts. The department therefore wants another trial before deciding whether to expand the program.","Even though the pilot did not reach its enrollment target, the participants who completed it reported fewer scheduling conflicts. The department therefore wants another trial before deciding whether to expand the program.",,,,,,,,,,,,
lr-06--original-reference--local-safe-engine,lr-06,logical_relations,"The first draft explains what happened, whereas the second draft explains why it happened. Both are accurate, but the second is more useful for the report because the assignment asks for analysis rather than summary.","The first draft explains what happened, whereas the second draft explains why it happened. Both are accurate, but the second is more helpful for the report because the assignment asks for analysis rather than summary.","The first draft explains what happened, whereas the second draft explains why it happened. Both are accurate, but the second is more useful for the report because the assignment asks for analysis rather than summary.",,,,,,,,,,,,
rc-01--original-reference--local-safe-engine,rc-01,reference_coreference,"Nina sent Priya the revised chart after Priya noticed the labeling error. She had already fixed the colors, so the only remaining change was the axis label.","Nina sent Priya the revised chart after Priya noticed the labeling error. She had already fixed the colors, so the only remaining change was the axis label.","Nina sent Priya the revised chart after Priya noticed the labeling error. She had already fixed the colors, so the only remaining change was the axis label.",,,,,,,,,,,,
rc-02--original-reference--local-safe-engine,rc-02,reference_coreference,The advisor told the student that the registrar had not received the form. The student emailed the registrar that afternoon and learned that the attachment had been blocked by the mail system.,The advisor told the student that the registrar had not received the form. The student emailed the registrar that afternoon and learned that the attachment had been blocked by the mail system.,The advisor told the student that the registrar had not received the form. The student emailed the registrar that afternoon and learned that the attachment had been blocked by the mail system.,,,,,,,,,,,,
rc-03--original-reference--local-safe-engine,rc-03,reference_coreference,"The battery warning appeared after the laptop was connected to the dock. Removing the dock made the warning disappear, which suggests the dock or its power adapter may be involved.","The battery warning appeared after the laptop was connected to the dock. Removing the dock made the warning disappear, which suggests the dock or its power adapter may be involved.","The battery warning appeared after the laptop was connected to the dock. Removing the dock made the warning disappear, which suggests the dock or its power adapter may be involved.",,,,,,,,,,,,
rc-04--original-reference--local-safe-engine,rc-04,reference_coreference,"Ava reviewed Liam's notes before he submitted the report. She corrected two dates in the notes, but he chose not to change the wording of the report itself.","Ava reviewed Liam's notes before he submitted the report. She corrected two dates in the notes, but he chose not to change the wording of the report itself.","Ava reviewed Liam's notes before he submitted the report. She corrected two dates in the notes, but he chose not to change the wording of the report itself.",,,,,,,,,,,,
rc-05--original-reference--local-safe-engine,rc-05,reference_coreference,"The first server sends logs to the backup server every hour. If it stops responding, the backup keeps the most recent copy but does not automatically become the primary server.","The first server sends logs to the backup server every hour. If it stops responding, the backup keeps the most recent copy but does not automatically become the primary server.","The first server sends logs to the backup server every hour. If it stops responding, the backup keeps the most recent copy but does not automatically become the primary server.",,,,,,,,,,,,
rc-06--original-reference--local-safe-engine,rc-06,reference_coreference,The committee asked the vendor to revise the estimate because its labor total did not match the hours listed in the proposal. The vendor agreed to check the calculation before the next meeting.,The committee asked the vendor to revise the estimate because its labor total did not match the hours listed in the proposal. The vendor agreed to check the calculation before the next meeting.,The committee asked the vendor to revise the estimate because its labor total did not match the hours listed in the proposal. The vendor agreed to check the calculation before the next meeting.,,,,,,,,,,,,
mp-01--original-reference--local-safe-engine,mp-01,modality_negation_precision,"The change might reduce startup time, but we do not have enough measurements to say that it definitely does. For now, the result should be treated as promising rather than conclusive.","The change might reduce startup time, but we do not have enough measurements to say that it definitely does. For now, the result should be treated as promising rather than conclusive.","The change might reduce startup time, but we do not have enough measurements to say that it definitely does. For now, the result should be treated as promising rather than conclusive.",,,,,,,,,,,,
mp-02--original-reference--local-safe-engine,mp-02,modality_negation_precision,"I would prefer to take the morning section, although I can attend the afternoon section if the morning one is full. I am not asking to be moved unless a seat is actually available.","I would prefer to receive the morning section, even though I can attend the afternoon section if the morning one is full. I am not asking to be moved unless a seat is actually available.","I would prefer to take the morning section, although I can attend the afternoon section if the morning one is full. I am not asking to be moved unless a seat is actually available.",,,,,,,,,,,,
mp-03--original-reference--local-safe-engine,mp-03,modality_negation_precision,"The sensor can detect a temperature change, but it cannot tell us what caused that change. A sudden increase could come from the heater, direct sunlight, or another source.","The sensor can detect a temperature change, but it cannot tell us what caused that change. A sudden boost could come from the heater, direct sunlight, or another source.","The sensor can detect a temperature change, but it cannot tell us what caused that change. A sudden increase could come from the heater, direct sunlight, or another source.",,,,,,,,,,,,
mp-04--original-reference--local-safe-engine,mp-04,modality_negation_precision,The policy says employees should report suspected errors; it does not say they must prove an error occurred before reporting it.,The policy says employees should report suspected errors; it does not say they must prove an error occurred before reporting it.,The policy says employees should report suspected errors; it does not say they must prove an error occurred before reporting it.,,,,,,,,,,,,
mp-05--original-reference--local-safe-engine,mp-05,modality_negation_precision,"There is no evidence that the file was deleted intentionally. It may have been removed during cleanup, but the logs are incomplete, so that explanation is only a possibility.","There is no evidence that the file was deleted intentionally. It may have been removed during cleanup, but the logs are incomplete, so that explanation is only a possibility.","There is no evidence that the file was deleted intentionally. It may have been removed during cleanup, but the logs are incomplete, so that explanation is only a possibility.",,,,,,,,,,,,
mp-06--original-reference--local-safe-engine,mp-06,modality_negation_precision,"The medication is expected to help most patients, but it does not guarantee that every patient will improve. Anyone with questions should speak with a clinician rather than changing the dose on their own.","The medication is expected to guide most patients, but it does not guarantee that every patient will improve. Anyone with questions should speak with a clinician rather than changing the dose on their own.","The medication is expected to help most patients, but it does not guarantee that every patient will improve. Anyone with questions should speak with a clinician rather than changing the dose on their own.",,,,,,,,,,,,
fa-01--original-reference--local-safe-engine,fa-01,factual_anchors,"On September 14, 2026, Maya Chen paid $184.75 for the replacement part. The receipt says the part can be returned within 30 days if it has not been installed.","On September 14, 2026, Maya Chen paid $184.75 for the replacement part. The receipt says the part can be returned within 30 days if it has not been installed.","On September 14, 2026, Maya Chen paid $184.75 for the replacement part. The receipt says the part can be returned within 30 days if it has not been installed.",,,,,,,,,,,,
fa-02--original-reference--local-safe-engine,fa-02,factual_anchors,The lab recorded a pH of 6.4 before treatment and 7.1 afterward. The report calls the change 'modest but consistent' across the five samples.,The lab recorded a pH of 6.4 before treatment and 7.1 afterward. The report calls the change 'modest but consistent' across the five samples.,The lab recorded a pH of 6.4 before treatment and 7.1 afterward. The report calls the change 'modest but consistent' across the five samples.,,,,,,,,,,,,
fa-03--original-reference--local-safe-engine,fa-03,factual_anchors,"Jordan Lee emailed the draft to review@example.org at 3:40 p.m. The subject line was 'Budget revision v2,' and the attachment was 2.8 MB.","Jordan Lee emailed the draft to review@example.org at 3:40 p.m. The subject line was 'Budget revision v2,' and the attachment was 2.8 MB.","Jordan Lee emailed the draft to review@example.org at 3:40 p.m. The subject line was 'Budget revision v2,' and the attachment was 2.8 MB.",,,,,,,,,,,,
fa-04--original-reference--local-safe-engine,fa-04,factual_anchors,"Section 4.2 requires a backup every 12 hours, not once per day. The exception applies only to systems that are offline for maintenance.","Section 4.2 requires a backup every 12 hours, not once per day. The exception applies only to systems that are offline for maintenance.","Section 4.2 requires a backup every 12 hours, not once per day. The exception applies only to systems that is offline for maintenance.",,,,,,,,,,,,
fa-05--original-reference--local-safe-engine,fa-05,factual_anchors,"The shipment contained 18 blue units and 7 gray units. Two blue units were damaged, so the usable total was 23 units.","The shipment contained 18 blue units and 7 gray units. Two blue units were damaged, so the usable total was 23 units.","The shipment contained 18 blue units and 7 gray units. Two blue units were damaged, so the usable total was 23 units.",,,,,,,,,,,,
fa-06--original-reference--local-safe-engine,fa-06,factual_anchors,"The study ran from January through March 2026 and included 126 participants. Of those participants, 54 completed both follow-up surveys.","The study ran from January through March 2026 and included 126 participants. Of those participants, 54 completed both follow-up surveys.","The study ran from January through March 2026 and included 126 participants. Of those participants, 54 completed both follow-up surveys.",,,,,,,,,,,,
gm-01--original-reference--local-safe-engine,gm-01,grammar_minimal_edit,The results was surprising because each of the samples were collected under the same conditions. I don't think the difference come from the equipment.,The results was surprising because each of the samples were collected under the same conditions. I don't think the difference come from the equipment.,The results was surprising because each of the samples were collected under the same conditions. I don't think the difference come from the equipment.,,,,,,,,,,,,
gm-02--original-reference--local-safe-engine,gm-02,grammar_minimal_edit,"She has went to the tutoring center twice this week, and both visits has helped her understand the material better.","She has went to the tutoring center twice this week, and both visits have helped her grasp the material better.","She has went to the tutoring center twice this week, and both visits has helped her understand the material better.",,,,,,,,,,,,
gm-03--original-reference--local-safe-engine,gm-03,grammar_minimal_edit,"There is several reasons the schedule need to change, but the main one are that the current times conflict with lab.","There is several reasons the schedule need to change, but the main one are that the current times conflict with lab.","There are several reasons the schedule. I need to change, but the main one are that the current times conflict with lab.",,,,,,,,,,,,
gm-04--original-reference--local-safe-engine,gm-04,grammar_minimal_edit,The advisor suggested me to wait until the final grade posts before I submit a new request.,The advisor suggested me to wait until the final grade posts before I submit a new request.,The advisor suggested me to wait until the final grade posts before I submit a new request.,,,,,,,,,,,,
gm-05--original-reference--local-safe-engine,gm-05,grammar_minimal_edit,Neither the new instructions nor the example explain what happens if a student submit the form late.,Neither the new instructions nor the example explain what happens if a student submit the form is late.,Neither the new instructions nor the example explain what happens if a student submit the form late.,,,,,,,,,,,,
gm-06--original-reference--local-safe-engine,gm-06,grammar_minimal_edit,"I was planning on finishing it yesterday, but the files I needed wasn't available until this morning.","I was planning on finishing it yesterday, but the files I needed wasn't available until this morning.","I was planning on finishing it yesterday, but the files I needed wasn't available until this morning.",,,,,,,,,,,,
ss-01--original-reference--local-safe-engine,ss-01,sentence_structure,The deadline moved to Friday. Because the vendor sent the corrected estimate late. Which gave the team less time to review the numbers.,The deadline moved to Friday. Because the vendor sent the corrected estimate late. Which gave the team less time to review the numbers.,The deadline moved to Friday. Because the vendor sent the corrected estimate late. Which gave the team less time to review the numbers.,,,,,,,,,,,,
ss-02--original-reference--local-safe-engine,ss-02,sentence_structure,I opened the dashboard the totals looked wrong I refreshed the page nothing changed so I checked the raw file and found two duplicated rows.,I opened the dashboard the totals looked wrong I refreshed the page nothing changed so I checked the raw file and found two duplicated rows.,I opened the dashboard the totals looked wrong I refreshed the page nothing changed so I checked the raw file and found two duplicated rows.,,,,,,,,,,,,
ss-03--original-reference--local-safe-engine,ss-03,sentence_structure,"After reviewing the application, the missing transcript was obvious to the advisor. The student had uploaded the other documents correctly.","After reviewing the application, the missing transcript was obvious to the advisor. The student had uploaded the other documents correctly.","After reviewing the application, the missing transcript was obvious to the advisor. The student had uploaded the other documents correctly.",,,,,,,,,,,,
ss-04--original-reference--local-safe-engine,ss-04,sentence_structure,"The internship requires writing weekly summaries, to attend a Friday meeting, and completing one final presentation.","The internship requires writing weekly summaries, to attend a Friday meeting, and completing one final presentation.","The internship requires writing weekly summaries, to attend a Friday meeting, and completing one final presentation.",,,,,,,,,,,,
ss-05--original-reference--local-safe-engine,ss-05,sentence_structure,"The first meeting was scheduled for Monday, but two people could not attend, and then it moved to Wednesday, and the room was unavailable, so now it is Thursday afternoon.","The first meeting was scheduled for Monday, but two people could not attend, and then it moved to Wednesday, and the room was unavailable, so now it is Thursday afternoon.","The first meeting was scheduled for Monday, but two people could not attend, and then it moved to Wednesday, and the room was unavailable, so now it is Thursday afternoon.",,,,,,,,,,,,
ss-06--original-reference--local-safe-engine,ss-06,sentence_structure,The report includes the survey results. Along with a short explanation of the sampling method and why the response rate matters.,The report includes the survey results. Along with a short explanation of the sampling method and why the response rate matters.,The report covers the survey results. Along with a short explanation of the sampling method and why the response rate matters.,,,,,,,,,,,,
lc-01--original-reference--local-safe-engine,lc-01,lexical_collocation,The new checklist made a strong improvement in how consistently the team records equipment problems. People are now more likely to include the exact error message instead of a general description.,The new checklist made a powerful improvement in how consistently the team records equipment problems. People are now more likely to include the exact error message instead of a general description.,The new checklist made a strong improvement in how consistently the team records equipment problems. People are now more likely to include the exact error message instead of a general description.,,,,,,,,,,,,
lc-02--original-reference--local-safe-engine,lc-02,lexical_collocation,"The professor gave a heavy warning that late submissions would receive a penalty. The warning was clear, but the exact size of the penalty was not listed.","The professor gave a heavy warning that late submissions would receive a penalty. The warning was direct, but the exact size of the penalty was not listed.","The professor gave a heavy warning that late submissions would receive a penalty. The warning was clear, but the exact size of the penalty was not listed.",,,,,,,,,,,,
lc-03--original-reference--local-safe-engine,lc-03,lexical_collocation,The software performed a decision to close the connection after three failed attempts. That behavior prevents the client from waiting forever for a response.,The software performed a decision to close the connection after three failed attempts. That behavior prevents the client from waiting forever for a response.,The software performed a decision to close the connection after three failed attempts. That behavior prevents the client from waiting forever for a response.,,,,,,,,,,,,
lc-04--original-reference--local-safe-engine,lc-04,lexical_collocation,"The survey received a large interest from first-year students, especially those looking for evening sections. Interest from returning students was more moderate.","The survey received a large interest from first-year students, especially those looking for evening sections. Interest from returning students were more moderate.","The survey received a large interest from first-year students, especially those looking for evening sections. Interest from returning students was more moderate.",,,,,,,,,,,,
lc-05--original-reference--local-safe-engine,lc-05,lexical_collocation,The team made an investigation into why the request failed and discovered that the token had expired. Renewing the token solved the problem immediately.,The team made an investigation into why the request failed and discovered that the token had expired. Renewing the token solved the problem immediately.,The team made an investigation into why the request failed and discovered that the token had expired. Renewing the token solved the problem immediately.,,,,,,,,,,,,
lc-06--original-reference--local-safe-engine,lc-06,lexical_collocation,"The explanation is technically correct, but the wording feels unusually bookish for a short message to classmates. I want it to sound normal without making it childish.","The explanation is technically correct, but the wording feels unusually bookish for a short message to classmates. I want it to sound normal without making it childish.","The explanation is technically correct, but the wording feels unusually bookish for a short message to classmates. I want it to sound normal without making it childish.",,,,,,,,,,,,
rt-01--original-reference--local-safe-engine,rt-01,register_tone,"hey, just checking if friday at 3 still works for you. if not no worries, i can do later that afternoon too.","Hey, just checking if friday at 3 still works for you. If not no worries, I can do later that afternoon too.","hey, just checking if friday at 3 still works for you. if not no worries, i can do later that afternoon too.",,,,,,,,,,,,
rt-02--original-reference--local-safe-engine,rt-02,register_tone,"The whole signup process was honestly kind of a mess, but the staff member who helped me was great and got it sorted out pretty fast.","The whole signup process was honestly kind of a mess, but the staff member who helped me was great and got it sorted out pretty fast.","The whole signup process was honestly kind of a mess, but the staff member who helped me was great and got it sorted out pretty fast.",,,,,,,,,,,,
rt-03--original-reference--local-safe-engine,rt-03,register_tone,"I am writing to ask whether it would be possible to take the exam earlier that day. I have a required lab immediately afterward, so an earlier time would help me avoid a conflict.","I am writing to ask whether it would be possible to take the exam earlier that day. I have a required lab immediately afterward, so an earlier time would help me avoid a conflict.","I am writing to ask whether it would be possible to receive the exam earlier that day. I have a required lab immediately afterward, so an earlier time would help me avoid a conflict.",,,,,,,,,,,,
rt-04--original-reference--local-safe-engine,rt-04,register_tone,"ngl I thought the tutorial was gonna be useless, but it actually explained the one part I kept getting wrong. I still would not watch the whole thing again.","ngl I thought the tutorial was gonna be useless, but it actually explained the one part I kept getting wrong. I still would not watch the whole thing again.","Ngl I thought the tutorial was gonna be useless, but it actually explained the one part I kept getting wrong. I still would not watch the whole thing again.",,,,,,,,,,,,
rt-05--original-reference--local-safe-engine,rt-05,register_tone,"The proposal is solid overall, but the budget section feels a little shaky because several costs are estimates instead of quotes. I would double-check those numbers before sending it.","The proposal is solid overall, but the budget section feels a little shaky because several costs are estimates instead of quotes. I would double-check those numbers before sending it.","The proposal is solid overall, but the budget section feels a little shaky because several costs are estimates instead of quotes. I would double-check those numbers before sending it.",,,,,,,,,,,,
rt-06--original-reference--local-safe-engine,rt-06,register_tone,"I appreciate the quick response. I am still confused about whether the form goes back to your office or directly to the testing center, so I want to make sure I send it to the right place.","I appreciate the quick response. I am still confused about whether the form goes back to your office or directly to the testing center, so I want to make sure I send it to the right place.","I appreciate the quick response. I am still confused about whether the form goes back to your office or directly to the testing center, so I want to make sure I send it to the right place.",,,,,,,,,,,,
pu-01--original-reference--local-safe-engine,pu-01,paragraph_unity_redundancy,The main benefit of the new form is that it asks for all required information in one place. That is useful because people no longer have to send a second email with missing details. The form is beneficial because it reduces the need for follow-up messages about information that was left out.,The main benefit of the new form is that it asks for all required information in one place. That is useful because people no longer have to send a second email with missing details. The form is beneficial because it reduces the require for follow-up messages about information that was left out.,The main benefit of the new form is that it asks for all required information in one place. That is useful because people no longer have to send a second email with missing details. The form is beneficial because it reduces the need for follow-up messages about information that was left out.,,,,,,,,,,,,
pu-02--original-reference--local-safe-engine,pu-02,paragraph_unity_redundancy,"The lab report should explain why the result matters, not only list the measurements. The measurements still need to be included because they support the explanation. A good report connects the data to the conclusion instead of treating them as separate pieces.","The lab report should explain why the result matters, not only list the measurements. The measurements still need to be included because they support the explanation. A good report connects the data to the conclusion instead of treating them as separate pieces.","The lab report should make clear why the result matters, not only list the measurements. The measurements still have to be included because they support the explanation. A good report connects the data to the conclusion instead of treating them as separate pieces.",,,,,,,,,,,,
pu-03--original-reference--local-safe-engine,pu-03,paragraph_unity_redundancy,I use the calendar mostly to avoid missing small deadlines. It also helps me see when several assignments pile up in the same week. I like dark mode in most apps because bright screens bother me at night.,I use the calendar mostly to avoid missing small deadlines. It also helps me see when several assignments pile up in the same week. I like dark mode in most apps because bright screens bother me at night.,I use the calendar mostly to avoid missing small deadlines. It also helps me see when several assignments pile up in the same week. I like dark mode in most apps because bright screens bother me at night.,,,,,,,,,,,,
pu-04--original-reference--local-safe-engine,pu-04,paragraph_unity_redundancy,"The update reduced the time needed to open large projects. Startup is faster now, and opening a large project takes less time than before. The improvement is most noticeable on projects with many files.","The update reduced the time needed to open large projects. Startup is faster now, and opening a large project takes less time than before. The improvement is most noticeable on projects with many files.","The update reduced the time needed to open large projects. Startup is faster now, and opening a large project takes less time than before. The improvement is most noticeable on projects with many files.",,,,,,,,,,,,
pu-05--original-reference--local-safe-engine,pu-05,paragraph_unity_redundancy,The discussion board was more useful once people started responding to specific points instead of posting generic agreement. Those specific replies gave the original writer something concrete to answer. That made the conversation feel more like an actual discussion.,The discussion board was more helpful once people started responding to specific points instead of posting generic agreement. Those specific replies gave the source writer something concrete to answer. That made the conversation feel more like an actual discussion.,The discussion board was more useful once people started responding to specific points instead of posting generic agreement. Those specific replies gave the original writer something concrete to answer. That made the conversation feel more like an actual discussion.,,,,,,,,,,,,
pu-06--original-reference--local-safe-engine,pu-06,paragraph_unity_redundancy,"The first two steps of the setup are simple, but the third step assumes the user already knows where the configuration file is stored. That missing explanation is the main reason the instructions feel harder than the process actually is.","The first two steps of the setup are easy, but the third step assumes the user already knows where the configuration file is stored. That missing explanation is the main reason the instructions feel harder than the process actually is.","The first two steps of the setup are simple, but the third step assumes the user already knows where the configuration file is stored. That missing explanation is the main reason the instructions feel harder than the process actually is.",,,,,,,,,,,,
ai-01--original-reference--local-safe-engine,ai-01,ambiguity_non_invention,"The meeting did not go the way I expected. Something came up near the end, and we decided to revisit the issue next week.","The meeting did not go the way I expected. Something came up near the end, and we decided to revisit the issue next week.","The meeting did not go the way I expected. Something came up near the end, and we decided to revisit the issue next week.",,,,,,,,,,,,
ai-02--original-reference--local-safe-engine,ai-02,ambiguity_non_invention,"The file disappeared sometime after lunch. I checked the shared folder and my downloads, but I still do not know whether it was moved, renamed, or deleted.","The file disappeared sometime after lunch. I checked the shared folder and my downloads, but I still do not know whether it was moved, renamed, or deleted.","The file disappeared sometime after lunch. I checked the shared folder and my downloads, but I still do not know whether it was moved, renamed, or deleted.",,,,,,,,,,,,
ai-03--original-reference--local-safe-engine,ai-03,ambiguity_non_invention,"People have raised concerns about the new process, but the notes do not say how many people complained or which part of the process bothered them.","People have raised concerns about the new process, but the notes do not say how many people complained or which part of the process bothered them.","People have raised concerns about the new process, but the notes do not say how many people complained or which part of the process bothered them.",,,,,,,,,,,,
ai-04--original-reference--local-safe-engine,ai-04,ambiguity_non_invention,"The test failed after the configuration changed, but that timing alone does not prove the configuration caused the failure. No one has reproduced the problem yet.","The test failed after the configuration changed, but that timing alone does not prove the configuration caused the failure. No one has reproduced the issue yet.","The test failed after the configuration changed, but that timing alone does not prove the configuration caused the failure. No one has reproduced the problem yet.",,,,,,,,,,,,
ai-05--original-reference--local-safe-engine,ai-05,ambiguity_non_invention,"The instructor said my explanation needs more support. I am not sure whether she wants another source, a better example, or a clearer connection to the evidence I already used.","The instructor said my explanation needs more support. I am not sure whether she wants another source, a better example, or a clearer connection to the evidence I already used.","The instructor said my explanation needs more support. I am not sure whether she wants another source, a stronger example, or a clearer connection to the evidence I already used.",,,,,,,,,,,,
ai-06--original-reference--local-safe-engine,ai-06,ambiguity_non_invention,The package arrived with damage on one corner. I cannot tell whether the item inside is damaged because I have not opened the box yet.,The package arrived with damage on one corner. I cannot tell whether the item inside is damaged because I have not opened the box yet.,The package arrived with damage on one corner. I cannot tell whether the item inside is damaged because I have not opened the box yet.,,,,,,,,,,,,
me-01--original-reference--qwen3-4b-incumbent-bestof4-raw,me-01,meaning_equivalence,"I started using the new study schedule about two weeks ago. It has not made studying easier, but I waste less time deciding what to work on, which is why I plan to keep using it.","I started using the new study schedule two weeks ago. It hasn't made studying easier, but I waste less time deciding what to focus on, which is why I plan to continue using it.","I started using the new study schedule about two weeks ago. It has not made studying easier, but I waste less time deciding what to work on, which is why I plan to keep using it.",,,,,,,,,,,,
me-02--original-reference--qwen3-4b-incumbent-bestof4-raw,me-02,meaning_equivalence,"The update looks smaller than the previous release because most of the changes are behind the scenes. The interface barely changed, but loading large files is noticeably faster on my laptop.","The update looks smaller than the previous release because most of the changes are behind the scenes. The interface barely changed, but loading large files is noticeably faster on my laptop.","The update appears smaller than the previous release because most of the changes are behind the scenes. The interface has changed very little, but loading large files is noticeably faster on my laptop.",,,,,,,,,,,,
me-03--original-reference--qwen3-4b-incumbent-bestof4-raw,me-03,meaning_equivalence,"I liked the presentation overall even though the first section dragged a little. Once the examples started, the argument became much easier to follow and the final recommendation made sense.","I liked the presentation overall, even though the first section was a bit slow. Once the examples began, the argument became much clearer, and the final recommendation made sense.","I liked the presentation overall even though the first section dragged a little. Once the examples started, the argument became much easier to follow and the final recommendation made sense.",,,,,,,,,,,,
me-04--original-reference--qwen3-4b-incumbent-bestof4-raw,me-04,meaning_equivalence,The class is not difficult because of the amount of reading. The harder part is keeping track of several small assignments that are due on different days each week.,The class isn't difficult because of the amount of reading. The real challenge lies in keeping up with several small assignments that are due on different days each week.,The class is not difficult because of the amount of reading. The harder part is keeping track of several small assignments that are due on different days each week.,,,,,,,,,,,,
me-05--original-reference--qwen3-4b-incumbent-bestof4-raw,me-05,meaning_equivalence,"My first draft was longer, but it was not actually more detailed. I had repeated the same point in several ways, so cutting those sentences made the explanation clearer without removing evidence.","My first draft was longer, but it wasn't more detailed. I had repeated the same point in several ways, so cutting those sentences made the explanation clearer without removing evidence.","My first draft was longer, but it was not actually more detailed. I had repeated the same point in several ways, so cutting those sentences made the explanation clearer without removing evidence.",,,,,,,,,,,,
me-06--original-reference--qwen3-4b-incumbent-bestof4-raw,me-06,meaning_equivalence,"The professor did not say the proposal was wrong. She said the main idea was promising, but the evidence was too limited to support the conclusion yet.","The professor did not say the proposal was wrong. She said the main idea was promising, but the evidence was too limited to support the conclusion yet.","The professor did not say the proposal was incorrect. She noted that the main idea was promising, but the evidence was too limited to fully support the conclusion at this time.",,,,,,,,,,,,
co-01--original-reference--qwen3-4b-incumbent-bestof4-raw,co-01,cohesion_known_new,The biology lab introduced a new microscope camera last week. The camera can save images directly to the lab computers. Those saved images make it easier for students to compare samples after class.,The biology lab introduced a new microscope camera last week. The camera can save images directly to the lab computers. Those saved images make it easier for students to compare samples after class.,"The biology lab introduced a new microscope camera last week. The camera allows images to be saved directly to the lab computers, making it easier for students to compare samples after class.",,,,,,,,,,,,
co-02--original-reference--qwen3-4b-incumbent-bestof4-raw,co-02,cohesion_known_new,"The team found three duplicate records during the audit. Those duplicates came from an old import script. The script had been retired months ago, but its records were still present in the database.","The team identified three duplicate records during the audit. These duplicates originated from an old import script. The script had been retired months ago, but its records remained in the database.","The team found three duplicate records during the audit. Those duplicates came from an old import script. The script had been retired months ago, but its records were still present in the database.",,,,,,,,,,,,
co-03--original-reference--qwen3-4b-incumbent-bestof4-raw,co-03,cohesion_known_new,"A late shipment delayed the first test run. Because the test started late, the team had only one afternoon to review the results. That shorter review period is why several minor issues were not caught until the next day.","A late shipment delayed the first test run. Because the test started late, the team had only one afternoon to review the results. That shorter review period is why several minor issues were not caught until the next day.","A late shipment delayed the first test run. As a result, the team had only one afternoon to review the results. The shorter review period led to several minor issues not being identified until the next day.",,,,,,,,,,,,
co-04--original-reference--qwen3-4b-incumbent-bestof4-raw,co-04,cohesion_known_new,"The survey showed that students wanted more evening tutoring. That preference was strongest among students who work during the day. Their schedules make daytime appointments difficult, so the department is considering a later tutoring block.","The survey indicated that students wanted more evening tutoring. This preference was most pronounced among students who work during the day. Their busy schedules make daytime tutoring appointments challenging, so the department is considering adding a later tutoring block.","The survey showed that students wanted more evening tutoring. That preference was strongest among students who work during the day. Their schedules make daytime appointments difficult, so the department is considering a later tutoring block.",,,,,,,,,,,,
co-05--original-reference--qwen3-4b-incumbent-bestof4-raw,co-05,cohesion_known_new,"The app stores approved examples in a local file. That file is loaded when the app starts and provides a small set of writing preferences. Those preferences can change ranking, but they do not override the safety checks.","The app stores approved examples in a local file. That file is loaded when the app starts and provides a small set of writing preferences. Those preferences can change ranking, but they do not override the safety checks.","The app stores approved examples in a local file. This file is loaded when the app starts and offers a limited set of writing preferences. These preferences can affect the ranking, but they do not override the safety checks.",,,,,,,,,,,,
co-06--original-reference--qwen3-4b-incumbent-bestof4-raw,co-06,cohesion_known_new,"The first experiment used a smaller sample than planned. The smaller sample reduced the amount of data available for comparison. That limitation does not invalidate the experiment, but it makes the result less certain.","The first experiment used a smaller sample than planned. This smaller sample reduced the amount of data available for comparison. While the limitation does not invalidate the experiment, it makes the results less certain.","The first experiment used a smaller sample than planned. The smaller sample reduced the amount of data available for comparison. That limitation does not invalidate the experiment, but it makes the result less certain.",,,,,,,,,,,,
lr-01--original-reference--qwen3-4b-incumbent-bestof4-raw,lr-01,logical_relations,"The printer was working in the morning, but it stopped after the network settings were changed. Because the other printers stayed online, the technician thinks the problem is local to that machine rather than the whole network.","The printer was working in the morning but stopped after the network settings were changed. Since the other printers remained online, the technician believes the issue is specific to that machine rather than the entire network.","The printer was working in the morning, but it stopped after the network settings were changed. Because the other printers stayed online, the technician thinks the problem is local to that machine rather than the whole network.",,,,,,,,,,,,
lr-02--original-reference--qwen3-4b-incumbent-bestof4-raw,lr-02,logical_relations,"If the weather stays clear, the field work will begin Thursday. If it rains, the team will use Thursday for equipment checks instead and move the field work to Friday.","If the weather stays clear, the field work will begin Thursday. If it rains, the team will use Thursday for equipment checks instead and move the field work to Friday.","If the weather remains clear, the field work will start on Thursday. If it rains, the team will use Thursday for equipment checks and move the field work to Friday.",,,,,,,,,,,,
lr-03--original-reference--qwen3-4b-incumbent-bestof4-raw,lr-03,logical_relations,"The new process takes one extra step at the beginning, yet it usually saves time later because fewer requests are returned for missing information.","The new process includes an additional step at the beginning, but it often saves time later because it results in fewer requests for missing information.","The new process takes one extra step at the beginning, yet it usually saves time later because fewer requests are returned for missing information.",,,,,,,,,,,,
lr-04--original-reference--qwen3-4b-incumbent-bestof4-raw,lr-04,logical_relations,Maya finished the data cleanup before Jordan ran the analysis. That order matters because the earlier version of the dataset still contained duplicate rows.,Maya finished the data cleanup before Jordan ran the analysis. That order matters because the earlier version of the dataset still contained duplicate rows.,Maya completed the data cleanup before Jordan ran the analysis. The order was important because the earlier version of the dataset still had duplicate rows.,,,,,,,,,,,,
lr-05--original-reference--qwen3-4b-incumbent-bestof4-raw,lr-05,logical_relations,"Although the pilot did not reach its enrollment target, the participants who completed it reported fewer scheduling conflicts. The department therefore wants another trial before deciding whether to expand the program.","Although the pilot did not reach its enrollment target, the participants who completed it reported fewer scheduling conflicts. The department therefore wants another trial before deciding whether to expand the program.","Although the pilot did not meet its enrollment target, participants who completed it reported fewer scheduling conflicts. The department therefore wants to conduct another trial before deciding whether to expand the program.",,,,,,,,,,,,
lr-06--original-reference--qwen3-4b-incumbent-bestof4-raw,lr-06,logical_relations,"The first draft explains what happened, whereas the second draft explains why it happened. Both are accurate, but the second is more useful for the report because the assignment asks for analysis rather than summary.","The first draft describes what happened, while the second draft explains why it happened. Both are accurate, but the second is more useful for the report because the assignment requires analysis rather than a summary.","The first draft explains what happened, whereas the second draft explains why it happened. Both are accurate, but the second is more useful for the report because the assignment asks for analysis rather than summary.",,,,,,,,,,,,
rc-01--original-reference--qwen3-4b-incumbent-bestof4-raw,rc-01,reference_coreference,"Nina sent Priya the revised chart after Priya noticed the labeling error. She had already fixed the colors, so the only remaining change was the axis label.","Nina sent Priya the revised chart after Priya noticed the labeling error. She had already corrected the colors, so the only remaining change was the axis label.","Nina sent Priya the revised chart after Priya noticed the labeling error. She had already fixed the colors, so the only remaining change was the axis label.",,,,,,,,,,,,
rc-02--original-reference--qwen3-4b-incumbent-bestof4-raw,rc-02,reference_coreference,The advisor told the student that the registrar had not received the form. The student emailed the registrar that afternoon and learned that the attachment had been blocked by the mail system.,The advisor informed the student that the registrar had not received the form. The student then emailed the registrar that afternoon and found out that the attachment had been blocked by the mail system.,The advisor told the student that the registrar had not received the form. The student emailed the registrar that afternoon and learned that the attachment had been blocked by the mail system.,,,,,,,,,,,,
rc-03--original-reference--qwen3-4b-incumbent-bestof4-raw,rc-03,reference_coreference,"The battery warning appeared after the laptop was connected to the dock. Removing the dock made the warning disappear, which suggests the dock or its power adapter may be involved.","The battery warning appeared after the laptop was connected to the dock. Removing the dock made the warning disappear, which suggests the dock or its power adapter may be involved.","The battery warning appeared after the laptop was connected to the dock. Removing the dock caused the warning to disappear, suggesting that the dock or its power adapter may be the source of the issue.",,,,,,,,,,,,
rc-04--original-reference--qwen3-4b-incumbent-bestof4-raw,rc-04,reference_coreference,"Ava reviewed Liam's notes before he submitted the report. She corrected two dates in the notes, but he chose not to change the wording of the report itself.","Ava reviewed Liam's notes before he submitted the report. She corrected two dates in the notes, but he decided not to change the wording of the report itself.","Ava reviewed Liam's notes before he submitted the report. She corrected two dates in the notes, but he chose not to change the wording of the report itself.",,,,,,,,,,,,
rc-05--original-reference--qwen3-4b-incumbent-bestof4-raw,rc-05,reference_coreference,"The first server sends logs to the backup server every hour. If it stops responding, the backup keeps the most recent copy but does not automatically become the primary server.","The first server sends logs to the backup server every hour. If it stops responding, the backup keeps the most recent copy but does not automatically become the primary server.","The first server sends logs to the backup server every hour. If the primary server stops responding, the backup retains the most recent copy but does not automatically become the primary server.",,,,,,,,,,,,
rc-06--original-reference--qwen3-4b-incumbent-bestof4-raw,rc-06,reference_coreference,The committee asked the vendor to revise the estimate because its labor total did not match the hours listed in the proposal. The vendor agreed to check the calculation before the next meeting.,The committee requested that the vendor revise the estimate since the total labor cost did not align with the hours listed in the proposal. The vendor agreed to review the calculation before the next meeting.,The committee asked the vendor to revise the estimate because its labor total did not match the hours listed in the proposal. The vendor agreed to check the calculation before the next meeting.,,,,,,,,,,,,
mp-01--original-reference--qwen3-4b-incumbent-bestof4-raw,mp-01,modality_negation_precision,"The change might reduce startup time, but we do not have enough measurements to say that it definitely does. For now, the result should be treated as promising rather than conclusive.","The change might reduce startup time, but we do not have enough measurements to say that it definitely does. For now, the result should be treated as promising rather than conclusive.","The change may reduce startup time, but we do not have enough measurements to confirm that it definitely does. For now, the result should be considered promising rather than conclusive.",,,,,,,,,,,,
mp-02--original-reference--qwen3-4b-incumbent-bestof4-raw,mp-02,modality_negation_precision,"I would prefer to take the morning section, although I can attend the afternoon section if the morning one is full. I am not asking to be moved unless a seat is actually available.","I would prefer to take the morning section, although I can attend the afternoon section if the morning one is full. I am not asking to be moved unless a seat is actually available.","I would prefer to take the morning section, but I am willing to attend the afternoon section if the morning one is full. I am not asking to be moved unless a seat actually becomes available.",,,,,,,,,,,,
mp-03--original-reference--qwen3-4b-incumbent-bestof4-raw,mp-03,modality_negation_precision,"The sensor can detect a temperature change, but it cannot tell us what caused that change. A sudden increase could come from the heater, direct sunlight, or another source.","The sensor can detect a temperature change, but it cannot determine the cause of that change. A sudden increase could result from the heater, direct sunlight, or another source.","The sensor can detect a temperature change, but it cannot tell us what caused that change. A sudden increase could come from the heater, direct sunlight, or another source.",,,,,,,,,,,,
mp-04--original-reference--qwen3-4b-incumbent-bestof4-raw,mp-04,modality_negation_precision,The policy says employees should report suspected errors; it does not say they must prove an error occurred before reporting it.,The policy says employees should report suspected errors; it does not say they must prove an error occurred before reporting it.,"The policy states that employees should report suspected errors, but it does not require them to prove an error occurred before reporting it.",,,,,,,,,,,,
mp-05--original-reference--qwen3-4b-incumbent-bestof4-raw,mp-05,modality_negation_precision,"There is no evidence that the file was deleted intentionally. It may have been removed during cleanup, but the logs are incomplete, so that explanation is only a possibility.","There is no evidence that the file was deleted intentionally. It may have been removed during cleanup, but the logs are incomplete, so that explanation is only a possibility.","There is no evidence that the file was intentionally deleted. It could have been removed during cleanup, but the logs are incomplete, so that explanation is only a possibility.",,,,,,,,,,,,
mp-06--original-reference--qwen3-4b-incumbent-bestof4-raw,mp-06,modality_negation_precision,"The medication is expected to help most patients, but it does not guarantee that every patient will improve. Anyone with questions should speak with a clinician rather than changing the dose on their own.","The medication is expected to help most patients, but it does not guarantee that every patient will improve. Those with questions should consult a clinician rather than adjusting the dose on their own.","The medication is expected to help most patients, but it does not guarantee that every patient will improve. Anyone with questions should speak with a clinician rather than changing the dose on their own.",,,,,,,,,,,,
fa-01--original-reference--qwen3-4b-incumbent-bestof4-raw,fa-01,factual_anchors,"On September 14, 2026, Maya Chen paid $184.75 for the replacement part. The receipt says the part can be returned within 30 days if it has not been installed.","On September 14, 2026, Maya Chen paid $184.75 for the replacement part. The receipt says the part can be returned within 30 days if it has not been installed.","On September 14, 2026, Maya Chen paid $184.75 for a replacement part. The receipt states that the part can be returned within 30 days if it has not been installed.",,,,,,,,,,,,
fa-02--original-reference--qwen3-4b-incumbent-bestof4-raw,fa-02,factual_anchors,The lab recorded a pH of 6.4 before treatment and 7.1 afterward. The report calls the change 'modest but consistent' across the five samples.,"The lab recorded a pH of 6.4 before treatment and 7.1 after treatment. The report describes the change as ""modest but consistent"" across the five samples.",The lab recorded a pH of 6.4 before treatment and 7.1 afterward. The report calls the change 'modest but consistent' across the five samples.,,,,,,,,,,,,
fa-03--original-reference--qwen3-4b-incumbent-bestof4-raw,fa-03,factual_anchors,"Jordan Lee emailed the draft to review@example.org at 3:40 p.m. The subject line was 'Budget revision v2,' and the attachment was 2.8 MB.","Jordan Lee emailed the draft to review@example.org at 3:40 p.m. The subject line was 'Budget revision v2,' and the attachment was 2.8 MB.","Jordan Lee sent the draft to review@example.org at 3:40 p.m. The subject line was ""Budget revision v2,"" and the attachment was 2.8 MB.",,,,,,,,,,,,
fa-04--original-reference--qwen3-4b-incumbent-bestof4-raw,fa-04,factual_anchors,"Section 4.2 requires a backup every 12 hours, not once per day. The exception applies only to systems that are offline for maintenance.","Section 4.2 requires a backup every 12 hours, not once per day. The exception applies only to systems that are offline for maintenance.","Section 4.2 specifies that a backup should occur every 12 hours, not once per day. This exception applies only to systems that are offline for maintenance.",,,,,,,,,,,,
fa-05--original-reference--qwen3-4b-incumbent-bestof4-raw,fa-05,factual_anchors,"The shipment contained 18 blue units and 7 gray units. Two blue units were damaged, so the usable total was 23 units.","The shipment included 18 blue units and 7 gray units. Two of the blue units were damaged, resulting in a usable total of 23 units.","The shipment contained 18 blue units and 7 gray units. Two blue units were damaged, so the usable total was 23 units.",,,,,,,,,,,,
fa-06--original-reference--qwen3-4b-incumbent-bestof4-raw,fa-06,factual_anchors,"The study ran from January through March 2026 and included 126 participants. Of those participants, 54 completed both follow-up surveys.","The study took place from January through March 2026 and involved 126 participants. Of these participants, 54 completed both follow-up surveys.","The study ran from January through March 2026 and included 126 participants. Of those participants, 54 completed both follow-up surveys.",,,,,,,,,,,,
gm-01--original-reference--qwen3-4b-incumbent-bestof4-raw,gm-01,grammar_minimal_edit,The results was surprising because each of the samples were collected under the same conditions. I don't think the difference come from the equipment.,The results were surprising because each sample was collected under the same conditions. I don't think the difference came from the equipment.,The results was surprising because each of the samples were collected under the same conditions. I don't think the difference come from the equipment.,,,,,,,,,,,,
gm-02--original-reference--qwen3-4b-incumbent-bestof4-raw,gm-02,grammar_minimal_edit,"She has went to the tutoring center twice this week, and both visits has helped her understand the material better.","She has went to the tutoring center twice this week, and both visits has helped her understand the material better.","She has gone to the tutoring center twice this week, and both visits have helped her understand the material better.",,,,,,,,,,,,
gm-03--original-reference--qwen3-4b-incumbent-bestof4-raw,gm-03,grammar_minimal_edit,"There is several reasons the schedule need to change, but the main one are that the current times conflict with lab.","There is several reasons the schedule need to change, but the main one are that the current times conflict with lab.","There are several reasons why the schedule needs to change, but the main one is that the current times conflict with lab sessions.",,,,,,,,,,,,
gm-04--original-reference--qwen3-4b-incumbent-bestof4-raw,gm-04,grammar_minimal_edit,The advisor suggested me to wait until the final grade posts before I submit a new request.,The advisor suggested me to wait until the final grade posts before I submit a new request.,The advisor recommended that I wait until the final grades are posted before submitting a new request.,,,,,,,,,,,,
gm-05--original-reference--qwen3-4b-incumbent-bestof4-raw,gm-05,grammar_minimal_edit,Neither the new instructions nor the example explain what happens if a student submit the form late.,Neither the new instructions nor the example clarify what happens if a student submits the form late.,Neither the new instructions nor the example explain what happens if a student submit the form late.,,,,,,,,,,,,
gm-06--original-reference--qwen3-4b-incumbent-bestof4-raw,gm-06,grammar_minimal_edit,"I was planning on finishing it yesterday, but the files I needed wasn't available until this morning.","I was planning to finish it yesterday, but the files I needed weren't available until this morning.","I was planning on finishing it yesterday, but the files I needed wasn't available until this morning.",,,,,,,,,,,,
ss-01--original-reference--qwen3-4b-incumbent-bestof4-raw,ss-01,sentence_structure,The deadline moved to Friday. Because the vendor sent the corrected estimate late. Which gave the team less time to review the numbers.,"The deadline was moved to Friday because the vendor sent the corrected estimate late, which gave the team less time to review the numbers.",The deadline moved to Friday. Because the vendor sent the corrected estimate late. Which gave the team less time to review the numbers.,,,,,,,,,,,,
ss-02--original-reference--qwen3-4b-incumbent-bestof4-raw,ss-02,sentence_structure,I opened the dashboard the totals looked wrong I refreshed the page nothing changed so I checked the raw file and found two duplicated rows.,I opened the dashboard the totals looked wrong I refreshed the page nothing changed so I checked the raw file and found two duplicated rows.,"I opened the dashboard, and the totals looked wrong. I refreshed the page, but nothing changed. Then I checked the raw file and found two duplicated rows.",,,,,,,,,,,,
ss-03--original-reference--qwen3-4b-incumbent-bestof4-raw,ss-03,sentence_structure,"After reviewing the application, the missing transcript was obvious to the advisor. The student had uploaded the other documents correctly.","After reviewing the application, the advisor found the missing transcript to be obvious. The student had correctly uploaded the other documents.","After reviewing the application, the missing transcript was obvious to the advisor. The student had uploaded the other documents correctly.",,,,,,,,,,,,
ss-04--original-reference--qwen3-4b-incumbent-bestof4-raw,ss-04,sentence_structure,"The internship requires writing weekly summaries, to attend a Friday meeting, and completing one final presentation.","The internship involves writing weekly summaries, attending a Friday meeting, and completing one final presentation.","The internship requires writing weekly summaries, to attend a Friday meeting, and completing one final presentation.",,,,,,,,,,,,
ss-05--original-reference--qwen3-4b-incumbent-bestof4-raw,ss-05,sentence_structure,"The first meeting was scheduled for Monday, but two people could not attend, and then it moved to Wednesday, and the room was unavailable, so now it is Thursday afternoon.","The first meeting was scheduled for Monday, but two people could not attend, and then it moved to Wednesday, and the room was unavailable, so now it is Thursday afternoon.","The first meeting was scheduled for Monday, but two people could not attend, so it was moved to Wednesday. However, the room was unavailable, and now it is scheduled for Thursday afternoon.",,,,,,,,,,,,
ss-06--original-reference--qwen3-4b-incumbent-bestof4-raw,ss-06,sentence_structure,The report includes the survey results. Along with a short explanation of the sampling method and why the response rate matters.,The report includes the survey results. Along with a short explanation of the sampling method and why the response rate matters.,"The report includes the survey results, along with a brief explanation of the sampling method and the importance of the response rate.",,,,,,,,,,,,
lc-01--original-reference--qwen3-4b-incumbent-bestof4-raw,lc-01,lexical_collocation,The new checklist made a strong improvement in how consistently the team records equipment problems. People are now more likely to include the exact error message instead of a general description.,The new checklist significantly improved the team's consistency in recording equipment problems. People are now more likely to include the exact error message rather than a general description.,The new checklist made a strong improvement in how consistently the team records equipment problems. People are now more likely to include the exact error message instead of a general description.,,,,,,,,,,,,
lc-02--original-reference--qwen3-4b-incumbent-bestof4-raw,lc-02,lexical_collocation,"The professor gave a heavy warning that late submissions would receive a penalty. The warning was clear, but the exact size of the penalty was not listed.","The professor gave a heavy warning that late submissions would receive a penalty. The warning was clear, but the exact size of the penalty was not listed.","The professor issued a clear warning that late submissions would incur a penalty. While the warning was straightforward, the specific details of the penalty were not provided.",,,,,,,,,,,,
lc-03--original-reference--qwen3-4b-incumbent-bestof4-raw,lc-03,lexical_collocation,The software performed a decision to close the connection after three failed attempts. That behavior prevents the client from waiting forever for a response.,The software performed a decision to close the connection after three failed attempts. That behavior prevents the client from waiting forever for a response.,The software closes the connection after three failed attempts. This behavior prevents the client from waiting indefinitely for a response.,,,,,,,,,,,,
lc-04--original-reference--qwen3-4b-incumbent-bestof4-raw,lc-04,lexical_collocation,"The survey received a large interest from first-year students, especially those looking for evening sections. Interest from returning students was more moderate.","The survey received a large interest from first-year students, especially those looking for evening sections. Interest from returning students was more moderate.","The survey generated significant interest among first-year students, particularly those seeking evening sections. Interest from returning students was more moderate.",,,,,,,,,,,,
lc-05--original-reference--qwen3-4b-incumbent-bestof4-raw,lc-05,lexical_collocation,The team made an investigation into why the request failed and discovered that the token had expired. Renewing the token solved the problem immediately.,The team investigated the reason for the request failure and found that the token had expired. Renewing the token resolved the issue immediately.,The team made an investigation into why the request failed and discovered that the token had expired. Renewing the token solved the problem immediately.,,,,,,,,,,,,
lc-06--original-reference--qwen3-4b-incumbent-bestof4-raw,lc-06,lexical_collocation,"The explanation is technically correct, but the wording feels unusually bookish for a short message to classmates. I want it to sound normal without making it childish.","The explanation is technically correct, but the wording feels overly formal for a short message to classmates. I want it to sound natural without coming across as childish.","The explanation is technically correct, but the wording feels unusually bookish for a short message to classmates. I want it to sound normal without making it childish.",,,,,,,,,,,,
rt-01--original-reference--qwen3-4b-incumbent-bestof4-raw,rt-01,register_tone,"hey, just checking if friday at 3 still works for you. if not no worries, i can do later that afternoon too.","hey, just checking if friday at 3 still works for you. if not no worries, i can do later that afternoon too.","Just checking if Friday at 3 still works for you. If not, I can adjust to a later time that afternoon.",,,,,,,,,,,,
rt-02--original-reference--qwen3-4b-incumbent-bestof4-raw,rt-02,register_tone,"The whole signup process was honestly kind of a mess, but the staff member who helped me was great and got it sorted out pretty fast.","The entire signup process was honestly a bit of a mess, but the staff member who helped me was great and got it sorted out pretty quickly.","The whole signup process was honestly kind of a mess, but the staff member who helped me was great and got it sorted out pretty fast.",,,,,,,,,,,,
rt-03--original-reference--qwen3-4b-incumbent-bestof4-raw,rt-03,register_tone,"I am writing to ask whether it would be possible to take the exam earlier that day. I have a required lab immediately afterward, so an earlier time would help me avoid a conflict.","I am writing to ask if it would be possible to take the exam earlier in the day. I have a required lab immediately after, so an earlier time would help me avoid a conflict.","I am writing to ask whether it would be possible to take the exam earlier that day. I have a required lab immediately afterward, so an earlier time would help me avoid a conflict.",,,,,,,,,,,,
rt-04--original-reference--qwen3-4b-incumbent-bestof4-raw,rt-04,register_tone,"ngl I thought the tutorial was gonna be useless, but it actually explained the one part I kept getting wrong. I still would not watch the whole thing again.","ngl I thought the tutorial was gonna be useless, but it actually explained the one part I kept getting wrong. I still would not watch the whole thing again.","Honestly, I thought the tutorial would be useless, but it actually clarified the one part I was struggling with. I still wouldn’t watch the whole thing again.",,,,,,,,,,,,
rt-05--original-reference--qwen3-4b-incumbent-bestof4-raw,rt-05,register_tone,"The proposal is solid overall, but the budget section feels a little shaky because several costs are estimates instead of quotes. I would double-check those numbers before sending it.","The proposal is solid overall, but the budget section feels a little shaky because several costs are estimates instead of quotes. I would double-check those numbers before sending it.","The proposal is generally strong, but the budget section seems a bit uncertain because several costs are estimates rather than confirmed quotes. I would recommend verifying those figures before sending it.",,,,,,,,,,,,
rt-06--original-reference--qwen3-4b-incumbent-bestof4-raw,rt-06,register_tone,"I appreciate the quick response. I am still confused about whether the form goes back to your office or directly to the testing center, so I want to make sure I send it to the right place.","I appreciate the quick response. I’m still unsure whether the form should be sent back to your office or directly to the testing center, so I want to make sure I send it to the correct location.","I appreciate the quick response. I am still confused about whether the form goes back to your office or directly to the testing center, so I want to make sure I send it to the right place.",,,,,,,,,,,,
pu-01--original-reference--qwen3-4b-incumbent-bestof4-raw,pu-01,paragraph_unity_redundancy,The main benefit of the new form is that it asks for all required information in one place. That is useful because people no longer have to send a second email with missing details. The form is beneficial because it reduces the need for follow-up messages about information that was left out.,The main benefit of the new form is that it asks for all required information in one place. That is useful because people no longer have to send a second email with missing details. The form is beneficial because it reduces the need for follow-up messages about information that was left out.,The main benefit of the new form is that it consolidates all required information in one place. This is useful because people no longer need to send a second email with missing details. The form is beneficial because it reduces the need for follow-up messages regarding missing information.,,,,,,,,,,,,
pu-02--original-reference--qwen3-4b-incumbent-bestof4-raw,pu-02,paragraph_unity_redundancy,"The lab report should explain why the result matters, not only list the measurements. The measurements still need to be included because they support the explanation. A good report connects the data to the conclusion instead of treating them as separate pieces.","The lab report should explain why the results are significant, not just list the measurements. The measurements are still necessary because they provide support for the explanation. A good report links the data to the conclusion rather than treating them as separate elements.","The lab report should explain why the result matters, not only list the measurements. The measurements still need to be included because they support the explanation. A good report connects the data to the conclusion instead of treating them as separate pieces.",,,,,,,,,,,,
pu-03--original-reference--qwen3-4b-incumbent-bestof4-raw,pu-03,paragraph_unity_redundancy,I use the calendar mostly to avoid missing small deadlines. It also helps me see when several assignments pile up in the same week. I like dark mode in most apps because bright screens bother me at night.,I use the calendar mainly to avoid missing small deadlines. It also helps me keep track of when multiple assignments accumulate in the same week. I prefer dark mode in most apps because bright screens irritate me at night.,I use the calendar mostly to avoid missing small deadlines. It also helps me see when several assignments pile up in the same week. I like dark mode in most apps because bright screens bother me at night.,,,,,,,,,,,,
pu-04--original-reference--qwen3-4b-incumbent-bestof4-raw,pu-04,paragraph_unity_redundancy,"The update reduced the time needed to open large projects. Startup is faster now, and opening a large project takes less time than before. The improvement is most noticeable on projects with many files.","The update reduced the time required to open large projects. Startup is now faster, and opening a large project takes less time than it did before. The improvement is most noticeable in projects with many files.","The update reduced the time needed to open large projects. Startup is faster now, and opening a large project takes less time than before. The improvement is most noticeable on projects with many files.",,,,,,,,,,,,
pu-05--original-reference--qwen3-4b-incumbent-bestof4-raw,pu-05,paragraph_unity_redundancy,The discussion board was more useful once people started responding to specific points instead of posting generic agreement. Those specific replies gave the original writer something concrete to answer. That made the conversation feel more like an actual discussion.,The discussion board was more useful once people started responding to specific points instead of posting generic agreement. Those specific replies gave the original writer something concrete to answer. That made the conversation feel more like an actual discussion.,"The discussion board became more useful when people began responding to specific points rather than posting general agreement. These specific replies provided the original writer with something concrete to address, making the conversation feel more like a real discussion.",,,,,,,,,,,,
pu-06--original-reference--qwen3-4b-incumbent-bestof4-raw,pu-06,paragraph_unity_redundancy,"The first two steps of the setup are simple, but the third step assumes the user already knows where the configuration file is stored. That missing explanation is the main reason the instructions feel harder than the process actually is.","The first two steps of the setup are straightforward, but the third step assumes the user already knows where the configuration file is stored. This missing explanation is the main reason the instructions feel more complicated than the process actually is.","The first two steps of the setup are simple, but the third step assumes the user already knows where the configuration file is stored. That missing explanation is the main reason the instructions feel harder than the process actually is.",,,,,,,,,,,,
ai-01--original-reference--qwen3-4b-incumbent-bestof4-raw,ai-01,ambiguity_non_invention,"The meeting did not go the way I expected. Something came up near the end, and we decided to revisit the issue next week.","The meeting did not go the way I expected. Something came up near the end, and we decided to revisit the issue next week.","The meeting did not go as I had expected. Near the end, something arose, and we decided to revisit the issue next week.",,,,,,,,,,,,
ai-02--original-reference--qwen3-4b-incumbent-bestof4-raw,ai-02,ambiguity_non_invention,"The file disappeared sometime after lunch. I checked the shared folder and my downloads, but I still do not know whether it was moved, renamed, or deleted.","The file disappeared after lunch. I checked the shared folder and my downloads, but I still don't know if it was moved, renamed, or deleted.","The file disappeared sometime after lunch. I checked the shared folder and my downloads, but I still do not know whether it was moved, renamed, or deleted.",,,,,,,,,,,,
ai-03--original-reference--qwen3-4b-incumbent-bestof4-raw,ai-03,ambiguity_non_invention,"People have raised concerns about the new process, but the notes do not say how many people complained or which part of the process bothered them.","Concerns have been raised about the new process, but the notes do not specify how many people complained or which aspect of the process was problematic.","People have raised concerns about the new process, but the notes do not say how many people complained or which part of the process bothered them.",,,,,,,,,,,,
ai-04--original-reference--qwen3-4b-incumbent-bestof4-raw,ai-04,ambiguity_non_invention,"The test failed after the configuration changed, but that timing alone does not prove the configuration caused the failure. No one has reproduced the problem yet.","The test failed after the configuration changed, but that timing alone does not prove the configuration caused the failure. No one has reproduced the problem yet.","The test failed after the configuration changed, but the timing alone does not prove that the configuration caused the failure. No one has yet reproduced the problem.",,,,,,,,,,,,
ai-05--original-reference--qwen3-4b-incumbent-bestof4-raw,ai-05,ambiguity_non_invention,"The instructor said my explanation needs more support. I am not sure whether she wants another source, a better example, or a clearer connection to the evidence I already used.","The instructor mentioned that my explanation needs more support. I'm not sure if she wants another source, a better example, or a clearer connection to the evidence I already used.","The instructor said my explanation needs more support. I am not sure whether she wants another source, a better example, or a clearer connection to the evidence I already used.",,,,,,,,,,,,
ai-06--original-reference--qwen3-4b-incumbent-bestof4-raw,ai-06,ambiguity_non_invention,The package arrived with damage on one corner. I cannot tell whether the item inside is damaged because I have not opened the box yet.,The package arrived with damage on one corner. I cannot determine if the item inside is damaged because I have not yet opened the box.,The package arrived with damage on one corner. I cannot tell whether the item inside is damaged because I have not opened the box yet.,,,,,,,,,,,,
me-01--original-reference--qwen3-4b-incumbent,me-01,meaning_equivalence,"I started using the new study schedule about two weeks ago. It has not made studying easier, but I waste less time deciding what to work on, which is why I plan to keep using it.","I started using the new study schedule about two weeks ago. It has not made studying easier, but I waste less time deciding what to work on, which is why I plan to keep using it.","I started using the new study schedule two weeks ago. It hasn't made studying easier, but I spend less time deciding what to work on, which is why I plan to keep using it.",,,,,,,,,,,,
me-02--original-reference--qwen3-4b-incumbent,me-02,meaning_equivalence,"The update looks smaller than the previous release because most of the changes are behind the scenes. The interface barely changed, but loading large files is noticeably faster on my laptop.","The update appears smaller than the previous release because most of the changes are behind the scenes. The interface has changed very little, but loading large files are noticeably faster on my laptop.","The update looks smaller than the previous release because most of the changes are behind the scenes. The interface barely changed, but loading large files is noticeably faster on my laptop.",,,,,,,,,,,,
me-03--original-reference--qwen3-4b-incumbent,me-03,meaning_equivalence,"I liked the presentation overall even though the first section dragged a little. Once the examples started, the argument became much easier to follow and the final recommendation made sense.","I liked the presentation overall even though the first section dragged a little. Once the examples started, the argument became much easier to follow and the final recommendation made sense.","I liked the presentation overall, even though the first section dragged a little. Once the examples began, the argument became much easier to follow, and the final recommendation made sense.",,,,,,,,,,,,
me-04--original-reference--qwen3-4b-incumbent,me-04,meaning_equivalence,The class is not difficult because of the amount of reading. The harder part is keeping track of several small assignments that are due on different days each week.,The class is not difficult because of the amount of reading. The harder part is keeping track of several small assignments that are due on different days each week.,The class isn't difficult because of the amount of reading. The main challenge is keeping up with several small assignments that is due on different days each week.,,,,,,,,,,,,
me-05--original-reference--qwen3-4b-incumbent,me-05,meaning_equivalence,"My first draft was longer, but it was not actually more detailed. I had repeated the same point in several ways, so cutting those sentences made the explanation clearer without removing evidence.","My first draft was longer, but it wasn't more detailed. I had repeated the same point in several ways, so cutting those sentences made the explanation clearer without removing any evidence.","My first draft was longer, but it was not actually more detailed. I had repeated the same point in several ways, so cutting those sentences made the explanation clearer without removing evidence.",,,,,,,,,,,,
me-06--original-reference--qwen3-4b-incumbent,me-06,meaning_equivalence,"The professor did not say the proposal was wrong. She said the main idea was promising, but the evidence was too limited to support the conclusion yet.","The professor did not say the proposal was wrong. She said the main idea was promising, but the evidence was too limited to support the conclusion yet.","The professor did not say the proposal was incorrect. She noted that the main idea was promising, but the evidence was too limited to fully support the conclusion at this time.",,,,,,,,,,,,
co-01--original-reference--qwen3-4b-incumbent,co-01,cohesion_known_new,The biology lab introduced a new microscope camera last week. The camera can save images directly to the lab computers. Those saved images make it easier for students to compare samples after class.,"The biology lab introduced a new microscope camera last week. The camera allows images to be saved directly to the lab computers, making it easier for students to compare samples after class.",The biology lab introduced a new microscope camera last week. The camera can save images directly to the lab computers. Those saved images make it easier for students to compare samples after class.,,,,,,,,,,,,
co-02--original-reference--qwen3-4b-incumbent,co-02,cohesion_known_new,"The team found three duplicate records during the audit. Those duplicates came from an old import script. The script had been retired months ago, but its records were still present in the database.","The team identified three duplicate records during the audit. These duplicates originated from an old import script. The script had been retired months ago, but its records remained in the database.","The team found three duplicate records during the audit. Those duplicates came from an old import script. The script had been retired months ago, but its records were still present in the database.",,,,,,,,,,,,
co-03--original-reference--qwen3-4b-incumbent,co-03,cohesion_known_new,"A late shipment delayed the first test run. Because the test started late, the team had only one afternoon to review the results. That shorter review period is why several minor issues were not caught until the next day.","A late shipment delayed the first test run. Because the test started late, the team had only one afternoon to review the results. That shorter review period is why several minor issues were not caught until the next day.","A late shipment was delayed the first test run. Because, the team had only one afternoon to review the results. The shorter review period led to several minor issues not being identified until the next day.",,,,,,,,,,,,
co-04--original-reference--qwen3-4b-incumbent,co-04,cohesion_known_new,"The survey showed that students wanted more evening tutoring. That preference was strongest among students who work during the day. Their schedules make daytime appointments difficult, so the department is considering a later tutoring block.","The survey indicated that students wanted more evening tutoring. This preference was most evident among students who work during the day. Their busy schedules make daytime tutoring appointments challenging, so the department is considering adding a later tutoring block.","The survey showed that students wanted more evening tutoring. That preference was strongest among students who work during the day. Their schedules make daytime appointments difficult, so the department is considering a later tutoring block.",,,,,,,,,,,,
co-05--original-reference--qwen3-4b-incumbent,co-05,cohesion_known_new,"The app stores approved examples in a local file. That file is loaded when the app starts and provides a small set of writing preferences. Those preferences can change ranking, but they do not override the safety checks.","The app stores approved examples in a local file. This file is loaded when the app starts and provides a limited set of writing preferences. These preferences can affect the ranking, but they do not override the safety checks.","The app stores approved examples in a local file. That file is loaded when the app starts and provides a small set of writing preferences. Those preferences can change ranking, but they do not override the safety checks.",,,,,,,,,,,,
co-06--original-reference--qwen3-4b-incumbent,co-06,cohesion_known_new,"The first experiment used a smaller sample than planned. The smaller sample reduced the amount of data available for comparison. That limitation does not invalidate the experiment, but it makes the result less certain.","The first experiment used a smaller sample than planned. The smaller sample reduced the amount of data available for comparison. That limitation does not invalidate the experiment, but it makes the result less certain.","The first experiment used a smaller sample than planned. This smaller sample reduced the amount of data available for comparison. But the limitation does not invalidate the experiment, it makes the results less certain.",,,,,,,,,,,,
lr-01--original-reference--qwen3-4b-incumbent,lr-01,logical_relations,"The printer was working in the morning, but it stopped after the network settings were changed. Because the other printers stayed online, the technician thinks the problem is local to that machine rather than the whole network.","The printer was working in the morning but stopped after the network settings were changed. Since the other printers remained online, the technician believes the issue is specific to that machine rather than the entire network.","The printer was working in the morning, but it stopped after the network settings were changed. Because the other printers stayed online, the technician thinks the problem is local to that machine rather than the whole network.",,,,,,,,,,,,
lr-02--original-reference--qwen3-4b-incumbent,lr-02,logical_relations,"If the weather stays clear, the field work will begin Thursday. If it rains, the team will use Thursday for equipment checks instead and move the field work to Friday.","If the weather remains clear, field work will start on Thursday. If it rains, the team will use Thursday for equipment checks and move the field work to Friday.","If the weather stays clear, the field work will begin Thursday. If it rains, the team will use Thursday for equipment checks instead and move the field work to Friday.",,,,,,,,,,,,
lr-03--original-reference--qwen3-4b-incumbent,lr-03,logical_relations,"The new process takes one extra step at the beginning, yet it usually saves time later because fewer requests are returned for missing information.","The new process includes an additional step at the beginning, but it often saves time later because it results in fewer requests for missing information.","The new process takes one extra step at the beginning, yet it usually saves time later because fewer requests are returned for missing information.",,,,,,,,,,,,
lr-04--original-reference--qwen3-4b-incumbent,lr-04,logical_relations,Maya finished the data cleanup before Jordan ran the analysis. That order matters because the earlier version of the dataset still contained duplicate rows.,Maya finished the data cleanup before Jordan ran the analysis. That order matters because the earlier version of the dataset still contained duplicate rows.,Maya completed the data cleanup before Jordan ran the analysis. The order was important because the earlier version of the dataset still had duplicate rows.,,,,,,,,,,,,
lr-05--original-reference--qwen3-4b-incumbent,lr-05,logical_relations,"Although the pilot did not reach its enrollment target, the participants who completed it reported fewer scheduling conflicts. The department therefore wants another trial before deciding whether to expand the program.","Although the pilot did not reach its enrollment target, the participants who completed it reported fewer scheduling conflicts. The department therefore wants another trial before deciding whether to expand the program.","Although the pilot did not meet its enrollment target, participants who completed it reported fewer scheduling conflicts. The department therefore wants to conduct another trial before deciding whether to expand the program.",,,,,,,,,,,,
lr-06--original-reference--qwen3-4b-incumbent,lr-06,logical_relations,"The first draft explains what happened, whereas the second draft explains why it happened. Both are accurate, but the second is more useful for the report because the assignment asks for analysis rather than summary.","The first draft describes what happened, while the second draft explains why it happened. Both are accurate, but the second is more useful for the report because the assignment requires analysis rather than a summary.","The first draft explains what happened, whereas the second draft explains why it happened. Both are accurate, but the second is more useful for the report because the assignment asks for analysis rather than summary.",,,,,,,,,,,,
rc-01--original-reference--qwen3-4b-incumbent,rc-01,reference_coreference,"Nina sent Priya the revised chart after Priya noticed the labeling error. She had already fixed the colors, so the only remaining change was the axis label.","Nina sent Priya the revised chart after Priya noticed the labeling error. She had already corrected the colors, so the only remaining change was the axis label.","Nina sent Priya the revised chart after Priya noticed the labeling error. She had already fixed the colors, so the only remaining change was the axis label.",,,,,,,,,,,,
rc-02--original-reference--qwen3-4b-incumbent,rc-02,reference_coreference,The advisor told the student that the registrar had not received the form. The student emailed the registrar that afternoon and learned that the attachment had been blocked by the mail system.,The advisor told the student that the registrar had not received the form. The student emailed the registrar that afternoon and learned that the attachment had been blocked by the mail system.,The advisor informed the student that the registrar had not received the form. The student then emailed the registrar that afternoon and found out that the attachment had been blocked by the mail system.,,,,,,,,,,,,
rc-03--original-reference--qwen3-4b-incumbent,rc-03,reference_coreference,"The battery warning appeared after the laptop was connected to the dock. Removing the dock made the warning disappear, which suggests the dock or its power adapter may be involved.","The battery warning appeared after the laptop was connected to the dock. Removing the dock made the warning disappear, which suggests the dock or its power adapter may be involved.","The battery warning appeared after the laptop was connected to the dock. Removing the dock caused the warning to disappear, suggesting that the dock or its power adapter may be the source of the issue.",,,,,,,,,,,,
rc-04--original-reference--qwen3-4b-incumbent,rc-04,reference_coreference,"Ava reviewed Liam's notes before he submitted the report. She corrected two dates in the notes, but he chose not to change the wording of the report itself.","Ava reviewed Liam's notes before he submitted the report. She corrected two dates in the notes, but he chose not to change the wording of the report itself.","Ava reviewed Liam's notes before he submitted the report. She corrected two dates in the notes, but he chose not to change the wording of the report itself.",,,,,,,,,,,,
rc-05--original-reference--qwen3-4b-incumbent,rc-05,reference_coreference,"The first server sends logs to the backup server every hour. If it stops responding, the backup keeps the most recent copy but does not automatically become the primary server.","The first server sends logs to the backup server every hour. If the primary server stops responding, the backup retains the most recent copy but does not automatically become the primary server.","The first server sends logs to the backup server every hour. If it stops responding, the backup keeps the most recent copy but does not automatically become the primary server.",,,,,,,,,,,,
rc-06--original-reference--qwen3-4b-incumbent,rc-06,reference_coreference,The committee asked the vendor to revise the estimate because its labor total did not match the hours listed in the proposal. The vendor agreed to check the calculation before the next meeting.,The committee requested the vendor to revise the estimate since the total labor cost did not align with the hours listed in the proposal. The vendor agreed to review the calculation prior to the next meeting.,The committee asked the vendor to revise the estimate because its labor total did not match the hours listed in the proposal. The vendor agreed to check the calculation before the next meeting.,,,,,,,,,,,,
mp-01--original-reference--qwen3-4b-incumbent,mp-01,modality_negation_precision,"The change might reduce startup time, but we do not have enough measurements to say that it definitely does. For now, the result should be treated as promising rather than conclusive.","The change might reduce startup time, but we do not have enough measurements to say that it definitely does. For now, the result should be treated as promising rather than conclusive.","The change may reduce startup time, but we do not have enough measurements to confirm that it definitely does. For now, the result should be considered promising rather than conclusive.",,,,,,,,,,,,
mp-02--original-reference--qwen3-4b-incumbent,mp-02,modality_negation_precision,"I would prefer to take the morning section, although I can attend the afternoon section if the morning one is full. I am not asking to be moved unless a seat is actually available.","I would prefer to take the morning section, although I can attend the afternoon section if the morning one is full. I am not asking to be moved unless a seat is actually available.","I would prefer to take the morning section, but I am willing to attend the afternoon section if the morning one is full. I am not asking to be moved unless a seat is actually available.",,,,,,,,,,,,
mp-03--original-reference--qwen3-4b-incumbent,mp-03,modality_negation_precision,"The sensor can detect a temperature change, but it cannot tell us what caused that change. A sudden increase could come from the heater, direct sunlight, or another source.","The sensor can detect a temperature change, but it cannot tell us what caused that change. A sudden increase could come from the heater, direct sunlight, or another source.","The sensor can detect a temperature change, but it cannot determine the cause of that change. A sudden increase could result from the heater, direct sunlight, or another source.",,,,,,,,,,,,
mp-04--original-reference--qwen3-4b-incumbent,mp-04,modality_negation_precision,The policy says employees should report suspected errors; it does not say they must prove an error occurred before reporting it.,The policy says employees should report suspected errors; it does not say they must prove an error occurred before reporting it.,"The policy states that employees should report suspected errors, but it does not require them to prove an error occurred before reporting it.",,,,,,,,,,,,
mp-05--original-reference--qwen3-4b-incumbent,mp-05,modality_negation_precision,"There is no evidence that the file was deleted intentionally. It may have been removed during cleanup, but the logs are incomplete, so that explanation is only a possibility.","There is no evidence that the file was deleted intentionally. It may have been removed during cleanup, but the logs are incomplete, so that explanation is only a possibility.","There is no evidence that the file was deleted intentionally. It may have been removed during cleanup, but the logs are incomplete, so that explanation is only a possibility.",,,,,,,,,,,,
mp-06--original-reference--qwen3-4b-incumbent,mp-06,modality_negation_precision,"The medication is expected to help most patients, but it does not guarantee that every patient will improve. Anyone with questions should speak with a clinician rather than changing the dose on their own.","The medication is expected to help most patients, but it does not guarantee that every patient will improve. Anyone with questions should speak with a clinician rather than changing the dose on their own.","The medication is expected to help most patients, but it does not guarantee improvement for every individual. Those with questions should consult a clinician rather than adjusting the dose on their own.",,,,,,,,,,,,
fa-01--original-reference--qwen3-4b-incumbent,fa-01,factual_anchors,"On September 14, 2026, Maya Chen paid $184.75 for the replacement part. The receipt says the part can be returned within 30 days if it has not been installed.","On September 14, 2026, Maya Chen paid $184.75 for the replacement part. The receipt says the part can be returned within 30 days if it has not been installed.","On September 14, 2026, Maya Chen paid $184.75 for a replacement part. The receipt states that the part can be returned within 30 days if it has not been installed.",,,,,,,,,,,,
fa-02--original-reference--qwen3-4b-incumbent,fa-02,factual_anchors,The lab recorded a pH of 6.4 before treatment and 7.1 afterward. The report calls the change 'modest but consistent' across the five samples.,"The lab recorded a pH of 6.4 before treatment and 7.1 after treatment. The report describes the change as ""modest but consistent"" across the five samples.",The lab recorded a pH of 6.4 before treatment and 7.1 afterward. The report calls the change 'modest but consistent' across the five samples.,,,,,,,,,,,,
fa-03--original-reference--qwen3-4b-incumbent,fa-03,factual_anchors,"Jordan Lee emailed the draft to review@example.org at 3:40 p.m. The subject line was 'Budget revision v2,' and the attachment was 2.8 MB.","Jordan Lee sent the draft to review@example.org at 3:40 p.m. The subject line was ""Budget revision v2,"" and the attachment was 2.8 MB.","Jordan Lee emailed the draft to review@example.org at 3:40 p.m. The subject line was 'Budget revision v2,' and the attachment was 2.8 MB.",,,,,,,,,,,,
fa-04--original-reference--qwen3-4b-incumbent,fa-04,factual_anchors,"Section 4.2 requires a backup every 12 hours, not once per day. The exception applies only to systems that are offline for maintenance.","Section 4.2 requires a backup every 12 hours, not once per day. The exception applies only to systems that are offline for maintenance.","Section 4.2 specifies that a backup should be performed every 12 hours, not once per day. This requirement applies except for systems that is offline for maintenance.",,,,,,,,,,,,
fa-05--original-reference--qwen3-4b-incumbent,fa-05,factual_anchors,"The shipment contained 18 blue units and 7 gray units. Two blue units were damaged, so the usable total was 23 units.","The shipment contained 18 blue units and 7 gray units. Two blue units were damaged, so the usable total was 23 units.","The shipment included 18 blue units and 7 gray units. Two of the blue units were damaged, resulting in an usable total of 23 units.",,,,,,,,,,,,
fa-06--original-reference--qwen3-4b-incumbent,fa-06,factual_anchors,"The study ran from January through March 2026 and included 126 participants. Of those participants, 54 completed both follow-up surveys.","The study took place from January through March 2026 and involved 126 participants. Of these participants, 54 completed both follow-up surveys.","The study ran from January through March 2026 and included 126 participants. Of those participants, 54 completed both follow-up surveys.",,,,,,,,,,,,
gm-01--original-reference--qwen3-4b-incumbent,gm-01,grammar_minimal_edit,The results was surprising because each of the samples were collected under the same conditions. I don't think the difference come from the equipment.,The results was surprising because each of the samples were collected under the same conditions. I don't think the difference come from the equipment.,The results were surprising because each sample was collected under the same conditions. I don't think the difference came from the equipment.,,,,,,,,,,,,
gm-02--original-reference--qwen3-4b-incumbent,gm-02,grammar_minimal_edit,"She has went to the tutoring center twice this week, and both visits has helped her understand the material better.","She has went to the tutoring center twice this week, and both visits has helped her understand the material better.","She has gone to the tutoring center twice this week, and both visits have helped her understand the material better.",,,,,,,,,,,,
gm-03--original-reference--qwen3-4b-incumbent,gm-03,grammar_minimal_edit,"There is several reasons the schedule need to change, but the main one are that the current times conflict with lab.","There are several reasons why the schedule needs to change, but the main one is that the current times conflict with lab sessions.","There is several reasons the schedule need to change, but the main one are that the current times conflict with lab.",,,,,,,,,,,,
gm-04--original-reference--qwen3-4b-incumbent,gm-04,grammar_minimal_edit,The advisor suggested me to wait until the final grade posts before I submit a new request.,The advisor recommended that I wait until the final grades are posted before submitting a new request.,The advisor suggested me to wait until the final grade posts before I submit a new request.,,,,,,,,,,,,
gm-05--original-reference--qwen3-4b-incumbent,gm-05,grammar_minimal_edit,Neither the new instructions nor the example explain what happens if a student submit the form late.,Neither the new instructions nor the example explain what happens if a student submit the form late.,Neither the new instructions nor the example clarify what happens if a student submits the form is late.,,,,,,,,,,,,
gm-06--original-reference--qwen3-4b-incumbent,gm-06,grammar_minimal_edit,"I was planning on finishing it yesterday, but the files I needed wasn't available until this morning.","I was planning to finish it yesterday, but the files I needed weren't available until this morning.","I was planning on finishing it yesterday, but the files I needed wasn't available until this morning.",,,,,,,,,,,,
ss-01--original-reference--qwen3-4b-incumbent,ss-01,sentence_structure,The deadline moved to Friday. Because the vendor sent the corrected estimate late. Which gave the team less time to review the numbers.,"The deadline was moved to Friday because the vendor sent the corrected estimate late, which gave the team less time to review the numbers.",The deadline moved to Friday. Because the vendor sent the corrected estimate late. Which gave the team less time to review the numbers.,,,,,,,,,,,,
ss-02--original-reference--qwen3-4b-incumbent,ss-02,sentence_structure,I opened the dashboard the totals looked wrong I refreshed the page nothing changed so I checked the raw file and found two duplicated rows.,"I opened the dashboard, and the totals looked wrong. I refreshed the page, but nothing changed. Then I checked the raw file and found two duplicated rows.",I opened the dashboard the totals looked wrong I refreshed the page nothing changed so I checked the raw file and found two duplicated rows.,,,,,,,,,,,,
ss-03--original-reference--qwen3-4b-incumbent,ss-03,sentence_structure,"After reviewing the application, the missing transcript was obvious to the advisor. The student had uploaded the other documents correctly.","After reviewing the application, the missing transcript was obvious to the advisor. The student had uploaded the other documents correctly.","After reviewing the application, the advisor found the missing transcript to be obvious. The student had correctly uploaded the other documents.",,,,,,,,,,,,
ss-04--original-reference--qwen3-4b-incumbent,ss-04,sentence_structure,"The internship requires writing weekly summaries, to attend a Friday meeting, and completing one final presentation.","The internship involves writing weekly summaries, attending a Friday meeting, and completing one final presentation.","The internship requires writing weekly summaries, to attend a Friday meeting, and completing one final presentation.",,,,,,,,,,,,
ss-05--original-reference--qwen3-4b-incumbent,ss-05,sentence_structure,"The first meeting was scheduled for Monday, but two people could not attend, and then it moved to Wednesday, and the room was unavailable, so now it is Thursday afternoon.","The first meeting was scheduled for Monday, but two people could not attend, and then it moved to Wednesday, and the room was unavailable, so now it is Thursday afternoon.","The first meeting was scheduled for Monday, but two people could not attend, so it was moved to Wednesday. However, the room was unavailable, and it is now scheduled for Thursday afternoon.",,,,,,,,,,,,
ss-06--original-reference--qwen3-4b-incumbent,ss-06,sentence_structure,The report includes the survey results. Along with a short explanation of the sampling method and why the response rate matters.,The report includes the survey results. Along with a short explanation of the sampling method and why the response rate matters.,"The report includes the survey results, along with a brief explanation of the sampling method and the importance of the response rate.",,,,,,,,,,,,
lc-01--original-reference--qwen3-4b-incumbent,lc-01,lexical_collocation,The new checklist made a strong improvement in how consistently the team records equipment problems. People are now more likely to include the exact error message instead of a general description.,The new checklist made a strong improvement in how consistently the team records equipment problems. People are now more likely to include the exact error message instead of a general description.,The new checklist significantly improved the team's consistency in recording equipment issues. People are now more likely to include the exact error message rather than a general description.,,,,,,,,,,,,
lc-02--original-reference--qwen3-4b-incumbent,lc-02,lexical_collocation,"The professor gave a heavy warning that late submissions would receive a penalty. The warning was clear, but the exact size of the penalty was not listed.","The professor gave a heavy warning that late submissions would receive a penalty. The warning was clear, but the exact size of the penalty was not listed.","The professor issued a clear warning that late submissions would incur a penalty. But the warning was straightforward, the specific details of the penalty were not provided.",,,,,,,,,,,,
lc-03--original-reference--qwen3-4b-incumbent,lc-03,lexical_collocation,The software performed a decision to close the connection after three failed attempts. That behavior prevents the client from waiting forever for a response.,The software closes the connection after three failed attempts. This behavior prevents the client from waiting indefinitely for a response.,The software performed a decision to close the connection after three failed attempts. That behavior prevents the client from waiting forever for a response.,,,,,,,,,,,,
lc-04--original-reference--qwen3-4b-incumbent,lc-04,lexical_collocation,"The survey received a large interest from first-year students, especially those looking for evening sections. Interest from returning students was more moderate.","The survey generated significant interest among first-year students, particularly those seeking evening sections. Interest from returning students were more moderate.","The survey received a large interest from first-year students, especially those looking for evening sections. Interest from returning students was more moderate.",,,,,,,,,,,,
lc-05--original-reference--qwen3-4b-incumbent,lc-05,lexical_collocation,The team made an investigation into why the request failed and discovered that the token had expired. Renewing the token solved the problem immediately.,The team made an investigation into why the request failed and discovered that the token had expired. Renewing the token solved the problem immediately.,The team investigated the reason for the request failure and found that the token had expired. Renewing the token resolved the issue immediately.,,,,,,,,,,,,
lc-06--original-reference--qwen3-4b-incumbent,lc-06,lexical_collocation,"The explanation is technically correct, but the wording feels unusually bookish for a short message to classmates. I want it to sound normal without making it childish.","The explanation is technically correct, but the wording feels unusually bookish for a short message to classmates. I want it to sound normal without making it childish.","The explanation is technically correct, but the wording feels overly formal for a short message to classmates. I want it to sound natural without coming across as childish.",,,,,,,,,,,,
rt-01--original-reference--qwen3-4b-incumbent,rt-01,register_tone,"hey, just checking if friday at 3 still works for you. if not no worries, i can do later that afternoon too.","hey, just checking if friday at 3 still works for you. if not no worries, i can do later that afternoon too.","Just checking if Friday at 3 still works for you. If not, I can adjust to a later time that afternoon.",,,,,,,,,,,,
rt-02--original-reference--qwen3-4b-incumbent,rt-02,register_tone,"The whole signup process was honestly kind of a mess, but the staff member who helped me was great and got it sorted out pretty fast.","The whole signup process was honestly kind of a mess, but the staff member who helped me was great and got it sorted out pretty fast.","The entire signup process was honestly a bit of a mess, but the staff member who helped me was great and got it sorted out pretty quickly.",,,,,,,,,,,,
rt-03--original-reference--qwen3-4b-incumbent,rt-03,register_tone,"I am writing to ask whether it would be possible to take the exam earlier that day. I have a required lab immediately afterward, so an earlier time would help me avoid a conflict.","I am writing to ask whether it would be possible to take the exam earlier that day. I have a required lab immediately afterward, so an earlier time would help me avoid a conflict.","I am writing to ask if it would be possible to take the exam earlier in the day. I have a required lab immediately after, so an earlier time would help me avoid a conflict.",,,,,,,,,,,,
rt-04--original-reference--qwen3-4b-incumbent,rt-04,register_tone,"ngl I thought the tutorial was gonna be useless, but it actually explained the one part I kept getting wrong. I still would not watch the whole thing again.","ngl I thought the tutorial was gonna be useless, but it actually explained the one part I kept getting wrong. I still would not watch the whole thing again.","Honestly, I thought the tutorial would be useless, but it actually clarified the one part I was struggling with. I still wouldn’t watch the whole thing again.",,,,,,,,,,,,
rt-05--original-reference--qwen3-4b-incumbent,rt-05,register_tone,"The proposal is solid overall, but the budget section feels a little shaky because several costs are estimates instead of quotes. I would double-check those numbers before sending it.","The proposal is generally strong, but the budget section appears a bit uncertain because several costs are estimates rather than confirmed quotes. I would recommend verifying those figures before finalizing the document.","The proposal is solid overall, but the budget section feels a little shaky because several costs are estimates instead of quotes. I would double-check those numbers before sending it.",,,,,,,,,,,,
rt-06--original-reference--qwen3-4b-incumbent,rt-06,register_tone,"I appreciate the quick response. I am still confused about whether the form goes back to your office or directly to the testing center, so I want to make sure I send it to the right place.","I appreciate the quick response. I'm still unsure whether the form should be sent back to your office or directly to the testing center, so I want to make sure I send it to the correct location.","I appreciate the quick response. I am still confused about whether the form goes back to your office or directly to the testing center, so I want to make sure I send it to the right place.",,,,,,,,,,,,
pu-01--original-reference--qwen3-4b-incumbent,pu-01,paragraph_unity_redundancy,The main benefit of the new form is that it asks for all required information in one place. That is useful because people no longer have to send a second email with missing details. The form is beneficial because it reduces the need for follow-up messages about information that was left out.,The main benefit of the new form is that it asks for all required information in one place. That is useful because people no longer have to send a second email with missing details. The form is beneficial because it reduces the need for follow-up messages about information that was left out.,The main benefit of the new form is that it consolidates all required information in one place. This is useful because people no longer need to send a second email with missing details. The form is beneficial because it reduces the need for follow-up messages regarding missing information.,,,,,,,,,,,,
pu-02--original-reference--qwen3-4b-incumbent,pu-02,paragraph_unity_redundancy,"The lab report should explain why the result matters, not only list the measurements. The measurements still need to be included because they support the explanation. A good report connects the data to the conclusion instead of treating them as separate pieces.","The lab report should explain why the result matters, not only list the measurements. The measurements still need to be included because they support the explanation. A good report connects the data to the conclusion instead of treating them as separate pieces.","The lab report should explain why the results are significant, not just list the measurements. The measurements are still necessary because they provide support for the explanation. A good report links the data to the conclusion rather than treating them as separate elements.",,,,,,,,,,,,
pu-03--original-reference--qwen3-4b-incumbent,pu-03,paragraph_unity_redundancy,I use the calendar mostly to avoid missing small deadlines. It also helps me see when several assignments pile up in the same week. I like dark mode in most apps because bright screens bother me at night.,I use the calendar mostly to avoid missing small deadlines. It also helps me see when several assignments pile up in the same week. I like dark mode in most apps because bright screens bother me at night.,I use the calendar mainly to avoid missing small deadlines. It also helps me track when multiple assignments accumulate in the same week. I prefer dark mode in most apps because bright screens bother me at night.,,,,,,,,,,,,
pu-04--original-reference--qwen3-4b-incumbent,pu-04,paragraph_unity_redundancy,"The update reduced the time needed to open large projects. Startup is faster now, and opening a large project takes less time than before. The improvement is most noticeable on projects with many files.","The update decreased the time required to open large projects. Startup is now faster, and opening a large project takes less time than it did before. The improvement is most noticeable in projects with most files.","The update reduced the time needed to open large projects. Startup is faster now, and opening a large project takes less time than before. The improvement is most noticeable on projects with many files.",,,,,,,,,,,,
pu-05--original-reference--qwen3-4b-incumbent,pu-05,paragraph_unity_redundancy,The discussion board was more useful once people started responding to specific points instead of posting generic agreement. Those specific replies gave the original writer something concrete to answer. That made the conversation feel more like an actual discussion.,"The discussion board became more useful when people began responding to specific points instead of just posting general agreement. These specific replies provided the original writer with something concrete to address, making the conversation feel more like a real discussion.",The discussion board was more useful once people started responding to specific points instead of posting generic agreement. Those specific replies gave the original writer something concrete to answer. That made the conversation feel more like an actual discussion.,,,,,,,,,,,,
pu-06--original-reference--qwen3-4b-incumbent,pu-06,paragraph_unity_redundancy,"The first two steps of the setup are simple, but the third step assumes the user already knows where the configuration file is stored. That missing explanation is the main reason the instructions feel harder than the process actually is.","The first two steps of the setup are simple, but the third step assumes the user already knows where the configuration file is stored. That missing explanation is the main reason the instructions feel harder than the process actually is.","The first two steps of the setup are straightforward, but the third step assumes the user already knows where the configuration file is stored. This missing explanation is the main reason the instructions feel more complicated than the process truly is.",,,,,,,,,,,,
ai-01--original-reference--qwen3-4b-incumbent,ai-01,ambiguity_non_invention,"The meeting did not go the way I expected. Something came up near the end, and we decided to revisit the issue next week.","The meeting did not go as I had expected. Towards the end, something arose, and we decided to revisit the issue next week.","The meeting did not go the way I expected. Something came up near the end, and we decided to revisit the issue next week.",,,,,,,,,,,,
ai-02--original-reference--qwen3-4b-incumbent,ai-02,ambiguity_non_invention,"The file disappeared sometime after lunch. I checked the shared folder and my downloads, but I still do not know whether it was moved, renamed, or deleted.","The file disappeared after lunch. I checked the shared folder and my downloads, but I still don't know if it was moved, renamed, or deleted.","The file disappeared sometime after lunch. I checked the shared folder and my downloads, but I still do not know whether it was moved, renamed, or deleted.",,,,,,,,,,,,
ai-03--original-reference--qwen3-4b-incumbent,ai-03,ambiguity_non_invention,"People have raised concerns about the new process, but the notes do not say how many people complained or which part of the process bothered them.","Concerns have been raised about the new process, but the notes do not specify how many people complained or which aspect of the process was problematic.","People have raised concerns about the new process, but the notes do not say how many people complained or which part of the process bothered them.",,,,,,,,,,,,
ai-04--original-reference--qwen3-4b-incumbent,ai-04,ambiguity_non_invention,"The test failed after the configuration changed, but that timing alone does not prove the configuration caused the failure. No one has reproduced the problem yet.","The test failed after the configuration changed, but that timing alone does not prove the configuration caused the failure. No one has reproduced the problem yet.","The test failed after the configuration was changed, but the timing alone does not prove that the configuration caused the failure. No one has yet reproduced the problem.",,,,,,,,,,,,
ai-05--original-reference--qwen3-4b-incumbent,ai-05,ambiguity_non_invention,"The instructor said my explanation needs more support. I am not sure whether she wants another source, a better example, or a clearer connection to the evidence I already used.","The instructor said my explanation needs more support. I'm not sure whether she wants another source, a better example, or a clearer connection to the evidence I already used.","The instructor said my explanation needs more support. I am not sure whether she wants another source, a better example, or a clearer connection to the evidence I already used.",,,,,,,,,,,,
ai-06--original-reference--qwen3-4b-incumbent,ai-06,ambiguity_non_invention,The package arrived with damage on one corner. I cannot tell whether the item inside is damaged because I have not opened the box yet.,The package arrived with damage on one corner. I cannot tell whether the item inside is damaged because I have not opened the box yet.,The package arrived with damage on one corner. I cannot determine if the item inside is damaged because I have not yet opened the box.,,,,,,,,,,,,
me-01--original-reference--qwen35-4b-control,me-01,meaning_equivalence,"I started using the new study schedule about two weeks ago. It has not made studying easier, but I waste less time deciding what to work on, which is why I plan to keep using it.","I began using the new study schedule about two weeks ago. But it hasn't made studying easier, it has reduced the time I spend deciding what to work on, which is why I plan to continue using it.","I started using the new study schedule about two weeks ago. It has not made studying easier, but I waste less time deciding what to work on, which is why I plan to keep using it.",,,,,,,,,,,,
me-02--original-reference--qwen35-4b-control,me-02,meaning_equivalence,"The update looks smaller than the previous release because most of the changes are behind the scenes. The interface barely changed, but loading large files is noticeably faster on my laptop.","The update appears smaller than the previous release because most of the changes are behind the scenes. But the interface barely changed, loading large files are noticeably faster on my laptop.","The update looks smaller than the previous release because most of the changes are behind the scenes. The interface barely changed, but loading large files is noticeably faster on my laptop.",,,,,,,,,,,,
me-03--original-reference--qwen35-4b-control,me-03,meaning_equivalence,"I liked the presentation overall even though the first section dragged a little. Once the examples started, the argument became much easier to follow and the final recommendation made sense.","I liked the presentation overall even though the first section dragged a little. Once the examples started, the argument became much easier to follow and the final recommendation made sense.","I liked the presentation overall, even though the first section dragged a bit. Once the examples began, the argument became much easier to follow, and the final recommendation made sense.",,,,,,,,,,,,
me-04--original-reference--qwen35-4b-control,me-04,meaning_equivalence,The class is not difficult because of the amount of reading. The harder part is keeping track of several small assignments that are due on different days each week.,The class is not difficult because of the amount of reading. The harder part is keeping track of several small assignments that are due on different days each week.,The class isn't difficult because of the amount of reading; the real challenge is keeping track of several small assignments that is due on different days each week.,,,,,,,,,,,,
me-05--original-reference--qwen35-4b-control,me-05,meaning_equivalence,"My first draft was longer, but it was not actually more detailed. I had repeated the same point in several ways, so cutting those sentences made the explanation clearer without removing evidence.","My first draft was longer, but it was not actually more detailed. I had repeated the same point in several ways, so cutting those sentences made the explanation clearer without removing evidence.","My first draft was longer, though not necessarily more detailed. Because I had repeated the same point in several ways, cutting those redundant sentences made the explanation clearer without removing any evidence.",,,,,,,,,,,,
me-06--original-reference--qwen35-4b-control,me-06,meaning_equivalence,"The professor did not say the proposal was wrong. She said the main idea was promising, but the evidence was too limited to support the conclusion yet.","The professor did not say the proposal was wrong. She said the main idea was promising, but the evidence was too limited to support the conclusion yet.","The professor did not say the proposal was wrong; rather, she noted that while the main idea was promising, the evidence was too limited to support the conclusion at this time.",,,,,,,,,,,,
co-01--original-reference--qwen35-4b-control,co-01,cohesion_known_new,The biology lab introduced a new microscope camera last week. The camera can save images directly to the lab computers. Those saved images make it easier for students to compare samples after class.,The biology lab introduced a new microscope camera last week. The camera can save images directly to the lab computers. Those saved images make it easier for students to compare samples after class.,"Last week, the biology lab introduced a new microscope camera that saves images directly to the lab computers, making it easier for students to compare samples after class.",,,,,,,,,,,,
co-02--original-reference--qwen35-4b-control,co-02,cohesion_known_new,"The team found three duplicate records during the audit. Those duplicates came from an old import script. The script had been retired months ago, but its records were still present in the database.","During the audit, the team discovered three duplicate records that originated from an old import script. Although the script had been retired months ago, its data remained in the database.","The team found three duplicate records during the audit. Those duplicates came from an old import script. The script had been retired months ago, but its records were still present in the database.",,,,,,,,,,,,
co-03--original-reference--qwen35-4b-control,co-03,cohesion_known_new,"A late shipment delayed the first test run. Because the test started late, the team had only one afternoon to review the results. That shorter review period is why several minor issues were not caught until the next day.","A late shipment delayed the first test run. Because the test started late, the team had only one afternoon to review the results. That shorter review period is why several minor issues were not caught until the next day.","A late shipment was delayed the first test run, leaving the team with only one afternoon to review the results. Consequently, several minor issues were not identified until the following day.",,,,,,,,,,,,
co-04--original-reference--qwen35-4b-control,co-04,cohesion_known_new,"The survey showed that students wanted more evening tutoring. That preference was strongest among students who work during the day. Their schedules make daytime appointments difficult, so the department is considering a later tutoring block.","The survey revealed that students expressed a desire for more evening tutoring, with this preference being particularly strong among those who work during the day. Since their schedules make daytime appointments difficult, the department is currently considering offering a later tutoring block.","The survey showed that students wanted more evening tutoring. That preference was strongest among students who work during the day. Their schedules make daytime appointments difficult, so the department is considering a later tutoring block.",,,,,,,,,,,,
co-05--original-reference--qwen35-4b-control,co-05,cohesion_known_new,"The app stores approved examples in a local file. That file is loaded when the app starts and provides a small set of writing preferences. Those preferences can change ranking, but they do not override the safety checks.","The app stores approved examples in a local file, which is loaded when the app starts to provide a small set of writing preferences. While these preferences can influence ranking, they do not override safety checks.","The app stores approved examples in a local file. That file is loaded when the app starts and provides a small set of writing preferences. Those preferences can change ranking, but they do not override the safety checks.",,,,,,,,,,,,
co-06--original-reference--qwen35-4b-control,co-06,cohesion_known_new,"The first experiment used a smaller sample than planned. The smaller sample reduced the amount of data available for comparison. That limitation does not invalidate the experiment, but it makes the result less certain.","The first experiment used a smaller sample than planned. The smaller sample reduced the amount of data available for comparison. That limitation does not invalidate the experiment, but it makes the result less certain.","The first experiment utilized a smaller sample size than originally planned, which reduced the amount of data available for comparison. While this limitation does not invalidate the experiment, it does make the results less certain.",,,,,,,,,,,,
lr-01--original-reference--qwen35-4b-control,lr-01,logical_relations,"The printer was working in the morning, but it stopped after the network settings were changed. Because the other printers stayed online, the technician thinks the problem is local to that machine rather than the whole network.","The printer was functioning in the morning but stopped after network settings were changed. Since the other printers remained online, the technician believes the issue is specific to that machine rather than affecting the entire network.","The printer was working in the morning, but it stopped after the network settings were changed. Because the other printers stayed online, the technician thinks the problem is local to that machine rather than the whole network.",,,,,,,,,,,,
lr-02--original-reference--qwen35-4b-control,lr-02,logical_relations,"If the weather stays clear, the field work will begin Thursday. If it rains, the team will use Thursday for equipment checks instead and move the field work to Friday.","If the weather stays clear, the field work will begin Thursday. If it rains, the team will use Thursday for equipment checks instead and move the field work to Friday.","If the weather remains clear, field work will begin on Thursday; however, if it rains, the team will use Thursday for equipment checks and move the field work to Friday.",,,,,,,,,,,,
lr-03--original-reference--qwen35-4b-control,lr-03,logical_relations,"The new process takes one extra step at the beginning, yet it usually saves time later because fewer requests are returned for missing information.","The new process takes one extra step at the beginning, yet it usually saves time later because fewer requests are returned for missing information.","The new process includes one additional step at the beginning, because it typically saves time later by reducing the number of requests that need to be returned for missing information.",,,,,,,,,,,,
lr-04--original-reference--qwen35-4b-control,lr-04,logical_relations,Maya finished the data cleanup before Jordan ran the analysis. That order matters because the earlier version of the dataset still contained duplicate rows.,Maya finished the data cleanup before Jordan ran the analysis. That order matters because the earlier version of the dataset still contained duplicate rows.,"Maya completed the data cleanup before Jordan ran the analysis, as the earlier version of the dataset still contained duplicate rows.",,,,,,,,,,,,
lr-05--original-reference--qwen35-4b-control,lr-05,logical_relations,"Although the pilot did not reach its enrollment target, the participants who completed it reported fewer scheduling conflicts. The department therefore wants another trial before deciding whether to expand the program.","Although the pilot did not meet its enrollment target, participants who completed it reported fewer scheduling conflicts, prompting the department to conduct another trial before deciding whether to expand the program.","Although the pilot did not reach its enrollment target, the participants who completed it reported fewer scheduling conflicts. The department therefore wants another trial before deciding whether to expand the program.",,,,,,,,,,,,
lr-06--original-reference--qwen35-4b-control,lr-06,logical_relations,"The first draft explains what happened, whereas the second draft explains why it happened. Both are accurate, but the second is more useful for the report because the assignment asks for analysis rather than summary.","The first draft explains what happened, whereas the second draft explains why it happened. Both are accurate, but the second is more useful for the report because the assignment asks for analysis rather than summary.","The first draft describes what happened, while the second explains why it happened. Because both are accurate, the second is more suitable for the report because the assignment requires analysis rather than a summary.",,,,,,,,,,,,
rc-01--original-reference--qwen35-4b-control,rc-01,reference_coreference,"Nina sent Priya the revised chart after Priya noticed the labeling error. She had already fixed the colors, so the only remaining change was the axis label.","After Priya noticed a labeling error, Nina sent her the revised chart. She had already corrected the colors, so the only remaining change was updating the axis label.","Nina sent Priya the revised chart after Priya noticed the labeling error. She had already fixed the colors, so the only remaining change was the axis label.",,,,,,,,,,,,
rc-02--original-reference--qwen35-4b-control,rc-02,reference_coreference,The advisor told the student that the registrar had not received the form. The student emailed the registrar that afternoon and learned that the attachment had been blocked by the mail system.,The advisor told the student that the registrar had not received the form. The student emailed the registrar that afternoon and learned that the attachment had been blocked by the mail system.,"The advisor informed the student that the registrar had not received the form. Later that afternoon, the student emailed the registrar and discovered that the attachment had been blocked by the mail system.",,,,,,,,,,,,
rc-03--original-reference--qwen35-4b-control,rc-03,reference_coreference,"The battery warning appeared after the laptop was connected to the dock. Removing the dock made the warning disappear, which suggests the dock or its power adapter may be involved.","The battery warning appeared after the laptop was connected to the dock. Removing the dock made the warning disappear, which suggests the dock or its power adapter may be involved.","The battery warning appeared after connecting the laptop to the dock, and removing the dock caused the warning to disappear, suggesting that the dock or its power adapter may be the source of the issue.",,,,,,,,,,,,
rc-04--original-reference--qwen35-4b-control,rc-04,reference_coreference,"Ava reviewed Liam's notes before he submitted the report. She corrected two dates in the notes, but he chose not to change the wording of the report itself.","Ava reviewed Liam's notes before he submitted the report. She corrected two dates in the notes, but he chose not to change the wording of the report itself.","Ava reviewed Liam's notes before he submitted the report, correcting two dates, but he decided not to change the report's wording.",,,,,,,,,,,,
rc-05--original-reference--qwen35-4b-control,rc-05,reference_coreference,"The first server sends logs to the backup server every hour. If it stops responding, the backup keeps the most recent copy but does not automatically become the primary server.","The primary server sends logs to the backup server every hour; however, if the primary server stops responding, the backup retains the most recent copy without automatically assuming the primary role.","The first server sends logs to the backup server every hour. If it stops responding, the backup keeps the most recent copy but does not automatically become the primary server.",,,,,,,,,,,,
rc-06--original-reference--qwen35-4b-control,rc-06,reference_coreference,The committee asked the vendor to revise the estimate because its labor total did not match the hours listed in the proposal. The vendor agreed to check the calculation before the next meeting.,The committee asked the vendor to revise the estimate because its labor total did not match the hours listed in the proposal. The vendor agreed to check the calculation before the next meeting.,The committee requested that the vendor revise its estimate because the labor total did not align with the hours listed in the proposal. The vendor agreed to verify the calculation before the next meeting.,,,,,,,,,,,,
mp-01--original-reference--qwen35-4b-control,mp-01,modality_negation_precision,"The change might reduce startup time, but we do not have enough measurements to say that it definitely does. For now, the result should be treated as promising rather than conclusive.","The change might reduce startup time, but we do not have enough measurements to say that it definitely does. For now, the result should be treated as promising rather than conclusive.","While the change might reduce startup time, we lack sufficient measurements to confirm this definitively; therefore, the result should currently be viewed as promising rather than conclusive.",,,,,,,,,,,,
mp-02--original-reference--qwen35-4b-control,mp-02,modality_negation_precision,"I would prefer to take the morning section, although I can attend the afternoon section if the morning one is full. I am not asking to be moved unless a seat is actually available.","I would prefer to take the morning section, though I am available to attend the afternoon section if the morning one is full. I am not requesting to be moved unless a seat is actually available.","I would prefer to take the morning section, although I can attend the afternoon section if the morning one is full. I am not asking to be moved unless a seat is actually available.",,,,,,,,,,,,
mp-03--original-reference--qwen35-4b-control,mp-03,modality_negation_precision,"The sensor can detect a temperature change, but it cannot tell us what caused that change. A sudden increase could come from the heater, direct sunlight, or another source.","The sensor can detect a temperature change, but it cannot determine the cause. A sudden increase could result from the heater, direct sunlight, or another source.","The sensor can detect a temperature change, but it cannot tell us what caused that change. A sudden increase could come from the heater, direct sunlight, or another source.",,,,,,,,,,,,
mp-04--original-reference--qwen35-4b-control,mp-04,modality_negation_precision,The policy says employees should report suspected errors; it does not say they must prove an error occurred before reporting it.,The policy says employees should report suspected errors; it does not say they must prove an error occurred before reporting it.,"The policy requires employees to report suspected errors, but it does not mandate that they prove an error has occurred before making a report.",,,,,,,,,,,,
mp-05--original-reference--qwen35-4b-control,mp-05,modality_negation_precision,"There is no evidence that the file was deleted intentionally. It may have been removed during cleanup, but the logs are incomplete, so that explanation is only a possibility.","There is no evidence that the file was deleted intentionally; while it may have been removed during cleanup, the incomplete logs mean this remains only a possibility.","There is no evidence that the file was deleted intentionally. It may have been removed during cleanup, but the logs are incomplete, so that explanation is only a possibility.",,,,,,,,,,,,
mp-06--original-reference--qwen35-4b-control,mp-06,modality_negation_precision,"The medication is expected to help most patients, but it does not guarantee that every patient will improve. Anyone with questions should speak with a clinician rather than changing the dose on their own.","The medication is expected to help most patients, though it does not guarantee improvement for everyone. Anyone with questions should consult a clinician rather than adjusting the dose on their own.","The medication is expected to help most patients, but it does not guarantee that every patient will improve. Anyone with questions should speak with a clinician rather than changing the dose on their own.",,,,,,,,,,,,
fa-01--original-reference--qwen35-4b-control,fa-01,factual_anchors,"On September 14, 2026, Maya Chen paid $184.75 for the replacement part. The receipt says the part can be returned within 30 days if it has not been installed.","On September 14, 2026, Maya Chen paid $184.75 for a replacement part. According to the receipt, the part is eligible for return within 30 days, if it has not been installed.","On September 14, 2026, Maya Chen paid $184.75 for the replacement part. The receipt says the part can be returned within 30 days if it has not been installed.",,,,,,,,,,,,
fa-02--original-reference--qwen35-4b-control,fa-02,factual_anchors,The lab recorded a pH of 6.4 before treatment and 7.1 afterward. The report calls the change 'modest but consistent' across the five samples.,"The lab recorded a pH of 6.4 before treatment and 7.1 afterward; the report describes this change as ""modest but consistent"" across the five samples.",The lab recorded a pH of 6.4 before treatment and 7.1 afterward. The report calls the change 'modest but consistent' across the five samples.,,,,,,,,,,,,
fa-03--original-reference--qwen35-4b-control,fa-03,factual_anchors,"Jordan Lee emailed the draft to review@example.org at 3:40 p.m. The subject line was 'Budget revision v2,' and the attachment was 2.8 MB.","Jordan Lee emailed the draft to review@example.org at 3:40 p.m. The subject line was 'Budget revision v2,' and the attachment was 2.8 MB.","Jordan Lee emailed the draft to review@example.org at 3:40 p.m., with the subject line ""Budget revision v2"" and a 2.8 MB attachment.",,,,,,,,,,,,
fa-04--original-reference--qwen35-4b-control,fa-04,factual_anchors,"Section 4.2 requires a backup every 12 hours, not once per day. The exception applies only to systems that are offline for maintenance.","Section 4.2 requires a backup every 12 hours, not once per day. The exception applies only to systems that are offline for maintenance.","Section 4.2 requires a backup every 12 hours, not once per day; however, this exception applies only to systems that is offline for maintenance.",,,,,,,,,,,,
fa-05--original-reference--qwen35-4b-control,fa-05,factual_anchors,"The shipment contained 18 blue units and 7 gray units. Two blue units were damaged, so the usable total was 23 units.","The shipment contained 18 blue units and 7 gray units. Two blue units were damaged, so the usable total was 23 units.","The shipment included 18 blue units and 7 gray units. After two blue units were damaged, the total number of usable units were 23.",,,,,,,,,,,,
fa-06--original-reference--qwen35-4b-control,fa-06,factual_anchors,"The study ran from January through March 2026 and included 126 participants. Of those participants, 54 completed both follow-up surveys.","The study ran from January through March 2026 and included 126 participants, of whom 54 completed both follow-up surveys.","The study ran from January through March 2026 and included 126 participants. Of those participants, 54 completed both follow-up surveys.",,,,,,,,,,,,
gm-01--original-reference--qwen35-4b-control,gm-01,grammar_minimal_edit,The results was surprising because each of the samples were collected under the same conditions. I don't think the difference come from the equipment.,The results was surprising because each of the samples were collected under the same conditions. I don't think the difference come from the equipment.,The results were surprising because each sample was collected under the same conditions. I do not believe the differences stem from the equipment.,,,,,,,,,,,,
gm-02--original-reference--qwen35-4b-control,gm-02,grammar_minimal_edit,"She has went to the tutoring center twice this week, and both visits has helped her understand the material better.","She has went to the tutoring center twice this week, and both visits has helped her understand the material better.","She has visited the tutoring center twice this week, and both trips have helped her understand the material better.",,,,,,,,,,,,
gm-03--original-reference--qwen35-4b-control,gm-03,grammar_minimal_edit,"There is several reasons the schedule need to change, but the main one are that the current times conflict with lab.","There are several reasons the schedule needs to change, but the main one is that the current times conflict with the lab.","There is several reasons the schedule need to change, but the main one are that the current times conflict with lab.",,,,,,,,,,,,
gm-04--original-reference--qwen35-4b-control,gm-04,grammar_minimal_edit,The advisor suggested me to wait until the final grade posts before I submit a new request.,The advisor suggested that I wait until the final grades are posted before submitting a new request.,The advisor suggested me to wait until the final grade posts before I submit a new request.,,,,,,,,,,,,
gm-05--original-reference--qwen35-4b-control,gm-05,grammar_minimal_edit,Neither the new instructions nor the example explain what happens if a student submit the form late.,Neither the new instructions nor the example explain what happens if a student submit the form late.,Neither the new instructions nor the example clarify what happens if a student submits the form is late.,,,,,,,,,,,,
gm-06--original-reference--qwen35-4b-control,gm-06,grammar_minimal_edit,"I was planning on finishing it yesterday, but the files I needed wasn't available until this morning.","I was planning to finish it yesterday, but the files I needed weren't available until this morning.","I was planning on finishing it yesterday, but the files I needed wasn't available until this morning.",,,,,,,,,,,,
ss-01--original-reference--qwen35-4b-control,ss-01,sentence_structure,The deadline moved to Friday. Because the vendor sent the corrected estimate late. Which gave the team less time to review the numbers.,The deadline moved to Friday. Because the vendor sent the corrected estimate late. Which gave the team less time to review the numbers.,"The deadline was moved to Friday because the vendor sent the corrected estimate late, which left the team with less time to review the numbers.",,,,,,,,,,,,
ss-02--original-reference--qwen35-4b-control,ss-02,sentence_structure,I opened the dashboard the totals looked wrong I refreshed the page nothing changed so I checked the raw file and found two duplicated rows.,I opened the dashboard the totals looked wrong I refreshed the page nothing changed so I checked the raw file and found two duplicated rows.,"I opened the dashboard, but the totals looked wrong; after refreshing the page, nothing changed. Upon checking the raw file, I found two duplicated rows.",,,,,,,,,,,,
ss-03--original-reference--qwen35-4b-control,ss-03,sentence_structure,"After reviewing the application, the missing transcript was obvious to the advisor. The student had uploaded the other documents correctly.","After reviewing the application, the missing transcript was obvious to the advisor. The student had uploaded the other documents correctly.","After reviewing the application, the advisor immediately noticed the missing transcript, noting that the student had correctly uploaded all other documents.",,,,,,,,,,,,
ss-04--original-reference--qwen35-4b-control,ss-04,sentence_structure,"The internship requires writing weekly summaries, to attend a Friday meeting, and completing one final presentation.","The internship requires writing weekly summaries, to attend a Friday meeting, and completing one final presentation.","The internship requires writing weekly summaries, attending a Friday meeting, and completing one final presentation.",,,,,,,,,,,,
ss-05--original-reference--qwen35-4b-control,ss-05,sentence_structure,"The first meeting was scheduled for Monday, but two people could not attend, and then it moved to Wednesday, and the room was unavailable, so now it is Thursday afternoon.","The first meeting was scheduled for Monday, but with two people unable to attend; it was rescheduled to Wednesday. However, since the room was unavailable, the meeting has now been moved to Thursday afternoon.","The first meeting was scheduled for Monday, but two people could not attend, and then it moved to Wednesday, and the room was unavailable, so now it is Thursday afternoon.",,,,,,,,,,,,
ss-06--original-reference--qwen35-4b-control,ss-06,sentence_structure,The report includes the survey results. Along with a short explanation of the sampling method and why the response rate matters.,The report includes the survey results. Along with a short explanation of the sampling method and why the response rate matters.,"The report includes the survey results, along with a brief explanation of the sampling method and why the response rate matters.",,,,,,,,,,,,
lc-01--original-reference--qwen35-4b-control,lc-01,lexical_collocation,The new checklist made a strong improvement in how consistently the team records equipment problems. People are now more likely to include the exact error message instead of a general description.,The new checklist has significantly improved the team's consistency in recording equipment problems. People are now more likely to include the exact error message rather than providing a general description.,The new checklist made a strong improvement in how consistently the team records equipment problems. People are now more likely to include the exact error message instead of a general description.,,,,,,,,,,,,
lc-02--original-reference--qwen35-4b-control,lc-02,lexical_collocation,"The professor gave a heavy warning that late submissions would receive a penalty. The warning was clear, but the exact size of the penalty was not listed.","The professor gave a heavy warning that late submissions would receive a penalty. The warning was clear, but the exact size of the penalty was not listed.","The professor issued a stern warning that late submissions would incur a penalty, though the exact amount was not specified.",,,,,,,,,,,,
lc-03--original-reference--qwen35-4b-control,lc-03,lexical_collocation,The software performed a decision to close the connection after three failed attempts. That behavior prevents the client from waiting forever for a response.,"The software automatically closes the connection after three failed attempts, preventing the client from waiting indefinitely for a response.",The software performed a decision to close the connection after three failed attempts. That behavior prevents the client from waiting forever for a response.,,,,,,,,,,,,
lc-04--original-reference--qwen35-4b-control,lc-04,lexical_collocation,"The survey received a large interest from first-year students, especially those looking for evening sections. Interest from returning students was more moderate.","The survey received a large interest from first-year students, especially those looking for evening sections. Interest from returning students was more moderate.","The survey garnered significant interest from first-year students, particularly those seeking evening sections, while interest from returning students were more moderate.",,,,,,,,,,,,
lc-05--original-reference--qwen35-4b-control,lc-05,lexical_collocation,The team made an investigation into why the request failed and discovered that the token had expired. Renewing the token solved the problem immediately.,The team investigated the failed request and discovered that the token had expired; renewing it resolved the issue immediately.,The team made an investigation into why the request failed and discovered that the token had expired. Renewing the token solved the problem immediately.,,,,,,,,,,,,
lc-06--original-reference--qwen35-4b-control,lc-06,lexical_collocation,"The explanation is technically correct, but the wording feels unusually bookish for a short message to classmates. I want it to sound normal without making it childish.","The explanation is technically correct, but the wording feels unusually formal for a quick message to classmates. I'd like it to sound natural without sounding childish.","The explanation is technically correct, but the wording feels unusually bookish for a short message to classmates. I want it to sound normal without making it childish.",,,,,,,,,,,,
rt-01--original-reference--qwen35-4b-control,rt-01,register_tone,"hey, just checking if friday at 3 still works for you. if not no worries, i can do later that afternoon too.","Hey, just checking to see if Friday at 3 still works for you. If not, no worries—I can if do something later that afternoon.","hey, just checking if friday at 3 still works for you. if not no worries, i can do later that afternoon too.",,,,,,,,,,,,
rt-02--original-reference--qwen35-4b-control,rt-02,register_tone,"The whole signup process was honestly kind of a mess, but the staff member who helped me was great and got it sorted out pretty fast.","The signup process was honestly quite chaotic, but the staff member who assisted me was excellent and got it sorted out pretty quickly.","The whole signup process was honestly kind of a mess, but the staff member who helped me was great and got it sorted out pretty fast.",,,,,,,,,,,,
rt-03--original-reference--qwen35-4b-control,rt-03,register_tone,"I am writing to ask whether it would be possible to take the exam earlier that day. I have a required lab immediately afterward, so an earlier time would help me avoid a conflict.","I am writing to ask whether it would be possible to take the exam earlier that day. I have a required lab immediately afterward, so an earlier time would help me avoid a conflict.","I am writing to inquire whether it would be possible to schedule the exam earlier on that day. Since I have a required lab immediately following it, an earlier time would help me avoid a scheduling conflict.",,,,,,,,,,,,
rt-04--original-reference--qwen35-4b-control,rt-04,register_tone,"ngl I thought the tutorial was gonna be useless, but it actually explained the one part I kept getting wrong. I still would not watch the whole thing again.","ngl I thought the tutorial was gonna be useless, but it actually explained the one part I kept getting wrong. I still would not watch the whole thing again.","I initially thought the tutorial would be useless, but it actually clarified the one part I kept getting wrong. However, I still wouldn't watch it all over again.",,,,,,,,,,,,
rt-05--original-reference--qwen35-4b-control,rt-05,register_tone,"The proposal is solid overall, but the budget section feels a little shaky because several costs are estimates instead of quotes. I would double-check those numbers before sending it.","The proposal is solid overall, but the budget section feels a bit shaky because several costs are estimates rather than quotes. I recommend double-checking those numbers before sending it.","The proposal is solid overall, but the budget section feels a little shaky because several costs are estimates instead of quotes. I would double-check those numbers before sending it.",,,,,,,,,,,,
rt-06--original-reference--qwen35-4b-control,rt-06,register_tone,"I appreciate the quick response. I am still confused about whether the form goes back to your office or directly to the testing center, so I want to make sure I send it to the right place.","I appreciate the quick response. I'm still unsure whether the form should be returned to your office or sent directly to the testing center, so I want to ensure I send it to the correct location.","I appreciate the quick response. I am still confused about whether the form goes back to your office or directly to the testing center, so I want to make sure I send it to the right place.",,,,,,,,,,,,
pu-01--original-reference--qwen35-4b-control,pu-01,paragraph_unity_redundancy,The main benefit of the new form is that it asks for all required information in one place. That is useful because people no longer have to send a second email with missing details. The form is beneficial because it reduces the need for follow-up messages about information that was left out.,"The primary advantage of the new form is that it collects all required information in a single location. This is particularly useful, because people no longer have to send a second email with missing details because, the form reduces the necessity for follow-up messages regarding omitted information.",The main benefit of the new form is that it asks for all required information in one place. That is useful because people no longer have to send a second email with missing details. The form is beneficial because it reduces the need for follow-up messages about information that was left out.,,,,,,,,,,,,
pu-02--original-reference--qwen35-4b-control,pu-02,paragraph_unity_redundancy,"The lab report should explain why the result matters, not only list the measurements. The measurements still need to be included because they support the explanation. A good report connects the data to the conclusion instead of treating them as separate pieces.","The lab report should explain why the results matter, not merely list the measurements. Because, the measurements must still be included, as they support the explanation. A good report connects the data to the conclusion rather than treating them as separate elements.","The lab report should explain why the result matters, not only list the measurements. The measurements still need to be included because they support the explanation. A good report connects the data to the conclusion instead of treating them as separate pieces.",,,,,,,,,,,,
pu-03--original-reference--qwen35-4b-control,pu-03,paragraph_unity_redundancy,I use the calendar mostly to avoid missing small deadlines. It also helps me see when several assignments pile up in the same week. I like dark mode in most apps because bright screens bother me at night.,I use the calendar mostly to avoid missing small deadlines. It also helps me see when several assignments pile up in the same week. I like dark mode in most apps because bright screens bother me at night.,"I use the calendar primarily to avoid missing small deadlines, though it also helps me spot when several assignments pile up in the same week. I prefer dark mode in most apps because bright screens bother me at night.",,,,,,,,,,,,
pu-04--original-reference--qwen35-4b-control,pu-04,paragraph_unity_redundancy,"The update reduced the time needed to open large projects. Startup is faster now, and opening a large project takes less time than before. The improvement is most noticeable on projects with many files.","The update reduced the time needed to open large projects. Startup is faster now, and opening a large project takes less time than before. The improvement is most noticeable on projects with many files.","The update has reduced the time required to open large projects. Startup is now faster, and opening a large project takes less time than before. This improvement is most noticeable on projects containing most files.",,,,,,,,,,,,
pu-05--original-reference--qwen35-4b-control,pu-05,paragraph_unity_redundancy,The discussion board was more useful once people started responding to specific points instead of posting generic agreement. Those specific replies gave the original writer something concrete to answer. That made the conversation feel more like an actual discussion.,The discussion board was more useful once people started responding to specific points instead of posting generic agreement. Those specific replies gave the original writer something concrete to answer. That made the conversation feel more like an actual discussion.,"The discussion board became more useful once participants began responding to specific points rather than posting generic agreement. These targeted replies provided the original writer with concrete material to address, transforming the exchange into a genuine discussion.",,,,,,,,,,,,
pu-06--original-reference--qwen35-4b-control,pu-06,paragraph_unity_redundancy,"The first two steps of the setup are simple, but the third step assumes the user already knows where the configuration file is stored. That missing explanation is the main reason the instructions feel harder than the process actually is.","The first two setup steps are straightforward, but the third assumes the user already knows where the configuration file is stored. This lack of explanation is the primary reason the instructions feel more difficult than the process actually is.","The first two steps of the setup are simple, but the third step assumes the user already knows where the configuration file is stored. That missing explanation is the main reason the instructions feel harder than the process actually is.",,,,,,,,,,,,
ai-01--original-reference--qwen35-4b-control,ai-01,ambiguity_non_invention,"The meeting did not go the way I expected. Something came up near the end, and we decided to revisit the issue next week.","The meeting didn't go as I expected. Something came up near the end, so we decided to revisit the issue next week.","The meeting did not go the way I expected. Something came up near the end, and we decided to revisit the issue next week.",,,,,,,,,,,,
ai-02--original-reference--qwen35-4b-control,ai-02,ambiguity_non_invention,"The file disappeared sometime after lunch. I checked the shared folder and my downloads, but I still do not know whether it was moved, renamed, or deleted.","The file disappeared sometime after lunch. I checked the shared folder and my downloads, but I still do not know whether it was moved, renamed, or deleted.","The file disappeared sometime after lunch. Although I checked both the shared folder and my downloads, I still do not know whether it was moved, renamed, or deleted.",,,,,,,,,,,,
ai-03--original-reference--qwen35-4b-control,ai-03,ambiguity_non_invention,"People have raised concerns about the new process, but the notes do not say how many people complained or which part of the process bothered them.","People have raised concerns about the new process, but the notes do not say how many people complained or which part of the process bothered them.","People have raised concerns about the new process, but the notes do not specify how many people complained or which aspects of the process were most problematic.",,,,,,,,,,,,
ai-04--original-reference--qwen35-4b-control,ai-04,ambiguity_non_invention,"The test failed after the configuration changed, but that timing alone does not prove the configuration caused the failure. No one has reproduced the problem yet.","The test failed after the configuration changed, but the timing alone does not prove that the configuration caused the failure. Additionally, no one has yet reproduced the problem.","The test failed after the configuration changed, but that timing alone does not prove the configuration caused the failure. No one has reproduced the problem yet.",,,,,,,,,,,,
ai-05--original-reference--qwen35-4b-control,ai-05,ambiguity_non_invention,"The instructor said my explanation needs more support. I am not sure whether she wants another source, a better example, or a clearer connection to the evidence I already used.","The instructor said my explanation needs more support. I am not sure whether she wants another source, a better example, or a clearer connection to the evidence I already used.","The instructor indicated that my explanation requires more support. I am unsure whether she is looking for an additional source, a better example, or a clearer connection to the evidence I have already used.",,,,,,,,,,,,
ai-06--original-reference--qwen35-4b-control,ai-06,ambiguity_non_invention,The package arrived with damage on one corner. I cannot tell whether the item inside is damaged because I have not opened the box yet.,The package arrived with damage on one corner. I cannot tell whether the item inside is damaged because I have not opened the box yet.,"The package arrived with a damaged corner, but I cannot determine if the item inside is also damaged since I have not opened the box yet.",,,,,,,,,,,,
me-01--original-reference--coedit-large-research,me-01,meaning_equivalence,"I started using the new study schedule about two weeks ago. It has not made studying easier, but I waste less time deciding what to work on, which is why I plan to keep using it.","About 2 weeks ago, I started using this new study plan, and it hasn't made studying easier, but I've been wasting less time deciding what to do. And that's why I'm going to keep using it.","I started using the new study schedule about two weeks ago. It has not made studying easier, but I waste less time deciding what to work on, which is why I plan to keep using it.",,,,,,,,,,,,
me-02--original-reference--coedit-large-research,me-02,meaning_equivalence,"The update looks smaller than the previous release because most of the changes are behind the scenes. The interface barely changed, but loading large files is noticeably faster on my laptop.","It's a bit smaller than the previous release, because most of the changes were made in the background. The interface hasn't changed much, but loading large files on my laptop is much faster.","The update looks smaller than the previous release because most of the changes are behind the scenes. The interface barely changed, but loading large files is noticeably faster on my laptop.",,,,,,,,,,,,
me-03--original-reference--coedit-large-research,me-03,meaning_equivalence,"I liked the presentation overall even though the first section dragged a little. Once the examples started, the argument became much easier to follow and the final recommendation made sense.","Even though the first part of the presentation was a bit long, the argument was much easier to understand when the examples began, and the final recommendation made sense to me.","I liked the presentation overall even though the first section dragged a little. Once the examples started, the argument became much easier to follow and the final recommendation made sense.",,,,,,,,,,,,
me-04--original-reference--coedit-large-research,me-04,meaning_equivalence,The class is not difficult because of the amount of reading. The harder part is keeping track of several small assignments that are due on different days each week.,"It's not difficult to read, but keeping track of a couple of small tasks that has to be done on different days in a week is more difficult.",The class is not difficult because of the amount of reading. The harder part is keeping track of several small assignments that are due on different days each week.,,,,,,,,,,,,
me-05--original-reference--coedit-large-research,me-05,meaning_equivalence,"My first draft was longer, but it was not actually more detailed. I had repeated the same point in several ways, so cutting those sentences made the explanation clearer without removing evidence.","I had written a longer first draft, but it wasn't really more detailed. I had repeated the same idea in a number of ways, so I cut those sentences down so that the explanation didn't lose any evidence.","My first draft was longer, but it was not actually more detailed. I had repeated the same point in several ways, so cutting those sentences made the explanation clearer without removing evidence.",,,,,,,,,,,,
me-06--original-reference--coedit-large-research,me-06,meaning_equivalence,"The professor did not say the proposal was wrong. She said the main idea was promising, but the evidence was too limited to support the conclusion yet.","The professor didn't say the proposal was wrong, she said the central idea was promising, but the evidence was too weak to support it.","The professor did not say the proposal was wrong. She said the main idea was promising, but the evidence was too limited to support the conclusion yet.",,,,,,,,,,,,
co-01--original-reference--coedit-large-research,co-01,cohesion_known_new,The biology lab introduced a new microscope camera last week. The camera can save images directly to the lab computers. Those saved images make it easier for students to compare samples after class.,The biology lab introduced a new microscope camera last week. The camera can save images directly to the lab computers. Those saved images make it easier for students to compare samples after class.,"Last week, a new microscope camera was installed in the biology lab, which makes it easier for students to compare their specimens after class.",,,,,,,,,,,,
co-02--original-reference--coedit-large-research,co-02,cohesion_known_new,"The team found three duplicate records during the audit. Those duplicates came from an old import script. The script had been retired months ago, but its records were still present in the database.","The audit team found three duplicate records in an old import script, which had been retired several months ago, but was still present in the database.","The team found three duplicate records during the audit. Those duplicates came from an old import script. The script had been retired months ago, but its records were still present in the database.",,,,,,,,,,,,
co-03--original-reference--coedit-large-research,co-03,cohesion_known_new,"A late shipment delayed the first test run. Because the test started late, the team had only one afternoon to review the results. That shorter review period is why several minor issues were not caught until the next day.","The first test had been was delayed by a late delivery, and the team had only one afternoon to examine the results, so that several minor faults had not been discovered until the next day.","A late shipment delayed the first test run. Because the test started late, the team had only one afternoon to review the results. That shorter review period is why several minor issues were not caught until the next day.",,,,,,,,,,,,
co-04--original-reference--coedit-large-research,co-04,cohesion_known_new,"The survey showed that students wanted more evening tutoring. That preference was strongest among students who work during the day. Their schedules make daytime appointments difficult, so the department is considering a later tutoring block.","The survey showed that students wanted more evening tutoring. That preference was strongest among students who work during the day. Their schedules make daytime appointments difficult, so the department is considering a later tutoring block.","Students who worked during the day were most interested in evening tutoring, and their schedules made daytime appointments difficult, so the department is planning a later tutoring block.",,,,,,,,,,,,
co-05--original-reference--coedit-large-research,co-05,cohesion_known_new,"The app stores approved examples in a local file. That file is loaded when the app starts and provides a small set of writing preferences. Those preferences can change ranking, but they do not override the safety checks.","The app stores approved examples in a local file. That file is loaded when the app starts and provides a small set of writing preferences. Those preferences can change ranking, but they do not override the safety checks.","The app stores approved examples in a local file, which is loaded when the app starts and provides a small set of writing preferences. The preferences can affect the ranking, but they do not override the safety checks.",,,,,,,,,,,,
co-06--original-reference--coedit-large-research,co-06,cohesion_known_new,"The first experiment used a smaller sample than planned. The smaller sample reduced the amount of data available for comparison. That limitation does not invalidate the experiment, but it makes the result less certain.","The first experiment used a smaller sample than planned, which reduced the number of data available for comparison. This limitation does not invalidate the experiment, but makes the result less certain.","The first experiment used a smaller sample than planned. The smaller sample reduced the amount of data available for comparison. That limitation does not invalidate the experiment, but it makes the result less certain.",,,,,,,,,,,,
lr-01--original-reference--coedit-large-research,lr-01,logical_relations,"The printer was working in the morning, but it stopped after the network settings were changed. Because the other printers stayed online, the technician thinks the problem is local to that machine rather than the whole network.","The printer was working in the morning, but it stopped after the network settings were changed. Because the other printers stayed online, the technician thinks the problem is local to that machine rather than the whole network.","The printer worked in the morning, but it stopped but the network settings were changed. Because the other printers were still online, the tech thinks the problem is with the printer in particular rather than the entire network.",,,,,,,,,,,,
lr-02--original-reference--coedit-large-research,lr-02,logical_relations,"If the weather stays clear, the field work will begin Thursday. If it rains, the team will use Thursday for equipment checks instead and move the field work to Friday.","If it's clear, the field work will start Thursday, but if it's raining, the team will use Thursday to check the equipment and move the field work to Friday.","If the weather stays clear, the field work will begin Thursday. If it rains, the team will use Thursday for equipment checks instead and move the field work to Friday.",,,,,,,,,,,,
lr-03--original-reference--coedit-large-research,lr-03,logical_relations,"The new process takes one extra step at the beginning, yet it usually saves time later because fewer requests are returned for missing information.","At first, a new procedure takes one more step, but it usually saves time in the long run because fewer requests for missing information are returned.","The new process takes one extra step at the beginning, yet it usually saves time later because fewer requests are returned for missing information.",,,,,,,,,,,,
lr-04--original-reference--coedit-large-research,lr-04,logical_relations,Maya finished the data cleanup before Jordan ran the analysis. That order matters because the earlier version of the dataset still contained duplicate rows.,"Before Jordan started the analysis, Maya had completed the data cleansing. This was important, since the earlier version of the data had duplicated rows.",Maya finished the data cleanup before Jordan ran the analysis. That order matters because the earlier version of the dataset still contained duplicate rows.,,,,,,,,,,,,
lr-05--original-reference--coedit-large-research,lr-05,logical_relations,"Although the pilot did not reach its enrollment target, the participants who completed it reported fewer scheduling conflicts. The department therefore wants another trial before deciding whether to expand the program.","Although the pilot did not reach its enrollment target, the participants who completed it reported fewer scheduling conflicts. The department therefore wants another trial before deciding whether to expand the program.","Although the pilot has not reached its enrollment target, the participants who have already completed it has reported a smaller number of scheduling conflicts, and the Department wishes to carry out another trial before deciding whether to extend the programme.",,,,,,,,,,,,
lr-06--original-reference--coedit-large-research,lr-06,logical_relations,"The first draft explains what happened, whereas the second draft explains why it happened. Both are accurate, but the second is more useful for the report because the assignment asks for analysis rather than summary.","The first draft explains what happened; the second draft explains why. Both are precise, but the second is more useful for the report because the assignment calls for analysis rather than summaries.","The first draft explains what happened, whereas the second draft explains why it happened. Both are accurate, but the second is more useful for the report because the assignment asks for analysis rather than summary.",,,,,,,,,,,,
rc-01--original-reference--coedit-large-research,rc-01,reference_coreference,"Nina sent Priya the revised chart after Priya noticed the labeling error. She had already fixed the colors, so the only remaining change was the axis label.","After Priya noticed the labeling mistake, Nina sent Priya the revised chart. She had already repaired the colors, so all that remained was the label for the axes.","Nina sent Priya the revised chart after Priya noticed the labeling error. She had already fixed the colors, so the only remaining change was the axis label.",,,,,,,,,,,,
rc-02--original-reference--coedit-large-research,rc-02,reference_coreference,The advisor told the student that the registrar had not received the form. The student emailed the registrar that afternoon and learned that the attachment had been blocked by the mail system.,The advisor told the student that the registrar had not received the form. The student emailed the registrar that afternoon and learned that the attachment had been blocked by the mail system.,The advisor informed the student that the form had not been received. The student emailed the registrar that afternoon and discovered that the attachment had been blocked by the mail system.,,,,,,,,,,,,
rc-03--original-reference--coedit-large-research,rc-03,reference_coreference,"The battery warning appeared after the laptop was connected to the dock. Removing the dock made the warning disappear, which suggests the dock or its power adapter may be involved.","When the laptop was connected to the dock, the battery warning disappeared when the dock was removed, suggesting the dock or its power adapter was involved.","The battery warning appeared after the laptop was connected to the dock. Removing the dock made the warning disappear, which suggests the dock or its power adapter may be involved.",,,,,,,,,,,,
rc-04--original-reference--coedit-large-research,rc-04,reference_coreference,"Ava reviewed Liam's notes before he submitted the report. She corrected two dates in the notes, but he chose not to change the wording of the report itself.","Before Liam submitted the report, Ava checked the notes and corrected two dates, but he did not change the wording of the report itself.","Ava reviewed Liam's notes before he submitted the report. She corrected two dates in the notes, but he chose not to change the wording of the report itself.",,,,,,,,,,,,
rc-05--original-reference--coedit-large-research,rc-05,reference_coreference,"The first server sends logs to the backup server every hour. If it stops responding, the backup keeps the most recent copy but does not automatically become the primary server.","The first server sends logs to the backup server every hour. If it stops responding, the backup keeps the most recent copy but does not automatically become the primary server.","Every hour, the primary server sends logs to the backup server. The backup server keeps the latest copy, but does not automatically become the primary server.",,,,,,,,,,,,
rc-06--original-reference--coedit-large-research,rc-06,reference_coreference,The committee asked the vendor to revise the estimate because its labor total did not match the hours listed in the proposal. The vendor agreed to check the calculation before the next meeting.,"The Committee requested the supplier to revise the estimate, because its labor total did not match the hours listed in the proposal The supplier agreed to verify the calculation before the next meeting.",The committee asked the vendor to revise the estimate because its labor total did not match the hours listed in the proposal. The vendor agreed to check the calculation before the next meeting.,,,,,,,,,,,,
mp-01--original-reference--coedit-large-research,mp-01,modality_negation_precision,"The change might reduce startup time, but we do not have enough measurements to say that it definitely does. For now, the result should be treated as promising rather than conclusive.","This change may reduce startup times, but we don't have enough measurements yet to see if this is definitely the case. Until then, it's best to consider this as a promising result rather than a definitive result.","The change might reduce startup time, but we do not have enough measurements to say that it definitely does. For now, the result should be treated as promising rather than conclusive.",,,,,,,,,,,,
mp-02--original-reference--coedit-large-research,mp-02,modality_negation_precision,"I would prefer to take the morning section, although I can attend the afternoon section if the morning one is full. I am not asking to be moved unless a seat is actually available.","I would prefer to take the morning section, although I can attend the afternoon section if the morning one is full. I am not asking to be moved unless a seat is actually available.","I'd rather go to the morning part, but if the afternoon part is full, I'll take the afternoon part. I don't want to be moved unless there's a seat available.",,,,,,,,,,,,
mp-03--original-reference--coedit-large-research,mp-03,modality_negation_precision,"The sensor can detect a temperature change, but it cannot tell us what caused that change. A sudden increase could come from the heater, direct sunlight, or another source.","The sensor can detect a change in temperature, but it cannot tell us what caused it. A sudden increase in temperature may be caused by a heat pump, direct sunlight or another source.","The sensor can detect a temperature change, but it cannot tell us what caused that change. A sudden increase could come from the heater, direct sunlight, or another source.",,,,,,,,,,,,
mp-04--original-reference--coedit-large-research,mp-04,modality_negation_precision,The policy says employees should report suspected errors; it does not say they must prove an error occurred before reporting it.,The policy says employees should report suspected errors; it does not say they must prove an error occurred before reporting it.,It does not say that employees must prove an error has occurred before reporting it.,,,,,,,,,,,,
mp-05--original-reference--coedit-large-research,mp-05,modality_negation_precision,"There is no evidence that the file was deleted intentionally. It may have been removed during cleanup, but the logs are incomplete, so that explanation is only a possibility.","There is no evidence that the file was intentionally deleted. It might have been deleted during the cleaning, but the logs are incomplete, so it is only a possibility.","There is no evidence that the file was deleted intentionally. It may have been removed during cleanup, but the logs are incomplete, so that explanation is only a possibility.",,,,,,,,,,,,
mp-06--original-reference--coedit-large-research,mp-06,modality_negation_precision,"The medication is expected to help most patients, but it does not guarantee that every patient will improve. Anyone with questions should speak with a clinician rather than changing the dose on their own.","It is expected that most patients will benefit from this medicine, but it does not guarantee that all patients will improve. Patients who have questions should consult a doctor rather than change the dose alone.","The medication is expected to help most patients, but it does not guarantee that every patient will improve. Anyone with questions should speak with a clinician rather than changing the dose on their own.",,,,,,,,,,,,
fa-01--original-reference--coedit-large-research,fa-01,factual_anchors,"On September 14, 2026, Maya Chen paid $184.75 for the replacement part. The receipt says the part can be returned within 30 days if it has not been installed.","Maya Chen paid $184.75 for the replacement part on September 14, 2026, and the receipt said that the part could be returned within 30 days if it hadn't been installed.","On September 14, 2026, Maya Chen paid $184.75 for the replacement part. The receipt says the part can be returned within 30 days if it has not been installed.",,,,,,,,,,,,
fa-02--original-reference--coedit-large-research,fa-02,factual_anchors,The lab recorded a pH of 6.4 before treatment and 7.1 afterward. The report calls the change 'modest but consistent' across the five samples.,The lab recorded a pH of 6.4 before treatment and 7.1 afterward. The report calls the change 'modest but consistent' across the five samples.,"The laboratory recorded a pH of 6.4 before treatment and 7.1 afterward, which was referred to as 'modest but uniform' in all five specimens.",,,,,,,,,,,,
fa-03--original-reference--coedit-large-research,fa-03,factual_anchors,"Jordan Lee emailed the draft to review@example.org at 3:40 p.m. The subject line was 'Budget revision v2,' and the attachment was 2.8 MB.","Jordan Lee emailed the draft to review@example.org at 3:40 p.m. The subject line was 'Budget revision v2,' and the attachment was 2.8 MB.",At 3:40 p.m. Jordan Lee sent a draft to review@example.org under the heading 'Budget revision v2' and attached a 2.8 MB file.,,,,,,,,,,,,
fa-04--original-reference--coedit-large-research,fa-04,factual_anchors,"Section 4.2 requires a backup every 12 hours, not once per day. The exception applies only to systems that are offline for maintenance.","Section 4.2 requires a backup every 12 hours, not once per day. The exception applies only to systems that are offline for maintenance.",Only systems that is offline for maintenance are covered by Section 4.2.,,,,,,,,,,,,
fa-05--original-reference--coedit-large-research,fa-05,factual_anchors,"The shipment contained 18 blue units and 7 gray units. Two blue units were damaged, so the usable total was 23 units.","The shipment included 18 blue units and 7 gray units. Two blue units were damaged, so the total number of usable units were 23.","The shipment contained 18 blue units and 7 gray units. Two blue units were damaged, so the usable total was 23 units.",,,,,,,,,,,,
fa-06--original-reference--coedit-large-research,fa-06,factual_anchors,"The study ran from January through March 2026 and included 126 participants. Of those participants, 54 completed both follow-up surveys.",The study was carried out between January and March 2026 and 126 participants were involved and 54 completed both of the follow-up surveys.,"The study ran from January through March 2026 and included 126 participants. Of those participants, 54 completed both follow-up surveys.",,,,,,,,,,,,
gm-01--original-reference--coedit-large-research,gm-01,grammar_minimal_edit,The results was surprising because each of the samples were collected under the same conditions. I don't think the difference come from the equipment.,The results was surprising because each of the samples were collected under the same conditions. I don't think the difference come from the equipment.,"The results were astonished, since all the samples had been taken under identical conditions. I don't think the difference has anything to do with the equipment.",,,,,,,,,,,,
gm-02--original-reference--coedit-large-research,gm-02,grammar_minimal_edit,"She has went to the tutoring center twice this week, and both visits has helped her understand the material better.","She's been to the tutoring center twice this week, and both visits have made her understand the subject better.","She has went to the tutoring center twice this week, and both visits has helped her understand the material better.",,,,,,,,,,,,
gm-03--original-reference--coedit-large-research,gm-03,grammar_minimal_edit,"There is several reasons the schedule need to change, but the main one are that the current times conflict with lab.","There is several reasons the schedule need to change, but the main one are that the current times conflict with lab.","There's a lot of reasons to modify the program, but the main one's the fact that the present time clashes with the lab.",,,,,,,,,,,,
gm-04--original-reference--coedit-large-research,gm-04,grammar_minimal_edit,The advisor suggested me to wait until the final grade posts before I submit a new request.,I was advised to wait until my final grade was published before I submitted a new application.,The advisor suggested me to wait until the final grade posts before I submit a new request.,,,,,,,,,,,,
gm-05--original-reference--coedit-large-research,gm-05,grammar_minimal_edit,Neither the new instructions nor the example explain what happens if a student submit the form late.,Neither the new instructions nor the example explain what happens if a student submit the form late.,What happens if a student submits the form late does not appear in the new instructions nor in the example.,,,,,,,,,,,,
gm-06--original-reference--coedit-large-research,gm-06,grammar_minimal_edit,"I was planning on finishing it yesterday, but the files I needed wasn't available until this morning.","I planned to finish it yesterday, but the files I needed were not available until this morning.","I was planning on finishing it yesterday, but the files I needed wasn't available until this morning.",,,,,,,,,,,,
ss-01--original-reference--coedit-large-research,ss-01,sentence_structure,The deadline moved to Friday. Because the vendor sent the corrected estimate late. Which gave the team less time to review the numbers.,"The deadline had been moved to Friday, because the supplier had sent the corrected estimate late, which had given the group less time to examine the data.",The deadline moved to Friday. Because the vendor sent the corrected estimate late. Which gave the team less time to review the numbers.,,,,,,,,,,,,
ss-02--original-reference--coedit-large-research,ss-02,sentence_structure,I opened the dashboard the totals looked wrong I refreshed the page nothing changed so I checked the raw file and found two duplicated rows.,I opened the dashboard the totals looked wrong I refreshed the page nothing changed so I checked the raw file and found two duplicated rows.,"When I opened the Dashboard, the totals seemed wrong. I refreshed the page, nothing changed, so I checked the raw file and found two duplicate rows.",,,,,,,,,,,,
ss-03--original-reference--coedit-large-research,ss-03,sentence_structure,"After reviewing the application, the missing transcript was obvious to the advisor. The student had uploaded the other documents correctly.","The advisor realized that the missing transcript was obvious after the application had been reviewed, while the student had correctly submitted the remaining documents.","After reviewing the application, the missing transcript was obvious to the advisor. The student had uploaded the other documents correctly.",,,,,,,,,,,,
ss-04--original-reference--coedit-large-research,ss-04,sentence_structure,"The internship requires writing weekly summaries, to attend a Friday meeting, and completing one final presentation.","The internship requires writing weekly summaries, to attend a Friday meeting, and completing one final presentation.","The internship calls for weekly reports, a Friday meeting, and a final presentation.",,,,,,,,,,,,
ss-05--original-reference--coedit-large-research,ss-05,sentence_structure,"The first meeting was scheduled for Monday, but two people could not attend, and then it moved to Wednesday, and the room was unavailable, so now it is Thursday afternoon.","The first meeting was scheduled for Monday, but two people were unable to attend, so it was rescheduled for Wednesday and the room was not available, so it was held on Thursday afternoon.","The first meeting was scheduled for Monday, but two people could not attend, and then it moved to Wednesday, and the room was unavailable, so now it is Thursday afternoon.",,,,,,,,,,,,
ss-06--original-reference--coedit-large-research,ss-06,sentence_structure,The report includes the survey results. Along with a short explanation of the sampling method and why the response rate matters.,The report includes the survey results. Along with a short explanation of the sampling method and why the response rate matters.,The results of the survey and a brief explanation of the sampling method and the importance of the response rate are included in the report.,,,,,,,,,,,,
lc-01--original-reference--coedit-large-research,lc-01,lexical_collocation,The new checklist made a strong improvement in how consistently the team records equipment problems. People are now more likely to include the exact error message instead of a general description.,"The new checklist has made a significant improvement in the consistency of the team's recording of technical problems, and people are more likely to record the exact error description rather than the general description.",The new checklist made a strong improvement in how consistently the team records equipment problems. People are now more likely to include the exact error message instead of a general description.,,,,,,,,,,,,
lc-02--original-reference--coedit-large-research,lc-02,lexical_collocation,"The professor gave a heavy warning that late submissions would receive a penalty. The warning was clear, but the exact size of the penalty was not listed.","The professor had given a strong warning that late submissions would be subject to a fine, but the exact amount of the fine was not given.","The professor gave a heavy warning that late submissions would receive a penalty. The warning was clear, but the exact size of the penalty was not listed.",,,,,,,,,,,,
lc-03--original-reference--coedit-large-research,lc-03,lexical_collocation,The software performed a decision to close the connection after three failed attempts. That behavior prevents the client from waiting forever for a response.,The software performed a decision to close the connection after three failed attempts. That behavior prevents the client from waiting forever for a response.,This behaviour prevents the client from waiting forever for a response from the software.,,,,,,,,,,,,
lc-04--original-reference--coedit-large-research,lc-04,lexical_collocation,"The survey received a large interest from first-year students, especially those looking for evening sections. Interest from returning students was more moderate.","The survey received a large interest from first-year students, especially those looking for evening sections. Interest from returning students was more moderate.","First-year students, especially those looking for evening courses, were most interested in the survey.",,,,,,,,,,,,
lc-05--original-reference--coedit-large-research,lc-05,lexical_collocation,The team made an investigation into why the request failed and discovered that the token had expired. Renewing the token solved the problem immediately.,The team made an investigation into why the request failed and discovered that the token had expired. Renewing the token solved the problem immediately.,The team searched for the reason for the error and discovered that the token had expired.,,,,,,,,,,,,
lc-06--original-reference--coedit-large-research,lc-06,lexical_collocation,"The explanation is technically correct, but the wording feels unusually bookish for a short message to classmates. I want it to sound normal without making it childish.","The explanation is technically correct, but the wording feels unusually bookish for a short message to classmates. I want it to sound normal without making it childish.","The explanation is technically correct, but the wording is unusually formal for a short message to classmates. I'd like it to sound normal, but not too childish.",,,,,,,,,,,,
rt-01--original-reference--coedit-large-research,rt-01,register_tone,"hey, just checking if friday at 3 still works for you. if not no worries, i can do later that afternoon too.","hey, just checking if friday at 3 still works for you. if not no worries, i can do later that afternoon too.","Hey, I'm checking if Friday at 3 works for you, if not, I can do it later in the afternoon, too.",,,,,,,,,,,,
rt-02--original-reference--coedit-large-research,rt-02,register_tone,"The whole signup process was honestly kind of a mess, but the staff member who helped me was great and got it sorted out pretty fast.","The whole signup process was honestly kind of a mess, but the staff member who helped me was great and got it sorted out pretty fast.","The whole signup process was a real mess, but the staff member who assisted me was very helpful and resolved it very quickly.",,,,,,,,,,,,
rt-03--original-reference--coedit-large-research,rt-03,register_tone,"I am writing to ask whether it would be possible to take the exam earlier that day. I have a required lab immediately afterward, so an earlier time would help me avoid a conflict.","I am writing to ask whether it would be possible to take the exam earlier that day. I have a required lab immediately afterward, so an earlier time would help me avoid a conflict.","I'd like to know if it's possible for me to take the exam the day after tomorrow, because I've got a lab appointment right afterward, so an earlier time would be good for me to avoid a conflict.",,,,,,,,,,,,
rt-04--original-reference--coedit-large-research,rt-04,register_tone,"ngl I thought the tutorial was gonna be useless, but it actually explained the one part I kept getting wrong. I still would not watch the whole thing again.","ngl I thought the tutorial was gonna be useless, but it actually explained the one part I kept getting wrong. I still would not watch the whole thing again.","Ngl I'd thought the tutorial was useless, but it actually explained one thing that I'd always made a mistake. And I still wouldn't do it again.",,,,,,,,,,,,
rt-05--original-reference--coedit-large-research,rt-05,register_tone,"The proposal is solid overall, but the budget section feels a little shaky because several costs are estimates instead of quotes. I would double-check those numbers before sending it.","The proposal is solid overall, but the budget section feels a little shaky because several costs are estimates instead of quotes. I would double-check those numbers before sending it.","The proposal is solid, but the budget section is a bit sloppy because the cost of some of the expenditure is estimated rather than quotations. I would double-check those numbers before sending it.",,,,,,,,,,,,
rt-06--original-reference--coedit-large-research,rt-06,register_tone,"I appreciate the quick response. I am still confused about whether the form goes back to your office or directly to the testing center, so I want to make sure I send it to the right place.","I'm still confused about whether the form should be sent back to your office or directly to the testing centre, so I want to be certain that I send it to the correct place.","I appreciate the quick response. I am still confused about whether the form goes back to your office or directly to the testing center, so I want to make sure I send it to the right place.",,,,,,,,,,,,
pu-01--original-reference--coedit-large-research,pu-01,paragraph_unity_redundancy,The main benefit of the new form is that it asks for all required information in one place. That is useful because people no longer have to send a second email with missing details. The form is beneficial because it reduces the need for follow-up messages about information that was left out.,The main benefit of the new form is that it asks for all required information in one place. That is useful because people no longer have to send a second email with missing details. The form is beneficial because it reduces the need for follow-up messages about information that was left out.,"The main advantage of the new form is that it asks for all the information that is needed in one place, so that people do not have to send a second email with the missing information.",,,,,,,,,,,,
pu-02--original-reference--coedit-large-research,pu-02,paragraph_unity_redundancy,"The lab report should explain why the result matters, not only list the measurements. The measurements still need to be included because they support the explanation. A good report connects the data to the conclusion instead of treating them as separate pieces.","The laboratory report should explain why the result is important, not just list the measurements. The measurements should still be included in the lab report because they support the explanation. A good lab report links the data to the conclusion rather than treating them separately.","The lab report should explain why the result matters, not only list the measurements. The measurements still need to be included because they support the explanation. A good report connects the data to the conclusion instead of treating them as separate pieces.",,,,,,,,,,,,
pu-03--original-reference--coedit-large-research,pu-03,paragraph_unity_redundancy,I use the calendar mostly to avoid missing small deadlines. It also helps me see when several assignments pile up in the same week. I like dark mode in most apps because bright screens bother me at night.,"I'm mostly using the calendar to avoid missing small deadlines, but also to see when a lot of work takes place at the same time. I like dark mode on most applications, because I don't like bright screens at night.",I use the calendar mostly to avoid missing small deadlines. It also helps me see when several assignments pile up in the same week. I like dark mode in most apps because bright screens bother me at night.,,,,,,,,,,,,
pu-04--original-reference--coedit-large-research,pu-04,paragraph_unity_redundancy,"The update reduced the time needed to open large projects. Startup is faster now, and opening a large project takes less time than before. The improvement is most noticeable on projects with many files.","The update reduced the time needed to open large projects. Startup is faster now, and opening a large project takes less time than before. The improvement is most noticeable on projects with many files.","The update has made it easier to start large projects, and it takes less time to open a large project than it used to. This improvement is particularly noticeable in projects with a lot of files.",,,,,,,,,,,,
pu-05--original-reference--coedit-large-research,pu-05,paragraph_unity_redundancy,The discussion board was more useful once people started responding to specific points instead of posting generic agreement. Those specific replies gave the original writer something concrete to answer. That made the conversation feel more like an actual discussion.,The discussion board was more useful once people started responding to specific points instead of posting generic agreement. Those specific replies gave the original writer something concrete to answer. That made the conversation feel more like an actual discussion.,"As soon as people started answering specific questions rather than just agreeing, the discussion board became more useful.",,,,,,,,,,,,
pu-06--original-reference--coedit-large-research,pu-06,paragraph_unity_redundancy,"The first two steps of the setup are simple, but the third step assumes the user already knows where the configuration file is stored. That missing explanation is the main reason the instructions feel harder than the process actually is.","The first two steps of the setup are simple, but the third step assumes the user already knows where the configuration file is stored. That missing explanation is the main reason the instructions feel harder than the process actually is.","The first two steps are simple, but the third requires the user to already know where the configuration file is stored. This lack of explanation is the main reason the instructions feel more complicated than it really is.",,,,,,,,,,,,
ai-01--original-reference--coedit-large-research,ai-01,ambiguity_non_invention,"The meeting did not go the way I expected. Something came up near the end, and we decided to revisit the issue next week.","The meeting didn't go as I had expected, and at the end something happened that made us think about it again next week.","The meeting did not go the way I expected. Something came up near the end, and we decided to revisit the issue next week.",,,,,,,,,,,,
ai-02--original-reference--coedit-large-research,ai-02,ambiguity_non_invention,"The file disappeared sometime after lunch. I checked the shared folder and my downloads, but I still do not know whether it was moved, renamed, or deleted.","I've looked at the shared folder and downloaded it, but I still don't know whether it was moved, renamed or deleted after lunch.","The file disappeared sometime after lunch. I checked the shared folder and my downloads, but I still do not know whether it was moved, renamed, or deleted.",,,,,,,,,,,,
ai-03--original-reference--coedit-large-research,ai-03,ambiguity_non_invention,"People have raised concerns about the new process, but the notes do not say how many people complained or which part of the process bothered them.","People complained about the new procedure, but the reports do not say how many complained or what parts of the procedure were bothering them.","People have raised concerns about the new process, but the notes do not say how many people complained or which part of the process bothered them.",,,,,,,,,,,,
ai-04--original-reference--coedit-large-research,ai-04,ambiguity_non_invention,"The test failed after the configuration changed, but that timing alone does not prove the configuration caused the failure. No one has reproduced the problem yet.","The test failed after the configuration changed, but that timing alone does not prove the configuration caused the failure. No one has reproduced the problem yet.","No one has yet reproduced the error after changing the configuration, but the timing alone does not prove the error was caused by the configuration.",,,,,,,,,,,,
ai-05--original-reference--coedit-large-research,ai-05,ambiguity_non_invention,"The instructor said my explanation needs more support. I am not sure whether she wants another source, a better example, or a clearer connection to the evidence I already used.","The instructor said my explanation needs more support. I am not sure whether she wants another source, a better example, or a clearer connection to the evidence I already used.","I don't know whether he wants a different source, a better example, or a clearer connection to the evidence I've already used.",,,,,,,,,,,,
ai-06--original-reference--coedit-large-research,ai-06,ambiguity_non_invention,The package arrived with damage on one corner. I cannot tell whether the item inside is damaged because I have not opened the box yet.,The package arrived with damage on one corner. I cannot tell whether the item inside is damaged because I have not opened the box yet.,"I haven't opened the package yet, so I can't see if the contents are damaged.",,,,,,,,,,,,
me-01--original-reference--minicpm5-2b,me-01,meaning_equivalence,"I started using the new study schedule about two weeks ago. It has not made studying easier, but I waste less time deciding what to work on, which is why I plan to keep using it.","I've been using the new study schedule for about two weeks. It hasn't made studying easier, but I've found that I waste less time deciding what to work on. That's why I plan to keep using it.","I started using the new study schedule about two weeks ago. It has not made studying easier, but I waste less time deciding what to work on, which is why I plan to keep using it.",,,,,,,,,,,,
me-02--original-reference--minicpm5-2b,me-02,meaning_equivalence,"The update looks smaller than the previous release because most of the changes are behind the scenes. The interface barely changed, but loading large files is noticeably faster on my laptop.","The update looks smaller than the previous release because most of the changes are behind the scenes. The interface barely changed, but loading large files is noticeably faster on my laptop.","The update looks smaller than the previous release because most of the changes are behind the scenes. The interface barely changed, but loading large files are noticeably faster on my laptop.",,,,,,,,,,,,
me-03--original-reference--minicpm5-2b,me-03,meaning_equivalence,"I liked the presentation overall even though the first section dragged a little. Once the examples started, the argument became much easier to follow and the final recommendation made sense.","I liked the presentation overall, even though the first section dragged a little. Once the examples started, the argument became much easier to follow, and the final recommendation made sense.","I liked the presentation overall even though the first section dragged a little. Once the examples started, the argument became much easier to follow and the final recommendation made sense.",,,,,,,,,,,,
me-04--original-reference--minicpm5-2b,me-04,meaning_equivalence,The class is not difficult because of the amount of reading. The harder part is keeping track of several small assignments that are due on different days each week.,The class is not difficult because of the amount of reading. The harder part is keeping track of several small assignments that are due on different days each week.,The class isn't difficult because of the amount of reading. The harder part is keeping track of several small assignments that is due on different days each week.,,,,,,,,,,,,
me-05--original-reference--minicpm5-2b,me-05,meaning_equivalence,"My first draft was longer, but it was not actually more detailed. I had repeated the same point in several ways, so cutting those sentences made the explanation clearer without removing evidence.","My first draft was longer, but it was not actually more detailed. I had repeated the same point in several ways, so cutting those sentences made the explanation clearer without removing evidence.","My first draft was longer, but it wasn't actually more detailed. I had repeated the same point in several ways, so cutting those sentences made the explanation clearer without removing evidence.",,,,,,,,,,,,
me-06--original-reference--minicpm5-2b,me-06,meaning_equivalence,"The professor did not say the proposal was wrong. She said the main idea was promising, but the evidence was too limited to support the conclusion yet.","The professor did not say the proposal was wrong. She said the main idea was promising, but the evidence was too limited to support the conclusion yet.","The professor did not say the proposal was wrong. She said the main idea was promising, but the evidence was too limited to support the conclusion yet.",,,,,,,,,,,,
co-01--original-reference--minicpm5-2b,co-01,cohesion_known_new,The biology lab introduced a new microscope camera last week. The camera can save images directly to the lab computers. Those saved images make it easier for students to compare samples after class.,The biology lab introduced a new microscope camera last week. The camera can save images directly to the lab computers. Those saved images make it easier for students to compare samples after class.,The biology lab introduced a new microscope camera last week. The camera can save images directly to the lab computers. Those saved images make it easier for students to compare samples after class.,,,,,,,,,,,,
co-02--original-reference--minicpm5-2b,co-02,cohesion_known_new,"The team found three duplicate records during the audit. Those duplicates came from an old import script. The script had been retired months ago, but its records were still present in the database.","The team found three duplicate records during the audit. Those duplicates came from an old import script. The script had been retired months ago, but its records were still present in the database.","The team found three duplicate records during the audit. Those duplicates came from an old import script. The script had been retired months ago, but its records were still present in the database.",,,,,,,,,,,,
co-03--original-reference--minicpm5-2b,co-03,cohesion_known_new,"A late shipment delayed the first test run. Because the test started late, the team had only one afternoon to review the results. That shorter review period is why several minor issues were not caught until the next day.","A late shipment was delayed the first test run. Because the test started late, the team had only one afternoon to review the results. That shorter review period is why several minor issues were not caught until the next day.","A late shipment delayed the first test run. Because the test started late, the team had only one afternoon to review the results. That shorter review period is why several minor issues were not caught until the next day.",,,,,,,,,,,,
co-04--original-reference--minicpm5-2b,co-04,cohesion_known_new,"The survey showed that students wanted more evening tutoring. That preference was strongest among students who work during the day. Their schedules make daytime appointments difficult, so the department is considering a later tutoring block.","The survey showed that students wanted more evening tutoring. That preference was strongest among students who work during the day. Their schedules make daytime appointments difficult, so the department is considering a later tutoring block.","The survey showed that students wanted more evening tutoring. That preference was strongest among students who work during the day. Their schedules make daytime appointments difficult, so the department is considering a later tutoring block.",,,,,,,,,,,,
co-05--original-reference--minicpm5-2b,co-05,cohesion_known_new,"The app stores approved examples in a local file. That file is loaded when the app starts and provides a small set of writing preferences. Those preferences can change ranking, but they do not override the safety checks.","The app stores approved examples in a local file. That file is loaded when the app starts and provides a small set of writing preferences. Those preferences can change ranking, but they do not override the safety checks.","App stores approve examples in a local file. That file is loaded when the app starts and provides a small set of writing preferences. Those preferences can change ranking, but they do not override the safety checks.",,,,,,,,,,,,
co-06--original-reference--minicpm5-2b,co-06,cohesion_known_new,"The first experiment used a smaller sample than planned. The smaller sample reduced the amount of data available for comparison. That limitation does not invalidate the experiment, but it makes the result less certain.","The first experiment used a smaller sample than planned. The smaller sample reduced the amount of data available for comparison. That limitation does not invalidate the experiment, but it makes the result less certain.","The first experiment used a smaller sample than planned. The smaller sample reduced the amount of data available for comparison. That limitation does not invalidate the experiment, but it makes the result less certain.",,,,,,,,,,,,
lr-01--original-reference--minicpm5-2b,lr-01,logical_relations,"The printer was working in the morning, but it stopped after the network settings were changed. Because the other printers stayed online, the technician thinks the problem is local to that machine rather than the whole network.","The printer was working in the morning, but it stopped after the network settings were changed. Because the other printers stayed online, the technician thinks the problem is local to that machine rather than the whole network.","The printer was working in the morning, but it stopped after the network settings were changed. Because the other printers stayed online, the technician thinks the problem is local to that machine rather than the whole network.",,,,,,,,,,,,
lr-02--original-reference--minicpm5-2b,lr-02,logical_relations,"If the weather stays clear, the field work will begin Thursday. If it rains, the team will use Thursday for equipment checks instead and move the field work to Friday.","If the weather stays clear, field work will begin Thursday. If it rains, the team will use Thursday for equipment checks instead and move the field work to Friday.","If the weather stays clear, the field work will begin Thursday. If it rains, the team will use Thursday for equipment checks instead and move the field work to Friday.",,,,,,,,,,,,
lr-03--original-reference--minicpm5-2b,lr-03,logical_relations,"The new process takes one extra step at the beginning, yet it usually saves time later because fewer requests are returned for missing information.","The new process takes one extra step at the beginning, yet it usually saves time later because fewer requests are returned for missing information.","The new process adds one extra step at the beginning, yet it usually saves time later because fewer requests are returned for missing information.",,,,,,,,,,,,
lr-04--original-reference--minicpm5-2b,lr-04,logical_relations,Maya finished the data cleanup before Jordan ran the analysis. That order matters because the earlier version of the dataset still contained duplicate rows.,Maya finished the data cleanup before Jordan ran the analysis. That order matters because the earlier version of the dataset still contained duplicate rows.,Maya finished the data cleanup before Jordan ran the analysis. That order matters because the earlier version of the dataset still contained duplicate rows.,,,,,,,,,,,,
lr-05--original-reference--minicpm5-2b,lr-05,logical_relations,"Although the pilot did not reach its enrollment target, the participants who completed it reported fewer scheduling conflicts. The department therefore wants another trial before deciding whether to expand the program.","Although the pilot did not reach its enrollment target, the participants who completed it reported fewer scheduling conflicts. The department therefore wants another trial before deciding whether to expand the program.","Although the pilot did not reach its enrollment target, the participants who completed it reported fewer scheduling conflicts. The department therefore wants another trial before deciding whether to expand the program.",,,,,,,,,,,,
lr-06--original-reference--minicpm5-2b,lr-06,logical_relations,"The first draft explains what happened, whereas the second draft explains why it happened. Both are accurate, but the second is more useful for the report because the assignment asks for analysis rather than summary.","The first draft explains what happened, whereas the second draft explains why it happened. Both are accurate, but the second is more useful for the report because the assignment asks for analysis rather than summary.","The first draft explains what happened, whereas the second draft explains why it happened. Both are accurate, but the second is more useful for the report because the assignment asks for analysis rather than summary.",,,,,,,,,,,,
rc-01--original-reference--minicpm5-2b,rc-01,reference_coreference,"Nina sent Priya the revised chart after Priya noticed the labeling error. She had already fixed the colors, so the only remaining change was the axis label.","Nina sent Priya the revised chart after Priya noticed the labeling error. She had already fixed the colors, so the only remaining change was the axis label.","Nina sent Priya the revised chart after Priya noticed the labeling error. She had already fixed the colors, so the only remaining change was the axis label.",,,,,,,,,,,,
rc-02--original-reference--minicpm5-2b,rc-02,reference_coreference,The advisor told the student that the registrar had not received the form. The student emailed the registrar that afternoon and learned that the attachment had been blocked by the mail system.,The advisor told the student that the registrar had not received the form. The student emailed the registrar that afternoon and learned that the attachment had been blocked by the mail system.,The advisor told the student that the registrar had not received the form. The student emailed the registrar that afternoon and learned that the attachment had been blocked by the mail system.,,,,,,,,,,,,
rc-03--original-reference--minicpm5-2b,rc-03,reference_coreference,"The battery warning appeared after the laptop was connected to the dock. Removing the dock made the warning disappear, which suggests the dock or its power adapter may be involved.","The battery warning appeared after the laptop was connected to the dock. Removing the dock made the warning disappear, which suggests the dock or its power adapter may be involved.","The battery warning appeared after the laptop was connected to the dock. Removing the dock made the warning disappear, which suggests the dock or its power adapter may be involved.",,,,,,,,,,,,
rc-04--original-reference--minicpm5-2b,rc-04,reference_coreference,"Ava reviewed Liam's notes before he submitted the report. She corrected two dates in the notes, but he chose not to change the wording of the report itself.","Ava reviewed Liam's notes before he submitted the report. She corrected two dates in the notes, but he chose not to change the wording of the report itself.","Ava reviewed Liam's notes before he submitted the report. She corrected two dates in the notes, but he chose not to change the wording of the report itself.",,,,,,,,,,,,
rc-05--original-reference--minicpm5-2b,rc-05,reference_coreference,"The first server sends logs to the backup server every hour. If it stops responding, the backup keeps the most recent copy but does not automatically become the primary server.","The first server sends logs to the backup server every hour. If it stops responding, the backup keeps the most recent copy but does not automatically become the primary server.","The first server sends logs to the backup server every hour. If it stops responding, the backup keeps the most recent copy but does not automatically become the primary server.",,,,,,,,,,,,
rc-06--original-reference--minicpm5-2b,rc-06,reference_coreference,The committee asked the vendor to revise the estimate because its labor total did not match the hours listed in the proposal. The vendor agreed to check the calculation before the next meeting.,The committee asked the vendor to revise the estimate because its labor total did not match the hours listed in the proposal. The vendor agreed to check the calculation before the next meeting.,The committee asked the vendor to revise the estimate because the labor total did not match the hours listed in the proposal. The vendor agreed to check the calculation before the next meeting.,,,,,,,,,,,,
mp-01--original-reference--minicpm5-2b,mp-01,modality_negation_precision,"The change might reduce startup time, but we do not have enough measurements to say that it definitely does. For now, the result should be treated as promising rather than conclusive.","The change might reduce startup time, but we do not have enough measurements to say that it definitely does. For now, the result should be treated as promising rather than conclusive.","The change might reduce startup time, but we do not have enough measurements to say that it definitely does. For now, the result should be treated as promising rather than conclusive.",,,,,,,,,,,,
mp-02--original-reference--minicpm5-2b,mp-02,modality_negation_precision,"I would prefer to take the morning section, although I can attend the afternoon section if the morning one is full. I am not asking to be moved unless a seat is actually available.","I would prefer to take the morning section, although I can attend the afternoon section if the morning one is full. I am not asking to be moved unless a seat is actually available.","I would prefer to take the morning section, although I can attend the afternoon section if the morning one is full. I am not asking to be moved unless a seat is actually available.",,,,,,,,,,,,
mp-03--original-reference--minicpm5-2b,mp-03,modality_negation_precision,"The sensor can detect a temperature change, but it cannot tell us what caused that change. A sudden increase could come from the heater, direct sunlight, or another source.","The sensor can detect a temperature change, but it cannot tell us what caused that change. A sudden increase could come from the heater, direct sunlight, or another source.","The sensor can detect a temperature change, but it cannot tell us what caused that change. A sudden increase could come from the heater, direct sunlight, or another source.",,,,,,,,,,,,
mp-04--original-reference--minicpm5-2b,mp-04,modality_negation_precision,The policy says employees should report suspected errors; it does not say they must prove an error occurred before reporting it.,"The policy states that employees should report suspected errors, but it does not require them to prove that an error actually occurred before making the report.",The policy says employees should report suspected errors; it does not say they must prove an error occurred before reporting it.,,,,,,,,,,,,
mp-05--original-reference--minicpm5-2b,mp-05,modality_negation_precision,"There is no evidence that the file was deleted intentionally. It may have been removed during cleanup, but the logs are incomplete, so that explanation is only a possibility.","There is no evidence that the file was deleted intentionally. It may have been removed during cleanup, but the logs are incomplete, so that explanation is only a possibility.","There is no evidence that the file was deleted intentionally. It may have been removed during cleanup, but the logs are incomplete, so that explanation is only a possibility.",,,,,,,,,,,,
mp-06--original-reference--minicpm5-2b,mp-06,modality_negation_precision,"The medication is expected to help most patients, but it does not guarantee that every patient will improve. Anyone with questions should speak with a clinician rather than changing the dose on their own.","The medication is expected to help most patients, but it does not guarantee that every patient will improve. Anyone with questions should speak with a clinician rather than changing the dose on their own.","The medication is expected to help most patients, but it does not guarantee that every patient will improve. Anyone with questions should speak with a clinician rather than changing the dose on their own.",,,,,,,,,,,,
fa-01--original-reference--minicpm5-2b,fa-01,factual_anchors,"On September 14, 2026, Maya Chen paid $184.75 for the replacement part. The receipt says the part can be returned within 30 days if it has not been installed.","On September 14, 2026, Maya Chen paid $184.75 for the replacement part. The receipt says the part can be returned within 30 days if it has not been installed.","On September 14, 2026, Maya Chen paid $184.75 for the replacement part. The receipt states that the part can be returned within 30 days if it has not been installed.",,,,,,,,,,,,
fa-02--original-reference--minicpm5-2b,fa-02,factual_anchors,The lab recorded a pH of 6.4 before treatment and 7.1 afterward. The report calls the change 'modest but consistent' across the five samples.,The lab recorded a pH of 6.4 before treatment and 7.1 afterward. The report calls the change 'modest but consistent' across the five samples.,The lab recorded a pH of 6.4 before treatment and 7.1 afterward. The report calls the change 'modest but consistent' across the five samples.,,,,,,,,,,,,
fa-03--original-reference--minicpm5-2b,fa-03,factual_anchors,"Jordan Lee emailed the draft to review@example.org at 3:40 p.m. The subject line was 'Budget revision v2,' and the attachment was 2.8 MB.","Jordan Lee emailed the draft to review@example.org at 3:40 p.m. The subject line was 'Budget revision v2,' and the attachment was 2.8 MB.","Jordan Lee emailed the draft to review@example.org at 3:40 p.m. The subject line was 'Budget revision v2,' and the attachment was 2.8 MB.",,,,,,,,,,,,
fa-04--original-reference--minicpm5-2b,fa-04,factual_anchors,"Section 4.2 requires a backup every 12 hours, not once per day. The exception applies only to systems that are offline for maintenance.","Section 4.2 requires a backup every 12 hours, not once per day. The exception applies only to systems that is offline for maintenance.","Section 4.2 requires a backup every 12 hours, not once per day. The exception applies only to systems that are offline for maintenance.",,,,,,,,,,,,
fa-05--original-reference--minicpm5-2b,fa-05,factual_anchors,"The shipment contained 18 blue units and 7 gray units. Two blue units were damaged, so the usable total was 23 units.","The shipment contained 18 blue units and 7 gray units. Two blue units were damaged, so the usable total was 23 units.","The shipment contained 18 blue units and 7 gray units. Two blue units were damaged, so the usable total was 23 units.",,,,,,,,,,,,
fa-06--original-reference--minicpm5-2b,fa-06,factual_anchors,"The study ran from January through March 2026 and included 126 participants. Of those participants, 54 completed both follow-up surveys.","The study ran from January through March 2026 and included 126 participants. Of those participants, 54 completed both follow-up surveys.","The study ran from January through March 2026 and included 126 participants. Of those participants, 54 completed both follow-up surveys.",,,,,,,,,,,,
gm-01--original-reference--minicpm5-2b,gm-01,grammar_minimal_edit,The results was surprising because each of the samples were collected under the same conditions. I don't think the difference come from the equipment.,The results was surprising because each of the samples were collected under the same conditions. I don't think the difference come from the equipment.,The results were surprising because each of the samples was collected under the same conditions. I don't think the difference comes from the equipment.,,,,,,,,,,,,
gm-02--original-reference--minicpm5-2b,gm-02,grammar_minimal_edit,"She has went to the tutoring center twice this week, and both visits has helped her understand the material better.","She has gone to the tutoring center twice this week, and both visits have helped her understand the material better.","She has went to the tutoring center twice this week, and both visits has helped her understand the material better.",,,,,,,,,,,,
gm-03--original-reference--minicpm5-2b,gm-03,grammar_minimal_edit,"There is several reasons the schedule need to change, but the main one are that the current times conflict with lab.","There are several reasons the schedule needs to change, but the main one is that the current times conflict with the lab.","There is several reasons the schedule need to change, but the main one are that the current times conflict with lab.",,,,,,,,,,,,
gm-04--original-reference--minicpm5-2b,gm-04,grammar_minimal_edit,The advisor suggested me to wait until the final grade posts before I submit a new request.,The advisor suggested me to wait until the final grade posts before I submit a new request.,The advisor suggested that I wait until the final grade posts before I submit a new request.,,,,,,,,,,,,
gm-05--original-reference--minicpm5-2b,gm-05,grammar_minimal_edit,Neither the new instructions nor the example explain what happens if a student submit the form late.,Neither the new instructions nor the example explain what happens if a student submit the form late.,Neither the new instructions nor the example explains what happens if a student submits the form is late.,,,,,,,,,,,,
gm-06--original-reference--minicpm5-2b,gm-06,grammar_minimal_edit,"I was planning on finishing it yesterday, but the files I needed wasn't available until this morning.","I was planning to finish it yesterday, but the files I needed weren't available until this morning.","I was planning on finishing it yesterday, but the files I needed wasn't available until this morning.",,,,,,,,,,,,
ss-01--original-reference--minicpm5-2b,ss-01,sentence_structure,The deadline moved to Friday. Because the vendor sent the corrected estimate late. Which gave the team less time to review the numbers.,"The deadline moved to Friday. Because the vendor sent the corrected estimate late, which gave the team less time to review the numbers.",The deadline moved to Friday. Because the vendor sent the corrected estimate late. Which gave the team less time to review the numbers.,,,,,,,,,,,,
ss-02--original-reference--minicpm5-2b,ss-02,sentence_structure,I opened the dashboard the totals looked wrong I refreshed the page nothing changed so I checked the raw file and found two duplicated rows.,I opened the dashboard the totals looked wrong I refreshed the page nothing changed so I checked the raw file and found two duplicated rows.,"I opened the dashboard and noticed the totals looked wrong. I refreshed the page, but nothing changed, so I checked the raw file and found two duplicated rows.",,,,,,,,,,,,
ss-03--original-reference--minicpm5-2b,ss-03,sentence_structure,"After reviewing the application, the missing transcript was obvious to the advisor. The student had uploaded the other documents correctly.","After reviewing the application, the missing transcript was obvious to the advisor. The student had uploaded the other documents correctly.","After reviewing the application, the missing transcript was obvious to the advisor. The student had uploaded the other documents correctly.",,,,,,,,,,,,
ss-04--original-reference--minicpm5-2b,ss-04,sentence_structure,"The internship requires writing weekly summaries, to attend a Friday meeting, and completing one final presentation.","The internship requires writing weekly summaries, attending a Friday meeting, and completing one final presentation.","The internship requires writing weekly summaries, to attend a Friday meeting, and completing one final presentation.",,,,,,,,,,,,
ss-05--original-reference--minicpm5-2b,ss-05,sentence_structure,"The first meeting was scheduled for Monday, but two people could not attend, and then it moved to Wednesday, and the room was unavailable, so now it is Thursday afternoon.","The first meeting was scheduled for Monday, but two people could not attend, and then it moved to Wednesday, and the room was unavailable, so now it is Thursday afternoon.","The first meeting was scheduled for Monday, but two people could not attend, and then it moved to Wednesday, and the room was unavailable, so now it is Thursday afternoon.",,,,,,,,,,,,
ss-06--original-reference--minicpm5-2b,ss-06,sentence_structure,The report includes the survey results. Along with a short explanation of the sampling method and why the response rate matters.,The report includes the survey results. Along with a short explanation of the sampling method and why the response rate matters.,"The report includes the survey results, along with a short explanation of the sampling method and why the response rate matters.",,,,,,,,,,,,
lc-01--original-reference--minicpm5-2b,lc-01,lexical_collocation,The new checklist made a strong improvement in how consistently the team records equipment problems. People are now more likely to include the exact error message instead of a general description.,The new checklist has made a strong improvement in how consistently the team records equipment problems. People are now more likely to include the exact error message instead of a general description.,The new checklist made a strong improvement in how consistently the team records equipment problems. People are now more likely to include the exact error message instead of a general description.,,,,,,,,,,,,
lc-02--original-reference--minicpm5-2b,lc-02,lexical_collocation,"The professor gave a heavy warning that late submissions would receive a penalty. The warning was clear, but the exact size of the penalty was not listed.","The professor gave a heavy warning that late submissions would receive a penalty. The warning was clear, but the exact size of the penalty was not listed.","The professor gave a heavy warning that late submissions would receive a penalty. The warning was clear, but the exact size of the penalty was not listed.",,,,,,,,,,,,
lc-03--original-reference--minicpm5-2b,lc-03,lexical_collocation,The software performed a decision to close the connection after three failed attempts. That behavior prevents the client from waiting forever for a response.,The software decided to close the connection after three failed attempts. This behavior prevents the client from waiting indefinitely for a response.,The software performed a decision to close the connection after three failed attempts. That behavior prevents the client from waiting forever for a response.,,,,,,,,,,,,
lc-04--original-reference--minicpm5-2b,lc-04,lexical_collocation,"The survey received a large interest from first-year students, especially those looking for evening sections. Interest from returning students was more moderate.","The survey received significant interest from first-year students, particularly those seeking evening sections. Interest from returning students were more moderate.","The survey received a large interest from first-year students, especially those looking for evening sections. Interest from returning students was more moderate.",,,,,,,,,,,,
lc-05--original-reference--minicpm5-2b,lc-05,lexical_collocation,The team made an investigation into why the request failed and discovered that the token had expired. Renewing the token solved the problem immediately.,The team investigated why the request failed and discovered that the token had expired. Renewing the token solved the problem immediately.,The team made an investigation into why the request failed and discovered that the token had expired. Renewing the token solved the problem immediately.,,,,,,,,,,,,
lc-06--original-reference--minicpm5-2b,lc-06,lexical_collocation,"The explanation is technically correct, but the wording feels unusually bookish for a short message to classmates. I want it to sound normal without making it childish.","The explanation is technically correct, but the wording feels unusually bookish for a short message to classmates. I want it to sound normal without making it childish.","The explanation is technically correct, but the wording feels unusually bookish for a short message to classmates. I want it to sound normal without making it childish.",,,,,,,,,,,,
rt-01--original-reference--minicpm5-2b,rt-01,register_tone,"hey, just checking if friday at 3 still works for you. if not no worries, i can do later that afternoon too.","hey, just checking if friday at 3 still works for you. if not no worries, i can do later that afternoon too.","Just checking if Friday at 3 still works for you. If not, no worries—I can do later that afternoon too.",,,,,,,,,,,,
rt-02--original-reference--minicpm5-2b,rt-02,register_tone,"The whole signup process was honestly kind of a mess, but the staff member who helped me was great and got it sorted out pretty fast.","The whole signup process was honestly kind of a mess, but the staff member who helped me was great and got it sorted out pretty fast.","The whole signup process was honestly kind of a mess, but the staff member who helped me was great and got it sorted out pretty fast.",,,,,,,,,,,,
rt-03--original-reference--minicpm5-2b,rt-03,register_tone,"I am writing to ask whether it would be possible to take the exam earlier that day. I have a required lab immediately afterward, so an earlier time would help me avoid a conflict.","I am writing to ask whether it would be possible to take the exam earlier that day. I have a required lab immediately afterward, so an earlier time would help me avoid a conflict.","I am writing to ask whether it would be possible to take the exam earlier that day. I have a required lab immediately afterward, so an earlier time would help me avoid a conflict.",,,,,,,,,,,,
rt-04--original-reference--minicpm5-2b,rt-04,register_tone,"ngl I thought the tutorial was gonna be useless, but it actually explained the one part I kept getting wrong. I still would not watch the whole thing again.","ngl I thought the tutorial was gonna be useless, but it actually explained the one part I kept getting wrong. I still would not watch the whole thing again.","I figured the tutorial would be useless, but it actually explained the one part I kept getting wrong. I still wouldn't watch the whole thing again.",,,,,,,,,,,,
rt-05--original-reference--minicpm5-2b,rt-05,register_tone,"The proposal is solid overall, but the budget section feels a little shaky because several costs are estimates instead of quotes. I would double-check those numbers before sending it.","The proposal is solid overall, but the budget section feels a little shaky because several costs are estimates instead of quotes. I would double-check those numbers before sending it.","The proposal is solid overall, but the budget section feels a little shaky because several costs are estimates instead of quotes. I would double-check those numbers before sending it.",,,,,,,,,,,,
rt-06--original-reference--minicpm5-2b,rt-06,register_tone,"I appreciate the quick response. I am still confused about whether the form goes back to your office or directly to the testing center, so I want to make sure I send it to the right place.","I appreciate the quick response. I am still confused about whether the form goes back to your office or directly to the testing center, so I want to make sure I send it to the right place.","I appreciate the quick response. I'm still a bit confused about whether the form goes back to your office or directly to the testing center, so I want to make sure I send it to the right place.",,,,,,,,,,,,
pu-01--original-reference--minicpm5-2b,pu-01,paragraph_unity_redundancy,The main benefit of the new form is that it asks for all required information in one place. That is useful because people no longer have to send a second email with missing details. The form is beneficial because it reduces the need for follow-up messages about information that was left out.,The main benefit of the new form is that it asks for all required information in one place. That is useful because people no longer have to send a second email with missing details. The form is beneficial because it reduces the need for follow-up messages about information that was left out.,The main benefit of the new form is that it asks for all required information in one place. That is useful because people no longer have to send a second email with missing details. The form is beneficial because it reduces the need for follow-up messages about information that was left out.,,,,,,,,,,,,
pu-02--original-reference--minicpm5-2b,pu-02,paragraph_unity_redundancy,"The lab report should explain why the result matters, not only list the measurements. The measurements still need to be included because they support the explanation. A good report connects the data to the conclusion instead of treating them as separate pieces.","The lab report should explain why the result matters, not only list the measurements. The measurements still need to be included because they support the explanation. A good report connects the data to the conclusion instead of treating them as separate pieces.","The lab report should explain why the result matters, not only list the measurements. The measurements still need to be included because they support the explanation. A good report connects the data to the conclusion instead of treating them as separate pieces.",,,,,,,,,,,,
pu-03--original-reference--minicpm5-2b,pu-03,paragraph_unity_redundancy,I use the calendar mostly to avoid missing small deadlines. It also helps me see when several assignments pile up in the same week. I like dark mode in most apps because bright screens bother me at night.,I use the calendar mostly to avoid missing small deadlines. It also helps me see when several assignments pile up in the same week. I like dark mode in most apps because bright screens bother me at night.,I use the calendar mostly to avoid missing small deadlines. It also helps me see when several assignments pile up in the same week. I like dark mode in most apps because bright screens bother me at night.,,,,,,,,,,,,
pu-04--original-reference--minicpm5-2b,pu-04,paragraph_unity_redundancy,"The update reduced the time needed to open large projects. Startup is faster now, and opening a large project takes less time than before. The improvement is most noticeable on projects with many files.","The update reduced the time needed to open large projects. Startup is faster now, and opening a large project takes less time than before. The improvement is most noticeable on projects with many files.","The update made it quicker to open large projects. Startups are now faster, and opening a large project takes less time than before. This improvement is most noticeable on projects with most files.",,,,,,,,,,,,
pu-05--original-reference--minicpm5-2b,pu-05,paragraph_unity_redundancy,The discussion board was more useful once people started responding to specific points instead of posting generic agreement. Those specific replies gave the original writer something concrete to answer. That made the conversation feel more like an actual discussion.,The discussion board became more useful once people started responding to specific points instead of posting generic agreement. Those specific replies gave the original writer something concrete to answer. That made the conversation feel more like an actual discussion.,The discussion board was more useful once people started responding to specific points instead of posting generic agreement. Those specific replies gave the original writer something concrete to answer. That made the conversation feel more like an actual discussion.,,,,,,,,,,,,
pu-06--original-reference--minicpm5-2b,pu-06,paragraph_unity_redundancy,"The first two steps of the setup are simple, but the third step assumes the user already knows where the configuration file is stored. That missing explanation is the main reason the instructions feel harder than the process actually is.","The first two steps of the setup are simple, but the third step assumes the user already knows where the configuration file is stored. That missing explanation is the main reason the instructions feel harder than the process actually is.","The first two steps of the setup are simple, but the third step assumes the user already knows where the configuration file is stored. That missing explanation is the main reason the instructions feel harder than the process actually is.",,,,,,,,,,,,
ai-01--original-reference--minicpm5-2b,ai-01,ambiguity_non_invention,"The meeting did not go the way I expected. Something came up near the end, and we decided to revisit the issue next week.","The meeting didn't go as I'd expected. Something came up near the end, and we decided to revisit the issue next week.","The meeting did not go the way I expected. Something came up near the end, and we decided to revisit the issue next week.",,,,,,,,,,,,
ai-02--original-reference--minicpm5-2b,ai-02,ambiguity_non_invention,"The file disappeared sometime after lunch. I checked the shared folder and my downloads, but I still do not know whether it was moved, renamed, or deleted.","The file disappeared sometime after lunch. I checked the shared folder and my downloads, but I still do not know whether it was moved, renamed, or deleted.","The file disappeared sometime after lunch. I checked the shared folder and my downloads, but I still do not know whether it was moved, renamed, or deleted.",,,,,,,,,,,,
ai-03--original-reference--minicpm5-2b,ai-03,ambiguity_non_invention,"People have raised concerns about the new process, but the notes do not say how many people complained or which part of the process bothered them.","People have raised concerns about the new process, but the notes do not say how many people complained or which part of the process bothered them.","People have raised concerns about the new process, but the notes do not say how many people complained or which part of the process bothered them.",,,,,,,,,,,,
ai-04--original-reference--minicpm5-2b,ai-04,ambiguity_non_invention,"The test failed after the configuration changed, but that timing alone does not prove the configuration caused the failure. No one has reproduced the problem yet.","The test failed after the configuration changed, but that timing alone does not prove the configuration caused the failure. No one has reproduced the problem yet.","The test failed after the configuration changed, but that timing alone does not prove the configuration caused the failure. No one has reproduced the problem yet.",,,,,,,,,,,,
ai-05--original-reference--minicpm5-2b,ai-05,ambiguity_non_invention,"The instructor said my explanation needs more support. I am not sure whether she wants another source, a better example, or a clearer connection to the evidence I already used.","The instructor said my explanation needs more support. I am not sure whether she wants another source, a better example, or a clearer connection to the evidence I already used.","The instructor said my explanation needs more support. I am not sure whether she wants another source, a better example, or a clearer connection to the evidence I already used.",,,,,,,,,,,,
ai-06--original-reference--minicpm5-2b,ai-06,ambiguity_non_invention,The package arrived with damage on one corner. I cannot tell whether the item inside is damaged because I have not opened the box yet.,The package arrived with damage on one corner. I cannot tell whether the item inside is damaged because I have not opened the box yet.,The package arrived with damage on one corner. I cannot tell whether the item inside is damaged because I have not opened the box yet.,,,,,,,,,,,,
me-01--local-safe-engine--qwen3-4b-incumbent-bestof4-raw,me-01,meaning_equivalence,"I started using the new study schedule about two weeks ago. It has not made studying easier, but I waste less time deciding what to work on, which is why I plan to keep using it.","I started using the new study schedule about two weeks ago. It has not made studying easier, but I waste less time deciding what to work on, which is why I plan to keep using it.","I started using the new study schedule two weeks ago. It hasn't made studying easier, but I waste less time deciding what to focus on, which is why I plan to continue using it.",,,,,,,,,,,,
me-02--local-safe-engine--qwen3-4b-incumbent-bestof4-raw,me-02,meaning_equivalence,"The update looks smaller than the previous release because most of the changes are behind the scenes. The interface barely changed, but loading large files is noticeably faster on my laptop.","The update appears smaller than the previous release because most of the changes are behind the scenes. The interface has changed very little, but loading large files is noticeably faster on my laptop.","The update looks smaller than the previous release because most of the changes are behind the scenes. The interface barely changed, but loading large files are noticeably faster on my laptop.",,,,,,,,,,,,
me-03--local-safe-engine--qwen3-4b-incumbent-bestof4-raw,me-03,meaning_equivalence,"I liked the presentation overall even though the first section dragged a little. Once the examples started, the argument became much easier to follow and the final recommendation made sense.","I liked the presentation overall even though the first section dragged a little. Once the examples started, the argument became much easier to follow and the final recommendation made sense.","I liked the presentation overall, even though the first section was a bit slow. Once the examples began, the argument became much clearer, and the final recommendation made sense.",,,,,,,,,,,,
me-04--local-safe-engine--qwen3-4b-incumbent-bestof4-raw,me-04,meaning_equivalence,The class is not difficult because of the amount of reading. The harder part is keeping track of several small assignments that are due on different days each week.,The class isn't difficult because of the amount of reading. The real challenge lies in keeping up with several small assignments that are due on different days each week.,The class is not difficult because of the amount of reading. The harder part is keeping track of several small assignments that is due on different days each week.,,,,,,,,,,,,
me-05--local-safe-engine--qwen3-4b-incumbent-bestof4-raw,me-05,meaning_equivalence,"My first draft was longer, but it was not actually more detailed. I had repeated the same point in several ways, so cutting those sentences made the explanation clearer without removing evidence.","My first draft was longer, but it wasn't more detailed. I had repeated the same point in several ways, so cutting those sentences made the explanation clearer without removing evidence.","My first draft was longer, but it was not actually more detailed. I had repeated the same point in several ways, so cutting those clauses made the explanation clearer without removing evidence.",,,,,,,,,,,,
me-06--local-safe-engine--qwen3-4b-incumbent-bestof4-raw,me-06,meaning_equivalence,"The professor did not say the proposal was wrong. She said the main idea was promising, but the evidence was too limited to support the conclusion yet.","The professor did not say the proposal was incorrect. She noted that the main idea was promising, but the evidence was too limited to fully support the conclusion at this time.","The professor did not say the proposal was wrong. She said the main idea was promising, but the evidence was too limited to support the conclusion yet.",,,,,,,,,,,,
co-01--local-safe-engine--qwen3-4b-incumbent-bestof4-raw,co-01,cohesion_known_new,The biology lab introduced a new microscope camera last week. The camera can save images directly to the lab computers. Those saved images make it easier for students to compare samples after class.,"The biology lab introduced a new microscope camera last week. The camera allows images to be saved directly to the lab computers, making it easier for students to compare samples after class.",The biology lab introduced a new microscope camera last week. The camera can save images directly to the lab computers. Those saved images make it easier for students to compare samples after class.,,,,,,,,,,,,
co-02--local-safe-engine--qwen3-4b-incumbent-bestof4-raw,co-02,cohesion_known_new,"The team found three duplicate records during the audit. Those duplicates came from an old import script. The script had been retired months ago, but its records were still present in the database.","The team found three duplicate records during the audit. Those duplicates came from an old import script. The script had been retired months ago, but its records were still present in the database.","The team identified three duplicate records during the audit. These duplicates originated from an old import script. The script had been retired months ago, but its records remained in the database.",,,,,,,,,,,,
co-03--local-safe-engine--qwen3-4b-incumbent-bestof4-raw,co-03,cohesion_known_new,"A late shipment delayed the first test run. Because the test started late, the team had only one afternoon to review the results. That shorter review period is why several minor issues were not caught until the next day.","A late shipment was delayed the first test run. Because the test started late, the team had only one afternoon to review the results. That shorter review period is why several minor issues were not caught until the next day.","A late shipment delayed the first test run. As a result, the team had only one afternoon to review the results. The shorter review period led to several minor issues not being identified until the next day.",,,,,,,,,,,,
co-04--local-safe-engine--qwen3-4b-incumbent-bestof4-raw,co-04,cohesion_known_new,"The survey showed that students wanted more evening tutoring. That preference was strongest among students who work during the day. Their schedules make daytime appointments difficult, so the department is considering a later tutoring block.","The survey indicated that students wanted more evening tutoring. This preference was most pronounced among students who work during the day. Their busy schedules make daytime tutoring appointments challenging, so the department is considering adding a later tutoring block.","The survey showed that students wanted more evening tutoring. That preference was strongest among students who work during the day. Their schedules make daytime appointments difficult, so the department is considering a later tutoring block.",,,,,,,,,,,,
co-05--local-safe-engine--qwen3-4b-incumbent-bestof4-raw,co-05,cohesion_known_new,"The app stores approved examples in a local file. That file is loaded when the app starts and provides a small set of writing preferences. Those preferences can change ranking, but they do not override the safety checks.","The app stores approved examples in a local file. That file is loaded when the app starts and provides a small set of writing preferences. Those preferences can change ranking, but they do not override the safety checks.","The app stores approved examples in a local file. This file is loaded when the app starts and offers a limited set of writing preferences. These preferences can affect the ranking, but they do not override the safety checks.",,,,,,,,,,,,
co-06--local-safe-engine--qwen3-4b-incumbent-bestof4-raw,co-06,cohesion_known_new,"The first experiment used a smaller sample than planned. The smaller sample reduced the amount of data available for comparison. That limitation does not invalidate the experiment, but it makes the result less certain.","The first experiment used a smaller sample than planned. This smaller sample reduced the amount of data available for comparison. While the limitation does not invalidate the experiment, it makes the results less certain.","The first experiment used a smaller sample than planned. The smaller sample reduced the amount of data available for comparison. That limitation does not invalidate the experiment, but it makes the result less certain.",,,,,,,,,,,,
lr-01--local-safe-engine--qwen3-4b-incumbent-bestof4-raw,lr-01,logical_relations,"The printer was working in the morning, but it stopped after the network settings were changed. Because the other printers stayed online, the technician thinks the problem is local to that machine rather than the whole network.","The printer was working in the morning, but it stopped after the network settings were changed. Because the other printers stayed online, the technician thinks the issue is local to that machine rather than the whole network.","The printer was working in the morning but stopped after the network settings were changed. Since the other printers remained online, the technician believes the issue is specific to that machine rather than the entire network.",,,,,,,,,,,,
lr-02--local-safe-engine--qwen3-4b-incumbent-bestof4-raw,lr-02,logical_relations,"If the weather stays clear, the field work will begin Thursday. If it rains, the team will use Thursday for equipment checks instead and move the field work to Friday.","If the weather remains clear, the field work will start on Thursday. If it rains, the team will use Thursday for equipment checks and move the field work to Friday.","If the weather stays direct, the field work will begin Thursday. If it rains, the team will use Thursday for equipment checks instead and move the field work to Friday.",,,,,,,,,,,,
lr-03--local-safe-engine--qwen3-4b-incumbent-bestof4-raw,lr-03,logical_relations,"The new process takes one extra step at the beginning, yet it usually saves time later because fewer requests are returned for missing information.","The new process includes an additional step at the beginning, but it often saves time later because it results in fewer requests for missing information.","The new process takes one extra step at the beginning, yet it usually saves time later because fewer requests are returned for missing information.",,,,,,,,,,,,
lr-04--local-safe-engine--qwen3-4b-incumbent-bestof4-raw,lr-04,logical_relations,Maya finished the data cleanup before Jordan ran the analysis. That order matters because the earlier version of the dataset still contained duplicate rows.,Maya completed the data cleanup before Jordan ran the analysis. The order was important because the earlier version of the dataset still had duplicate rows.,Maya finished the data cleanup before Jordan ran the analysis. That order matters because the earlier version of the dataset still contained duplicate rows.,,,,,,,,,,,,
lr-05--local-safe-engine--qwen3-4b-incumbent-bestof4-raw,lr-05,logical_relations,"Although the pilot did not reach its enrollment target, the participants who completed it reported fewer scheduling conflicts. The department therefore wants another trial before deciding whether to expand the program.","Even though the pilot did not reach its enrollment target, the participants who completed it reported fewer scheduling conflicts. The department therefore wants another trial before deciding whether to expand the program.","Although the pilot did not meet its enrollment target, participants who completed it reported fewer scheduling conflicts. The department therefore wants to conduct another trial before deciding whether to expand the program.",,,,,,,,,,,,
lr-06--local-safe-engine--qwen3-4b-incumbent-bestof4-raw,lr-06,logical_relations,"The first draft explains what happened, whereas the second draft explains why it happened. Both are accurate, but the second is more useful for the report because the assignment asks for analysis rather than summary.","The first draft describes what happened, while the second draft explains why it happened. Both are accurate, but the second is more useful for the report because the assignment requires analysis rather than a summary.","The first draft explains what happened, whereas the second draft explains why it happened. Both are accurate, but the second is more helpful for the report because the assignment asks for analysis rather than summary.",,,,,,,,,,,,
rc-01--local-safe-engine--qwen3-4b-incumbent-bestof4-raw,rc-01,reference_coreference,"Nina sent Priya the revised chart after Priya noticed the labeling error. She had already fixed the colors, so the only remaining change was the axis label.","Nina sent Priya the revised chart after Priya noticed the labeling error. She had already fixed the colors, so the only remaining change was the axis label.","Nina sent Priya the revised chart after Priya noticed the labeling error. She had already corrected the colors, so the only remaining change was the axis label.",,,,,,,,,,,,
rc-02--local-safe-engine--qwen3-4b-incumbent-bestof4-raw,rc-02,reference_coreference,The advisor told the student that the registrar had not received the form. The student emailed the registrar that afternoon and learned that the attachment had been blocked by the mail system.,The advisor told the student that the registrar had not received the form. The student emailed the registrar that afternoon and learned that the attachment had been blocked by the mail system.,The advisor informed the student that the registrar had not received the form. The student then emailed the registrar that afternoon and found out that the attachment had been blocked by the mail system.,,,,,,,,,,,,
rc-03--local-safe-engine--qwen3-4b-incumbent-bestof4-raw,rc-03,reference_coreference,"The battery warning appeared after the laptop was connected to the dock. Removing the dock made the warning disappear, which suggests the dock or its power adapter may be involved.","The battery warning appeared after the laptop was connected to the dock. Removing the dock caused the warning to disappear, suggesting that the dock or its power adapter may be the source of the issue.","The battery warning appeared after the laptop was connected to the dock. Removing the dock made the warning disappear, which suggests the dock or its power adapter may be involved.",,,,,,,,,,,,
rc-04--local-safe-engine--qwen3-4b-incumbent-bestof4-raw,rc-04,reference_coreference,"Ava reviewed Liam's notes before he submitted the report. She corrected two dates in the notes, but he chose not to change the wording of the report itself.","Ava reviewed Liam's notes before he submitted the report. She corrected two dates in the notes, but he chose not to change the wording of the report itself.","Ava reviewed Liam's notes before he submitted the report. She corrected two dates in the notes, but he decided not to change the wording of the report itself.",,,,,,,,,,,,
rc-05--local-safe-engine--qwen3-4b-incumbent-bestof4-raw,rc-05,reference_coreference,"The first server sends logs to the backup server every hour. If it stops responding, the backup keeps the most recent copy but does not automatically become the primary server.","The first server sends logs to the backup server every hour. If it stops responding, the backup keeps the most recent copy but does not automatically become the primary server.","The first server sends logs to the backup server every hour. If the primary server stops responding, the backup retains the most recent copy but does not automatically become the primary server.",,,,,,,,,,,,
rc-06--local-safe-engine--qwen3-4b-incumbent-bestof4-raw,rc-06,reference_coreference,The committee asked the vendor to revise the estimate because its labor total did not match the hours listed in the proposal. The vendor agreed to check the calculation before the next meeting.,The committee asked the vendor to revise the estimate because its labor total did not match the hours listed in the proposal. The vendor agreed to check the calculation before the next meeting.,The committee requested that the vendor revise the estimate since the total labor cost did not align with the hours listed in the proposal. The vendor agreed to review the calculation before the next meeting.,,,,,,,,,,,,
mp-01--local-safe-engine--qwen3-4b-incumbent-bestof4-raw,mp-01,modality_negation_precision,"The change might reduce startup time, but we do not have enough measurements to say that it definitely does. For now, the result should be treated as promising rather than conclusive.","The change might reduce startup time, but we do not have enough measurements to say that it definitely does. For now, the result should be treated as promising rather than conclusive.","The change may reduce startup time, but we do not have enough measurements to confirm that it definitely does. For now, the result should be considered promising rather than conclusive.",,,,,,,,,,,,
mp-02--local-safe-engine--qwen3-4b-incumbent-bestof4-raw,mp-02,modality_negation_precision,"I would prefer to take the morning section, although I can attend the afternoon section if the morning one is full. I am not asking to be moved unless a seat is actually available.","I would prefer to take the morning section, but I am willing to attend the afternoon section if the morning one is full. I am not asking to be moved unless a seat actually becomes available.","I would prefer to receive the morning section, even though I can attend the afternoon section if the morning one is full. I am not asking to be moved unless a seat is actually available.",,,,,,,,,,,,
mp-03--local-safe-engine--qwen3-4b-incumbent-bestof4-raw,mp-03,modality_negation_precision,"The sensor can detect a temperature change, but it cannot tell us what caused that change. A sudden increase could come from the heater, direct sunlight, or another source.","The sensor can detect a temperature change, but it cannot tell us what caused that change. A sudden boost could come from the heater, direct sunlight, or another source.","The sensor can detect a temperature change, but it cannot determine the cause of that change. A sudden increase could result from the heater, direct sunlight, or another source.",,,,,,,,,,,,
mp-04--local-safe-engine--qwen3-4b-incumbent-bestof4-raw,mp-04,modality_negation_precision,The policy says employees should report suspected errors; it does not say they must prove an error occurred before reporting it.,The policy says employees should report suspected errors; it does not say they must prove an error occurred before reporting it.,"The policy states that employees should report suspected errors, but it does not require them to prove an error occurred before reporting it.",,,,,,,,,,,,
mp-05--local-safe-engine--qwen3-4b-incumbent-bestof4-raw,mp-05,modality_negation_precision,"There is no evidence that the file was deleted intentionally. It may have been removed during cleanup, but the logs are incomplete, so that explanation is only a possibility.","There is no evidence that the file was deleted intentionally. It may have been removed during cleanup, but the logs are incomplete, so that explanation is only a possibility.","There is no evidence that the file was intentionally deleted. It could have been removed during cleanup, but the logs are incomplete, so that explanation is only a possibility.",,,,,,,,,,,,
mp-06--local-safe-engine--qwen3-4b-incumbent-bestof4-raw,mp-06,modality_negation_precision,"The medication is expected to help most patients, but it does not guarantee that every patient will improve. Anyone with questions should speak with a clinician rather than changing the dose on their own.","The medication is expected to guide most patients, but it does not guarantee that every patient will improve. Anyone with questions should speak with a clinician rather than changing the dose on their own.","The medication is expected to help most patients, but it does not guarantee that every patient will improve. Those with questions should consult a clinician rather than adjusting the dose on their own.",,,,,,,,,,,,
fa-01--local-safe-engine--qwen3-4b-incumbent-bestof4-raw,fa-01,factual_anchors,"On September 14, 2026, Maya Chen paid $184.75 for the replacement part. The receipt says the part can be returned within 30 days if it has not been installed.","On September 14, 2026, Maya Chen paid $184.75 for a replacement part. The receipt states that the part can be returned within 30 days if it has not been installed.","On September 14, 2026, Maya Chen paid $184.75 for the replacement part. The receipt says the part can be returned within 30 days if it has not been installed.",,,,,,,,,,,,
fa-02--local-safe-engine--qwen3-4b-incumbent-bestof4-raw,fa-02,factual_anchors,The lab recorded a pH of 6.4 before treatment and 7.1 afterward. The report calls the change 'modest but consistent' across the five samples.,"The lab recorded a pH of 6.4 before treatment and 7.1 after treatment. The report describes the change as ""modest but consistent"" across the five samples.",The lab recorded a pH of 6.4 before treatment and 7.1 afterward. The report calls the change 'modest but consistent' across the five samples.,,,,,,,,,,,,
fa-03--local-safe-engine--qwen3-4b-incumbent-bestof4-raw,fa-03,factual_anchors,"Jordan Lee emailed the draft to review@example.org at 3:40 p.m. The subject line was 'Budget revision v2,' and the attachment was 2.8 MB.","Jordan Lee sent the draft to review@example.org at 3:40 p.m. The subject line was ""Budget revision v2,"" and the attachment was 2.8 MB.","Jordan Lee emailed the draft to review@example.org at 3:40 p.m. The subject line was 'Budget revision v2,' and the attachment was 2.8 MB.",,,,,,,,,,,,
fa-04--local-safe-engine--qwen3-4b-incumbent-bestof4-raw,fa-04,factual_anchors,"Section 4.2 requires a backup every 12 hours, not once per day. The exception applies only to systems that are offline for maintenance.","Section 4.2 specifies that a backup should occur every 12 hours, not once per day. This exception applies only to systems that are offline for maintenance.","Section 4.2 requires a backup every 12 hours, not once per day. The exception applies only to systems that is offline for maintenance.",,,,,,,,,,,,
fa-05--local-safe-engine--qwen3-4b-incumbent-bestof4-raw,fa-05,factual_anchors,"The shipment contained 18 blue units and 7 gray units. Two blue units were damaged, so the usable total was 23 units.","The shipment contained 18 blue units and 7 gray units. Two blue units were damaged, so the usable total was 23 units.","The shipment included 18 blue units and 7 gray units. Two of the blue units were damaged, resulting in a usable total of 23 units.",,,,,,,,,,,,
fa-06--local-safe-engine--qwen3-4b-incumbent-bestof4-raw,fa-06,factual_anchors,"The study ran from January through March 2026 and included 126 participants. Of those participants, 54 completed both follow-up surveys.","The study took place from January through March 2026 and involved 126 participants. Of these participants, 54 completed both follow-up surveys.","The study ran from January through March 2026 and included 126 participants. Of those participants, 54 completed both follow-up surveys.",,,,,,,,,,,,
gm-01--local-safe-engine--qwen3-4b-incumbent-bestof4-raw,gm-01,grammar_minimal_edit,The results was surprising because each of the samples were collected under the same conditions. I don't think the difference come from the equipment.,The results was surprising because each of the samples were collected under the same conditions. I don't think the difference come from the equipment.,The results were surprising because each sample was collected under the same conditions. I don't think the difference came from the equipment.,,,,,,,,,,,,
gm-02--local-safe-engine--qwen3-4b-incumbent-bestof4-raw,gm-02,grammar_minimal_edit,"She has went to the tutoring center twice this week, and both visits has helped her understand the material better.","She has went to the tutoring center twice this week, and both visits have helped her grasp the material better.","She has gone to the tutoring center twice this week, and both visits have helped her understand the material better.",,,,,,,,,,,,
gm-03--local-safe-engine--qwen3-4b-incumbent-bestof4-raw,gm-03,grammar_minimal_edit,"There is several reasons the schedule need to change, but the main one are that the current times conflict with lab.","There are several reasons why the schedule needs to change, but the main one is that the current times conflict with lab sessions.","There are several reasons the schedule. I need to change, but the main one are that the current times conflict with lab.",,,,,,,,,,,,
gm-04--local-safe-engine--qwen3-4b-incumbent-bestof4-raw,gm-04,grammar_minimal_edit,The advisor suggested me to wait until the final grade posts before I submit a new request.,The advisor suggested me to wait until the final grade posts before I submit a new request.,The advisor recommended that I wait until the final grades are posted before submitting a new request.,,,,,,,,,,,,
gm-05--local-safe-engine--qwen3-4b-incumbent-bestof4-raw,gm-05,grammar_minimal_edit,Neither the new instructions nor the example explain what happens if a student submit the form late.,Neither the new instructions nor the example clarify what happens if a student submits the form late.,Neither the new instructions nor the example explain what happens if a student submit the form is late.,,,,,,,,,,,,
gm-06--local-safe-engine--qwen3-4b-incumbent-bestof4-raw,gm-06,grammar_minimal_edit,"I was planning on finishing it yesterday, but the files I needed wasn't available until this morning.","I was planning to finish it yesterday, but the files I needed weren't available until this morning.","I was planning on finishing it yesterday, but the files I needed wasn't available until this morning.",,,,,,,,,,,,
ss-01--local-safe-engine--qwen3-4b-incumbent-bestof4-raw,ss-01,sentence_structure,The deadline moved to Friday. Because the vendor sent the corrected estimate late. Which gave the team less time to review the numbers.,"The deadline was moved to Friday because the vendor sent the corrected estimate late, which gave the team less time to review the numbers.",The deadline moved to Friday. Because the vendor sent the corrected estimate late. Which gave the team less time to review the numbers.,,,,,,,,,,,,
ss-02--local-safe-engine--qwen3-4b-incumbent-bestof4-raw,ss-02,sentence_structure,I opened the dashboard the totals looked wrong I refreshed the page nothing changed so I checked the raw file and found two duplicated rows.,"I opened the dashboard, and the totals looked wrong. I refreshed the page, but nothing changed. Then I checked the raw file and found two duplicated rows.",I opened the dashboard the totals looked wrong I refreshed the page nothing changed so I checked the raw file and found two duplicated rows.,,,,,,,,,,,,
ss-03--local-safe-engine--qwen3-4b-incumbent-bestof4-raw,ss-03,sentence_structure,"After reviewing the application, the missing transcript was obvious to the advisor. The student had uploaded the other documents correctly.","After reviewing the application, the advisor found the missing transcript to be obvious. The student had correctly uploaded the other documents.","After reviewing the application, the missing transcript was obvious to the advisor. The student had uploaded the other documents correctly.",,,,,,,,,,,,
ss-04--local-safe-engine--qwen3-4b-incumbent-bestof4-raw,ss-04,sentence_structure,"The internship requires writing weekly summaries, to attend a Friday meeting, and completing one final presentation.","The internship requires writing weekly summaries, to attend a Friday meeting, and completing one final presentation.","The internship involves writing weekly summaries, attending a Friday meeting, and completing one final presentation.",,,,,,,,,,,,
ss-05--local-safe-engine--qwen3-4b-incumbent-bestof4-raw,ss-05,sentence_structure,"The first meeting was scheduled for Monday, but two people could not attend, and then it moved to Wednesday, and the room was unavailable, so now it is Thursday afternoon.","The first meeting was scheduled for Monday, but two people could not attend, so it was moved to Wednesday. However, the room was unavailable, and now it is scheduled for Thursday afternoon.","The first meeting was scheduled for Monday, but two people could not attend, and then it moved to Wednesday, and the room was unavailable, so now it is Thursday afternoon.",,,,,,,,,,,,
ss-06--local-safe-engine--qwen3-4b-incumbent-bestof4-raw,ss-06,sentence_structure,The report includes the survey results. Along with a short explanation of the sampling method and why the response rate matters.,"The report includes the survey results, along with a brief explanation of the sampling method and the importance of the response rate.",The report covers the survey results. Along with a short explanation of the sampling method and why the response rate matters.,,,,,,,,,,,,
lc-01--local-safe-engine--qwen3-4b-incumbent-bestof4-raw,lc-01,lexical_collocation,The new checklist made a strong improvement in how consistently the team records equipment problems. People are now more likely to include the exact error message instead of a general description.,The new checklist significantly improved the team's consistency in recording equipment problems. People are now more likely to include the exact error message rather than a general description.,The new checklist made a powerful improvement in how consistently the team records equipment problems. People are now more likely to include the exact error message instead of a general description.,,,,,,,,,,,,
lc-02--local-safe-engine--qwen3-4b-incumbent-bestof4-raw,lc-02,lexical_collocation,"The professor gave a heavy warning that late submissions would receive a penalty. The warning was clear, but the exact size of the penalty was not listed.","The professor issued a clear warning that late submissions would incur a penalty. While the warning was straightforward, the specific details of the penalty were not provided.","The professor gave a heavy warning that late submissions would receive a penalty. The warning was direct, but the exact size of the penalty was not listed.",,,,,,,,,,,,
lc-03--local-safe-engine--qwen3-4b-incumbent-bestof4-raw,lc-03,lexical_collocation,The software performed a decision to close the connection after three failed attempts. That behavior prevents the client from waiting forever for a response.,The software performed a decision to close the connection after three failed attempts. That behavior prevents the client from waiting forever for a response.,The software closes the connection after three failed attempts. This behavior prevents the client from waiting indefinitely for a response.,,,,,,,,,,,,
lc-04--local-safe-engine--qwen3-4b-incumbent-bestof4-raw,lc-04,lexical_collocation,"The survey received a large interest from first-year students, especially those looking for evening sections. Interest from returning students was more moderate.","The survey generated significant interest among first-year students, particularly those seeking evening sections. Interest from returning students was more moderate.","The survey received a large interest from first-year students, especially those looking for evening sections. Interest from returning students were more moderate.",,,,,,,,,,,,
lc-05--local-safe-engine--qwen3-4b-incumbent-bestof4-raw,lc-05,lexical_collocation,The team made an investigation into why the request failed and discovered that the token had expired. Renewing the token solved the problem immediately.,The team investigated the reason for the request failure and found that the token had expired. Renewing the token resolved the issue immediately.,The team made an investigation into why the request failed and discovered that the token had expired. Renewing the token solved the problem immediately.,,,,,,,,,,,,
lc-06--local-safe-engine--qwen3-4b-incumbent-bestof4-raw,lc-06,lexical_collocation,"The explanation is technically correct, but the wording feels unusually bookish for a short message to classmates. I want it to sound normal without making it childish.","The explanation is technically correct, but the wording feels overly formal for a short message to classmates. I want it to sound natural without coming across as childish.","The explanation is technically correct, but the wording feels unusually bookish for a short message to classmates. I want it to sound normal without making it childish.",,,,,,,,,,,,
rt-01--local-safe-engine--qwen3-4b-incumbent-bestof4-raw,rt-01,register_tone,"hey, just checking if friday at 3 still works for you. if not no worries, i can do later that afternoon too.","Just checking if Friday at 3 still works for you. If not, I can adjust to a later time that afternoon.","Hey, just checking if friday at 3 still works for you. If not no worries, I can do later that afternoon too.",,,,,,,,,,,,
rt-02--local-safe-engine--qwen3-4b-incumbent-bestof4-raw,rt-02,register_tone,"The whole signup process was honestly kind of a mess, but the staff member who helped me was great and got it sorted out pretty fast.","The entire signup process was honestly a bit of a mess, but the staff member who helped me was great and got it sorted out pretty quickly.","The whole signup process was honestly kind of a mess, but the staff member who helped me was great and got it sorted out pretty fast.",,,,,,,,,,,,
rt-03--local-safe-engine--qwen3-4b-incumbent-bestof4-raw,rt-03,register_tone,"I am writing to ask whether it would be possible to take the exam earlier that day. I have a required lab immediately afterward, so an earlier time would help me avoid a conflict.","I am writing to ask whether it would be possible to receive the exam earlier that day. I have a required lab immediately afterward, so an earlier time would help me avoid a conflict.","I am writing to ask if it would be possible to take the exam earlier in the day. I have a required lab immediately after, so an earlier time would help me avoid a conflict.",,,,,,,,,,,,
rt-04--local-safe-engine--qwen3-4b-incumbent-bestof4-raw,rt-04,register_tone,"ngl I thought the tutorial was gonna be useless, but it actually explained the one part I kept getting wrong. I still would not watch the whole thing again.","Ngl I thought the tutorial was gonna be useless, but it actually explained the one part I kept getting wrong. I still would not watch the whole thing again.","Honestly, I thought the tutorial would be useless, but it actually clarified the one part I was struggling with. I still wouldn’t watch the whole thing again.",,,,,,,,,,,,
rt-05--local-safe-engine--qwen3-4b-incumbent-bestof4-raw,rt-05,register_tone,"The proposal is solid overall, but the budget section feels a little shaky because several costs are estimates instead of quotes. I would double-check those numbers before sending it.","The proposal is generally strong, but the budget section seems a bit uncertain because several costs are estimates rather than confirmed quotes. I would recommend verifying those figures before sending it.","The proposal is solid overall, but the budget section feels a little shaky because several costs are estimates instead of quotes. I would double-check those numbers before sending it.",,,,,,,,,,,,
rt-06--local-safe-engine--qwen3-4b-incumbent-bestof4-raw,rt-06,register_tone,"I appreciate the quick response. I am still confused about whether the form goes back to your office or directly to the testing center, so I want to make sure I send it to the right place.","I appreciate the quick response. I am still confused about whether the form goes back to your office or directly to the testing center, so I want to make sure I send it to the right place.","I appreciate the quick response. I’m still unsure whether the form should be sent back to your office or directly to the testing center, so I want to make sure I send it to the correct location.",,,,,,,,,,,,
pu-01--local-safe-engine--qwen3-4b-incumbent-bestof4-raw,pu-01,paragraph_unity_redundancy,The main benefit of the new form is that it asks for all required information in one place. That is useful because people no longer have to send a second email with missing details. The form is beneficial because it reduces the need for follow-up messages about information that was left out.,The main benefit of the new form is that it asks for all required information in one place. That is useful because people no longer have to send a second email with missing details. The form is beneficial because it reduces the require for follow-up messages about information that was left out.,The main benefit of the new form is that it consolidates all required information in one place. This is useful because people no longer need to send a second email with missing details. The form is beneficial because it reduces the need for follow-up messages regarding missing information.,,,,,,,,,,,,
pu-02--local-safe-engine--qwen3-4b-incumbent-bestof4-raw,pu-02,paragraph_unity_redundancy,"The lab report should explain why the result matters, not only list the measurements. The measurements still need to be included because they support the explanation. A good report connects the data to the conclusion instead of treating them as separate pieces.","The lab report should make clear why the result matters, not only list the measurements. The measurements still have to be included because they support the explanation. A good report connects the data to the conclusion instead of treating them as separate pieces.","The lab report should explain why the results are significant, not just list the measurements. The measurements are still necessary because they provide support for the explanation. A good report links the data to the conclusion rather than treating them as separate elements.",,,,,,,,,,,,
pu-03--local-safe-engine--qwen3-4b-incumbent-bestof4-raw,pu-03,paragraph_unity_redundancy,I use the calendar mostly to avoid missing small deadlines. It also helps me see when several assignments pile up in the same week. I like dark mode in most apps because bright screens bother me at night.,I use the calendar mainly to avoid missing small deadlines. It also helps me keep track of when multiple assignments accumulate in the same week. I prefer dark mode in most apps because bright screens irritate me at night.,I use the calendar mostly to avoid missing small deadlines. It also helps me see when several assignments pile up in the same week. I like dark mode in most apps because bright screens bother me at night.,,,,,,,,,,,,
pu-04--local-safe-engine--qwen3-4b-incumbent-bestof4-raw,pu-04,paragraph_unity_redundancy,"The update reduced the time needed to open large projects. Startup is faster now, and opening a large project takes less time than before. The improvement is most noticeable on projects with many files.","The update reduced the time needed to open large projects. Startup is faster now, and opening a large project takes less time than before. The improvement is most noticeable on projects with many files.","The update reduced the time required to open large projects. Startup is now faster, and opening a large project takes less time than it did before. The improvement is most noticeable in projects with many files.",,,,,,,,,,,,
pu-05--local-safe-engine--qwen3-4b-incumbent-bestof4-raw,pu-05,paragraph_unity_redundancy,The discussion board was more useful once people started responding to specific points instead of posting generic agreement. Those specific replies gave the original writer something concrete to answer. That made the conversation feel more like an actual discussion.,The discussion board was more helpful once people started responding to specific points instead of posting generic agreement. Those specific replies gave the source writer something concrete to answer. That made the conversation feel more like an actual discussion.,"The discussion board became more useful when people began responding to specific points rather than posting general agreement. These specific replies provided the original writer with something concrete to address, making the conversation feel more like a real discussion.",,,,,,,,,,,,
pu-06--local-safe-engine--qwen3-4b-incumbent-bestof4-raw,pu-06,paragraph_unity_redundancy,"The first two steps of the setup are simple, but the third step assumes the user already knows where the configuration file is stored. That missing explanation is the main reason the instructions feel harder than the process actually is.","The first two steps of the setup are straightforward, but the third step assumes the user already knows where the configuration file is stored. This missing explanation is the main reason the instructions feel more complicated than the process actually is.","The first two steps of the setup are easy, but the third step assumes the user already knows where the configuration file is stored. That missing explanation is the main reason the instructions feel harder than the process actually is.",,,,,,,,,,,,
ai-01--local-safe-engine--qwen3-4b-incumbent-bestof4-raw,ai-01,ambiguity_non_invention,"The meeting did not go the way I expected. Something came up near the end, and we decided to revisit the issue next week.","The meeting did not go as I had expected. Near the end, something arose, and we decided to revisit the issue next week.","The meeting did not go the way I expected. Something came up near the end, and we decided to revisit the issue next week.",,,,,,,,,,,,
ai-02--local-safe-engine--qwen3-4b-incumbent-bestof4-raw,ai-02,ambiguity_non_invention,"The file disappeared sometime after lunch. I checked the shared folder and my downloads, but I still do not know whether it was moved, renamed, or deleted.","The file disappeared sometime after lunch. I checked the shared folder and my downloads, but I still do not know whether it was moved, renamed, or deleted.","The file disappeared after lunch. I checked the shared folder and my downloads, but I still don't know if it was moved, renamed, or deleted.",,,,,,,,,,,,
ai-03--local-safe-engine--qwen3-4b-incumbent-bestof4-raw,ai-03,ambiguity_non_invention,"People have raised concerns about the new process, but the notes do not say how many people complained or which part of the process bothered them.","People have raised concerns about the new process, but the notes do not say how many people complained or which part of the process bothered them.","Concerns have been raised about the new process, but the notes do not specify how many people complained or which aspect of the process was problematic.",,,,,,,,,,,,
ai-04--local-safe-engine--qwen3-4b-incumbent-bestof4-raw,ai-04,ambiguity_non_invention,"The test failed after the configuration changed, but that timing alone does not prove the configuration caused the failure. No one has reproduced the problem yet.","The test failed after the configuration changed, but that timing alone does not prove the configuration caused the failure. No one has reproduced the issue yet.","The test failed after the configuration changed, but the timing alone does not prove that the configuration caused the failure. No one has yet reproduced the problem.",,,,,,,,,,,,
ai-05--local-safe-engine--qwen3-4b-incumbent-bestof4-raw,ai-05,ambiguity_non_invention,"The instructor said my explanation needs more support. I am not sure whether she wants another source, a better example, or a clearer connection to the evidence I already used.","The instructor said my explanation needs more support. I am not sure whether she wants another source, a stronger example, or a clearer connection to the evidence I already used.","The instructor mentioned that my explanation needs more support. I'm not sure if she wants another source, a better example, or a clearer connection to the evidence I already used.",,,,,,,,,,,,
ai-06--local-safe-engine--qwen3-4b-incumbent-bestof4-raw,ai-06,ambiguity_non_invention,The package arrived with damage on one corner. I cannot tell whether the item inside is damaged because I have not opened the box yet.,The package arrived with damage on one corner. I cannot tell whether the item inside is damaged because I have not opened the box yet.,The package arrived with damage on one corner. I cannot determine if the item inside is damaged because I have not yet opened the box.,,,,,,,,,,,,
me-01--local-safe-engine--qwen3-4b-incumbent,me-01,meaning_equivalence,"I started using the new study schedule about two weeks ago. It has not made studying easier, but I waste less time deciding what to work on, which is why I plan to keep using it.","I started using the new study schedule about two weeks ago. It has not made studying easier, but I waste less time deciding what to work on, which is why I plan to keep using it.","I started using the new study schedule two weeks ago. It hasn't made studying easier, but I spend less time deciding what to work on, which is why I plan to keep using it.",,,,,,,,,,,,
me-02--local-safe-engine--qwen3-4b-incumbent,me-02,meaning_equivalence,"The update looks smaller than the previous release because most of the changes are behind the scenes. The interface barely changed, but loading large files is noticeably faster on my laptop.","The update appears smaller than the previous release because most of the changes are behind the scenes. The interface has changed very little, but loading large files are noticeably faster on my laptop.","The update looks smaller than the previous release because most of the changes are behind the scenes. The interface barely changed, but loading large files are noticeably faster on my laptop.",,,,,,,,,,,,
me-03--local-safe-engine--qwen3-4b-incumbent,me-03,meaning_equivalence,"I liked the presentation overall even though the first section dragged a little. Once the examples started, the argument became much easier to follow and the final recommendation made sense.","I liked the presentation overall, even though the first section dragged a little. Once the examples began, the argument became much easier to follow, and the final recommendation made sense.","I liked the presentation overall even though the first section dragged a little. Once the examples started, the argument became much easier to follow and the final recommendation made sense.",,,,,,,,,,,,
me-04--local-safe-engine--qwen3-4b-incumbent,me-04,meaning_equivalence,The class is not difficult because of the amount of reading. The harder part is keeping track of several small assignments that are due on different days each week.,The class is not difficult because of the amount of reading. The harder part is keeping track of several small assignments that is due on different days each week.,The class isn't difficult because of the amount of reading. The main challenge is keeping up with several small assignments that is due on different days each week.,,,,,,,,,,,,
me-05--local-safe-engine--qwen3-4b-incumbent,me-05,meaning_equivalence,"My first draft was longer, but it was not actually more detailed. I had repeated the same point in several ways, so cutting those sentences made the explanation clearer without removing evidence.","My first draft was longer, but it wasn't more detailed. I had repeated the same point in several ways, so cutting those sentences made the explanation clearer without removing any evidence.","My first draft was longer, but it was not actually more detailed. I had repeated the same point in several ways, so cutting those clauses made the explanation clearer without removing evidence.",,,,,,,,,,,,
me-06--local-safe-engine--qwen3-4b-incumbent,me-06,meaning_equivalence,"The professor did not say the proposal was wrong. She said the main idea was promising, but the evidence was too limited to support the conclusion yet.","The professor did not say the proposal was incorrect. She noted that the main idea was promising, but the evidence was too limited to fully support the conclusion at this time.","The professor did not say the proposal was wrong. She said the main idea was promising, but the evidence was too limited to support the conclusion yet.",,,,,,,,,,,,
co-01--local-safe-engine--qwen3-4b-incumbent,co-01,cohesion_known_new,The biology lab introduced a new microscope camera last week. The camera can save images directly to the lab computers. Those saved images make it easier for students to compare samples after class.,"The biology lab introduced a new microscope camera last week. The camera allows images to be saved directly to the lab computers, making it easier for students to compare samples after class.",The biology lab introduced a new microscope camera last week. The camera can save images directly to the lab computers. Those saved images make it easier for students to compare samples after class.,,,,,,,,,,,,
co-02--local-safe-engine--qwen3-4b-incumbent,co-02,cohesion_known_new,"The team found three duplicate records during the audit. Those duplicates came from an old import script. The script had been retired months ago, but its records were still present in the database.","The team identified three duplicate records during the audit. These duplicates originated from an old import script. The script had been retired months ago, but its records remained in the database.","The team found three duplicate records during the audit. Those duplicates came from an old import script. The script had been retired months ago, but its records were still present in the database.",,,,,,,,,,,,
co-03--local-safe-engine--qwen3-4b-incumbent,co-03,cohesion_known_new,"A late shipment delayed the first test run. Because the test started late, the team had only one afternoon to review the results. That shorter review period is why several minor issues were not caught until the next day.","A late shipment was delayed the first test run. Because, the team had only one afternoon to review the results. The shorter review period led to several minor issues not being identified until the next day.","A late shipment was delayed the first test run. Because the test started late, the team had only one afternoon to review the results. That shorter review period is why several minor issues were not caught until the next day.",,,,,,,,,,,,
co-04--local-safe-engine--qwen3-4b-incumbent,co-04,cohesion_known_new,"The survey showed that students wanted more evening tutoring. That preference was strongest among students who work during the day. Their schedules make daytime appointments difficult, so the department is considering a later tutoring block.","The survey indicated that students wanted more evening tutoring. This preference was most evident among students who work during the day. Their busy schedules make daytime tutoring appointments challenging, so the department is considering adding a later tutoring block.","The survey showed that students wanted more evening tutoring. That preference was strongest among students who work during the day. Their schedules make daytime appointments difficult, so the department is considering a later tutoring block.",,,,,,,,,,,,
co-05--local-safe-engine--qwen3-4b-incumbent,co-05,cohesion_known_new,"The app stores approved examples in a local file. That file is loaded when the app starts and provides a small set of writing preferences. Those preferences can change ranking, but they do not override the safety checks.","The app stores approved examples in a local file. That file is loaded when the app starts and provides a small set of writing preferences. Those preferences can change ranking, but they do not override the safety checks.","The app stores approved examples in a local file. This file is loaded when the app starts and provides a limited set of writing preferences. These preferences can affect the ranking, but they do not override the safety checks.",,,,,,,,,,,,
co-06--local-safe-engine--qwen3-4b-incumbent,co-06,cohesion_known_new,"The first experiment used a smaller sample than planned. The smaller sample reduced the amount of data available for comparison. That limitation does not invalidate the experiment, but it makes the result less certain.","The first experiment used a smaller sample than planned. The smaller sample reduced the amount of data available for comparison. That limitation does not invalidate the experiment, but it makes the result less certain.","The first experiment used a smaller sample than planned. This smaller sample reduced the amount of data available for comparison. But the limitation does not invalidate the experiment, it makes the results less certain.",,,,,,,,,,,,
lr-01--local-safe-engine--qwen3-4b-incumbent,lr-01,logical_relations,"The printer was working in the morning, but it stopped after the network settings were changed. Because the other printers stayed online, the technician thinks the problem is local to that machine rather than the whole network.","The printer was working in the morning, but it stopped after the network settings were changed. Because the other printers stayed online, the technician thinks the issue is local to that machine rather than the whole network.","The printer was working in the morning but stopped after the network settings were changed. Since the other printers remained online, the technician believes the issue is specific to that machine rather than the entire network.",,,,,,,,,,,,
lr-02--local-safe-engine--qwen3-4b-incumbent,lr-02,logical_relations,"If the weather stays clear, the field work will begin Thursday. If it rains, the team will use Thursday for equipment checks instead and move the field work to Friday.","If the weather stays direct, the field work will begin Thursday. If it rains, the team will use Thursday for equipment checks instead and move the field work to Friday.","If the weather remains clear, field work will start on Thursday. If it rains, the team will use Thursday for equipment checks and move the field work to Friday.",,,,,,,,,,,,
lr-03--local-safe-engine--qwen3-4b-incumbent,lr-03,logical_relations,"The new process takes one extra step at the beginning, yet it usually saves time later because fewer requests are returned for missing information.","The new process takes one extra step at the beginning, yet it usually saves time later because fewer requests are returned for missing information.","The new process includes an additional step at the beginning, but it often saves time later because it results in fewer requests for missing information.",,,,,,,,,,,,
lr-04--local-safe-engine--qwen3-4b-incumbent,lr-04,logical_relations,Maya finished the data cleanup before Jordan ran the analysis. That order matters because the earlier version of the dataset still contained duplicate rows.,Maya completed the data cleanup before Jordan ran the analysis. The order was important because the earlier version of the dataset still had duplicate rows.,Maya finished the data cleanup before Jordan ran the analysis. That order matters because the earlier version of the dataset still contained duplicate rows.,,,,,,,,,,,,
lr-05--local-safe-engine--qwen3-4b-incumbent,lr-05,logical_relations,"Although the pilot did not reach its enrollment target, the participants who completed it reported fewer scheduling conflicts. The department therefore wants another trial before deciding whether to expand the program.","Although the pilot did not meet its enrollment target, participants who completed it reported fewer scheduling conflicts. The department therefore wants to conduct another trial before deciding whether to expand the program.","Even though the pilot did not reach its enrollment target, the participants who completed it reported fewer scheduling conflicts. The department therefore wants another trial before deciding whether to expand the program.",,,,,,,,,,,,
lr-06--local-safe-engine--qwen3-4b-incumbent,lr-06,logical_relations,"The first draft explains what happened, whereas the second draft explains why it happened. Both are accurate, but the second is more useful for the report because the assignment asks for analysis rather than summary.","The first draft explains what happened, whereas the second draft explains why it happened. Both are accurate, but the second is more helpful for the report because the assignment asks for analysis rather than summary.","The first draft describes what happened, while the second draft explains why it happened. Both are accurate, but the second is more useful for the report because the assignment requires analysis rather than a summary.",,,,,,,,,,,,
rc-01--local-safe-engine--qwen3-4b-incumbent,rc-01,reference_coreference,"Nina sent Priya the revised chart after Priya noticed the labeling error. She had already fixed the colors, so the only remaining change was the axis label.","Nina sent Priya the revised chart after Priya noticed the labeling error. She had already corrected the colors, so the only remaining change was the axis label.","Nina sent Priya the revised chart after Priya noticed the labeling error. She had already fixed the colors, so the only remaining change was the axis label.",,,,,,,,,,,,
rc-02--local-safe-engine--qwen3-4b-incumbent,rc-02,reference_coreference,The advisor told the student that the registrar had not received the form. The student emailed the registrar that afternoon and learned that the attachment had been blocked by the mail system.,The advisor told the student that the registrar had not received the form. The student emailed the registrar that afternoon and learned that the attachment had been blocked by the mail system.,The advisor informed the student that the registrar had not received the form. The student then emailed the registrar that afternoon and found out that the attachment had been blocked by the mail system.,,,,,,,,,,,,
rc-03--local-safe-engine--qwen3-4b-incumbent,rc-03,reference_coreference,"The battery warning appeared after the laptop was connected to the dock. Removing the dock made the warning disappear, which suggests the dock or its power adapter may be involved.","The battery warning appeared after the laptop was connected to the dock. Removing the dock caused the warning to disappear, suggesting that the dock or its power adapter may be the source of the issue.","The battery warning appeared after the laptop was connected to the dock. Removing the dock made the warning disappear, which suggests the dock or its power adapter may be involved.",,,,,,,,,,,,
rc-04--local-safe-engine--qwen3-4b-incumbent,rc-04,reference_coreference,"Ava reviewed Liam's notes before he submitted the report. She corrected two dates in the notes, but he chose not to change the wording of the report itself.","Ava reviewed Liam's notes before he submitted the report. She corrected two dates in the notes, but he chose not to change the wording of the report itself.","Ava reviewed Liam's notes before he submitted the report. She corrected two dates in the notes, but he chose not to change the wording of the report itself.",,,,,,,,,,,,
rc-05--local-safe-engine--qwen3-4b-incumbent,rc-05,reference_coreference,"The first server sends logs to the backup server every hour. If it stops responding, the backup keeps the most recent copy but does not automatically become the primary server.","The first server sends logs to the backup server every hour. If the primary server stops responding, the backup retains the most recent copy but does not automatically become the primary server.","The first server sends logs to the backup server every hour. If it stops responding, the backup keeps the most recent copy but does not automatically become the primary server.",,,,,,,,,,,,
rc-06--local-safe-engine--qwen3-4b-incumbent,rc-06,reference_coreference,The committee asked the vendor to revise the estimate because its labor total did not match the hours listed in the proposal. The vendor agreed to check the calculation before the next meeting.,The committee requested the vendor to revise the estimate since the total labor cost did not align with the hours listed in the proposal. The vendor agreed to review the calculation prior to the next meeting.,The committee asked the vendor to revise the estimate because its labor total did not match the hours listed in the proposal. The vendor agreed to check the calculation before the next meeting.,,,,,,,,,,,,
mp-01--local-safe-engine--qwen3-4b-incumbent,mp-01,modality_negation_precision,"The change might reduce startup time, but we do not have enough measurements to say that it definitely does. For now, the result should be treated as promising rather than conclusive.","The change may reduce startup time, but we do not have enough measurements to confirm that it definitely does. For now, the result should be considered promising rather than conclusive.","The change might reduce startup time, but we do not have enough measurements to say that it definitely does. For now, the result should be treated as promising rather than conclusive.",,,,,,,,,,,,
mp-02--local-safe-engine--qwen3-4b-incumbent,mp-02,modality_negation_precision,"I would prefer to take the morning section, although I can attend the afternoon section if the morning one is full. I am not asking to be moved unless a seat is actually available.","I would prefer to receive the morning section, even though I can attend the afternoon section if the morning one is full. I am not asking to be moved unless a seat is actually available.","I would prefer to take the morning section, but I am willing to attend the afternoon section if the morning one is full. I am not asking to be moved unless a seat is actually available.",,,,,,,,,,,,
mp-03--local-safe-engine--qwen3-4b-incumbent,mp-03,modality_negation_precision,"The sensor can detect a temperature change, but it cannot tell us what caused that change. A sudden increase could come from the heater, direct sunlight, or another source.","The sensor can detect a temperature change, but it cannot tell us what caused that change. A sudden boost could come from the heater, direct sunlight, or another source.","The sensor can detect a temperature change, but it cannot determine the cause of that change. A sudden increase could result from the heater, direct sunlight, or another source.",,,,,,,,,,,,
mp-04--local-safe-engine--qwen3-4b-incumbent,mp-04,modality_negation_precision,The policy says employees should report suspected errors; it does not say they must prove an error occurred before reporting it.,The policy says employees should report suspected errors; it does not say they must prove an error occurred before reporting it.,"The policy states that employees should report suspected errors, but it does not require them to prove an error occurred before reporting it.",,,,,,,,,,,,
mp-05--local-safe-engine--qwen3-4b-incumbent,mp-05,modality_negation_precision,"There is no evidence that the file was deleted intentionally. It may have been removed during cleanup, but the logs are incomplete, so that explanation is only a possibility.","There is no evidence that the file was deleted intentionally. It may have been removed during cleanup, but the logs are incomplete, so that explanation is only a possibility.","There is no evidence that the file was deleted intentionally. It may have been removed during cleanup, but the logs are incomplete, so that explanation is only a possibility.",,,,,,,,,,,,
mp-06--local-safe-engine--qwen3-4b-incumbent,mp-06,modality_negation_precision,"The medication is expected to help most patients, but it does not guarantee that every patient will improve. Anyone with questions should speak with a clinician rather than changing the dose on their own.","The medication is expected to guide most patients, but it does not guarantee that every patient will improve. Anyone with questions should speak with a clinician rather than changing the dose on their own.","The medication is expected to help most patients, but it does not guarantee improvement for every individual. Those with questions should consult a clinician rather than adjusting the dose on their own.",,,,,,,,,,,,
fa-01--local-safe-engine--qwen3-4b-incumbent,fa-01,factual_anchors,"On September 14, 2026, Maya Chen paid $184.75 for the replacement part. The receipt says the part can be returned within 30 days if it has not been installed.","On September 14, 2026, Maya Chen paid $184.75 for a replacement part. The receipt states that the part can be returned within 30 days if it has not been installed.","On September 14, 2026, Maya Chen paid $184.75 for the replacement part. The receipt says the part can be returned within 30 days if it has not been installed.",,,,,,,,,,,,
fa-02--local-safe-engine--qwen3-4b-incumbent,fa-02,factual_anchors,The lab recorded a pH of 6.4 before treatment and 7.1 afterward. The report calls the change 'modest but consistent' across the five samples.,The lab recorded a pH of 6.4 before treatment and 7.1 afterward. The report calls the change 'modest but consistent' across the five samples.,"The lab recorded a pH of 6.4 before treatment and 7.1 after treatment. The report describes the change as ""modest but consistent"" across the five samples.",,,,,,,,,,,,
fa-03--local-safe-engine--qwen3-4b-incumbent,fa-03,factual_anchors,"Jordan Lee emailed the draft to review@example.org at 3:40 p.m. The subject line was 'Budget revision v2,' and the attachment was 2.8 MB.","Jordan Lee emailed the draft to review@example.org at 3:40 p.m. The subject line was 'Budget revision v2,' and the attachment was 2.8 MB.","Jordan Lee sent the draft to review@example.org at 3:40 p.m. The subject line was ""Budget revision v2,"" and the attachment was 2.8 MB.",,,,,,,,,,,,
fa-04--local-safe-engine--qwen3-4b-incumbent,fa-04,factual_anchors,"Section 4.2 requires a backup every 12 hours, not once per day. The exception applies only to systems that are offline for maintenance.","Section 4.2 requires a backup every 12 hours, not once per day. The exception applies only to systems that is offline for maintenance.","Section 4.2 specifies that a backup should be performed every 12 hours, not once per day. This requirement applies except for systems that is offline for maintenance.",,,,,,,,,,,,
fa-05--local-safe-engine--qwen3-4b-incumbent,fa-05,factual_anchors,"The shipment contained 18 blue units and 7 gray units. Two blue units were damaged, so the usable total was 23 units.","The shipment contained 18 blue units and 7 gray units. Two blue units were damaged, so the usable total was 23 units.","The shipment included 18 blue units and 7 gray units. Two of the blue units were damaged, resulting in an usable total of 23 units.",,,,,,,,,,,,
fa-06--local-safe-engine--qwen3-4b-incumbent,fa-06,factual_anchors,"The study ran from January through March 2026 and included 126 participants. Of those participants, 54 completed both follow-up surveys.","The study ran from January through March 2026 and included 126 participants. Of those participants, 54 completed both follow-up surveys.","The study took place from January through March 2026 and involved 126 participants. Of these participants, 54 completed both follow-up surveys.",,,,,,,,,,,,
gm-01--local-safe-engine--qwen3-4b-incumbent,gm-01,grammar_minimal_edit,The results was surprising because each of the samples were collected under the same conditions. I don't think the difference come from the equipment.,The results was surprising because each of the samples were collected under the same conditions. I don't think the difference come from the equipment.,The results were surprising because each sample was collected under the same conditions. I don't think the difference came from the equipment.,,,,,,,,,,,,
gm-02--local-safe-engine--qwen3-4b-incumbent,gm-02,grammar_minimal_edit,"She has went to the tutoring center twice this week, and both visits has helped her understand the material better.","She has gone to the tutoring center twice this week, and both visits have helped her understand the material better.","She has went to the tutoring center twice this week, and both visits have helped her grasp the material better.",,,,,,,,,,,,
gm-03--local-safe-engine--qwen3-4b-incumbent,gm-03,grammar_minimal_edit,"There is several reasons the schedule need to change, but the main one are that the current times conflict with lab.","There are several reasons why the schedule needs to change, but the main one is that the current times conflict with lab sessions.","There are several reasons the schedule. I need to change, but the main one are that the current times conflict with lab.",,,,,,,,,,,,
gm-04--local-safe-engine--qwen3-4b-incumbent,gm-04,grammar_minimal_edit,The advisor suggested me to wait until the final grade posts before I submit a new request.,The advisor suggested me to wait until the final grade posts before I submit a new request.,The advisor recommended that I wait until the final grades are posted before submitting a new request.,,,,,,,,,,,,
gm-05--local-safe-engine--qwen3-4b-incumbent,gm-05,grammar_minimal_edit,Neither the new instructions nor the example explain what happens if a student submit the form late.,Neither the new instructions nor the example explain what happens if a student submit the form is late.,Neither the new instructions nor the example clarify what happens if a student submits the form is late.,,,,,,,,,,,,
gm-06--local-safe-engine--qwen3-4b-incumbent,gm-06,grammar_minimal_edit,"I was planning on finishing it yesterday, but the files I needed wasn't available until this morning.","I was planning on finishing it yesterday, but the files I needed wasn't available until this morning.","I was planning to finish it yesterday, but the files I needed weren't available until this morning.",,,,,,,,,,,,
ss-01--local-safe-engine--qwen3-4b-incumbent,ss-01,sentence_structure,The deadline moved to Friday. Because the vendor sent the corrected estimate late. Which gave the team less time to review the numbers.,"The deadline was moved to Friday because the vendor sent the corrected estimate late, which gave the team less time to review the numbers.",The deadline moved to Friday. Because the vendor sent the corrected estimate late. Which gave the team less time to review the numbers.,,,,,,,,,,,,
ss-02--local-safe-engine--qwen3-4b-incumbent,ss-02,sentence_structure,I opened the dashboard the totals looked wrong I refreshed the page nothing changed so I checked the raw file and found two duplicated rows.,"I opened the dashboard, and the totals looked wrong. I refreshed the page, but nothing changed. Then I checked the raw file and found two duplicated rows.",I opened the dashboard the totals looked wrong I refreshed the page nothing changed so I checked the raw file and found two duplicated rows.,,,,,,,,,,,,
ss-03--local-safe-engine--qwen3-4b-incumbent,ss-03,sentence_structure,"After reviewing the application, the missing transcript was obvious to the advisor. The student had uploaded the other documents correctly.","After reviewing the application, the missing transcript was obvious to the advisor. The student had uploaded the other documents correctly.","After reviewing the application, the advisor found the missing transcript to be obvious. The student had correctly uploaded the other documents.",,,,,,,,,,,,
ss-04--local-safe-engine--qwen3-4b-incumbent,ss-04,sentence_structure,"The internship requires writing weekly summaries, to attend a Friday meeting, and completing one final presentation.","The internship requires writing weekly summaries, to attend a Friday meeting, and completing one final presentation.","The internship involves writing weekly summaries, attending a Friday meeting, and completing one final presentation.",,,,,,,,,,,,
ss-05--local-safe-engine--qwen3-4b-incumbent,ss-05,sentence_structure,"The first meeting was scheduled for Monday, but two people could not attend, and then it moved to Wednesday, and the room was unavailable, so now it is Thursday afternoon.","The first meeting was scheduled for Monday, but two people could not attend, and then it moved to Wednesday, and the room was unavailable, so now it is Thursday afternoon.","The first meeting was scheduled for Monday, but two people could not attend, so it was moved to Wednesday. However, the room was unavailable, and it is now scheduled for Thursday afternoon.",,,,,,,,,,,,
ss-06--local-safe-engine--qwen3-4b-incumbent,ss-06,sentence_structure,The report includes the survey results. Along with a short explanation of the sampling method and why the response rate matters.,"The report includes the survey results, along with a brief explanation of the sampling method and the importance of the response rate.",The report covers the survey results. Along with a short explanation of the sampling method and why the response rate matters.,,,,,,,,,,,,
lc-01--local-safe-engine--qwen3-4b-incumbent,lc-01,lexical_collocation,The new checklist made a strong improvement in how consistently the team records equipment problems. People are now more likely to include the exact error message instead of a general description.,The new checklist significantly improved the team's consistency in recording equipment issues. People are now more likely to include the exact error message rather than a general description.,The new checklist made a powerful improvement in how consistently the team records equipment problems. People are now more likely to include the exact error message instead of a general description.,,,,,,,,,,,,
lc-02--local-safe-engine--qwen3-4b-incumbent,lc-02,lexical_collocation,"The professor gave a heavy warning that late submissions would receive a penalty. The warning was clear, but the exact size of the penalty was not listed.","The professor issued a clear warning that late submissions would incur a penalty. But the warning was straightforward, the specific details of the penalty were not provided.","The professor gave a heavy warning that late submissions would receive a penalty. The warning was direct, but the exact size of the penalty was not listed.",,,,,,,,,,,,
lc-03--local-safe-engine--qwen3-4b-incumbent,lc-03,lexical_collocation,The software performed a decision to close the connection after three failed attempts. That behavior prevents the client from waiting forever for a response.,The software performed a decision to close the connection after three failed attempts. That behavior prevents the client from waiting forever for a response.,The software closes the connection after three failed attempts. This behavior prevents the client from waiting indefinitely for a response.,,,,,,,,,,,,
lc-04--local-safe-engine--qwen3-4b-incumbent,lc-04,lexical_collocation,"The survey received a large interest from first-year students, especially those looking for evening sections. Interest from returning students was more moderate.","The survey generated significant interest among first-year students, particularly those seeking evening sections. Interest from returning students were more moderate.","The survey received a large interest from first-year students, especially those looking for evening sections. Interest from returning students were more moderate.",,,,,,,,,,,,
lc-05--local-safe-engine--qwen3-4b-incumbent,lc-05,lexical_collocation,The team made an investigation into why the request failed and discovered that the token had expired. Renewing the token solved the problem immediately.,The team made an investigation into why the request failed and discovered that the token had expired. Renewing the token solved the problem immediately.,The team investigated the reason for the request failure and found that the token had expired. Renewing the token resolved the issue immediately.,,,,,,,,,,,,
lc-06--local-safe-engine--qwen3-4b-incumbent,lc-06,lexical_collocation,"The explanation is technically correct, but the wording feels unusually bookish for a short message to classmates. I want it to sound normal without making it childish.","The explanation is technically correct, but the wording feels unusually bookish for a short message to classmates. I want it to sound normal without making it childish.","The explanation is technically correct, but the wording feels overly formal for a short message to classmates. I want it to sound natural without coming across as childish.",,,,,,,,,,,,
rt-01--local-safe-engine--qwen3-4b-incumbent,rt-01,register_tone,"hey, just checking if friday at 3 still works for you. if not no worries, i can do later that afternoon too.","Just checking if Friday at 3 still works for you. If not, I can adjust to a later time that afternoon.","Hey, just checking if friday at 3 still works for you. If not no worries, I can do later that afternoon too.",,,,,,,,,,,,
rt-02--local-safe-engine--qwen3-4b-incumbent,rt-02,register_tone,"The whole signup process was honestly kind of a mess, but the staff member who helped me was great and got it sorted out pretty fast.","The whole signup process was honestly kind of a mess, but the staff member who helped me was great and got it sorted out pretty fast.","The entire signup process was honestly a bit of a mess, but the staff member who helped me was great and got it sorted out pretty quickly.",,,,,,,,,,,,
rt-03--local-safe-engine--qwen3-4b-incumbent,rt-03,register_tone,"I am writing to ask whether it would be possible to take the exam earlier that day. I have a required lab immediately afterward, so an earlier time would help me avoid a conflict.","I am writing to ask if it would be possible to take the exam earlier in the day. I have a required lab immediately after, so an earlier time would help me avoid a conflict.","I am writing to ask whether it would be possible to receive the exam earlier that day. I have a required lab immediately afterward, so an earlier time would help me avoid a conflict.",,,,,,,,,,,,
rt-04--local-safe-engine--qwen3-4b-incumbent,rt-04,register_tone,"ngl I thought the tutorial was gonna be useless, but it actually explained the one part I kept getting wrong. I still would not watch the whole thing again.","Honestly, I thought the tutorial would be useless, but it actually clarified the one part I was struggling with. I still wouldn’t watch the whole thing again.","Ngl I thought the tutorial was gonna be useless, but it actually explained the one part I kept getting wrong. I still would not watch the whole thing again.",,,,,,,,,,,,
rt-05--local-safe-engine--qwen3-4b-incumbent,rt-05,register_tone,"The proposal is solid overall, but the budget section feels a little shaky because several costs are estimates instead of quotes. I would double-check those numbers before sending it.","The proposal is solid overall, but the budget section feels a little shaky because several costs are estimates instead of quotes. I would double-check those numbers before sending it.","The proposal is generally strong, but the budget section appears a bit uncertain because several costs are estimates rather than confirmed quotes. I would recommend verifying those figures before finalizing the document.",,,,,,,,,,,,
rt-06--local-safe-engine--qwen3-4b-incumbent,rt-06,register_tone,"I appreciate the quick response. I am still confused about whether the form goes back to your office or directly to the testing center, so I want to make sure I send it to the right place.","I appreciate the quick response. I'm still unsure whether the form should be sent back to your office or directly to the testing center, so I want to make sure I send it to the correct location.","I appreciate the quick response. I am still confused about whether the form goes back to your office or directly to the testing center, so I want to make sure I send it to the right place.",,,,,,,,,,,,
pu-01--local-safe-engine--qwen3-4b-incumbent,pu-01,paragraph_unity_redundancy,The main benefit of the new form is that it asks for all required information in one place. That is useful because people no longer have to send a second email with missing details. The form is beneficial because it reduces the need for follow-up messages about information that was left out.,The main benefit of the new form is that it asks for all required information in one place. That is useful because people no longer have to send a second email with missing details. The form is beneficial because it reduces the require for follow-up messages about information that was left out.,The main benefit of the new form is that it consolidates all required information in one place. This is useful because people no longer need to send a second email with missing details. The form is beneficial because it reduces the need for follow-up messages regarding missing information.,,,,,,,,,,,,
pu-02--local-safe-engine--qwen3-4b-incumbent,pu-02,paragraph_unity_redundancy,"The lab report should explain why the result matters, not only list the measurements. The measurements still need to be included because they support the explanation. A good report connects the data to the conclusion instead of treating them as separate pieces.","The lab report should explain why the results are significant, not just list the measurements. The measurements are still necessary because they provide support for the explanation. A good report links the data to the conclusion rather than treating them as separate elements.","The lab report should make clear why the result matters, not only list the measurements. The measurements still have to be included because they support the explanation. A good report connects the data to the conclusion instead of treating them as separate pieces.",,,,,,,,,,,,
pu-03--local-safe-engine--qwen3-4b-incumbent,pu-03,paragraph_unity_redundancy,I use the calendar mostly to avoid missing small deadlines. It also helps me see when several assignments pile up in the same week. I like dark mode in most apps because bright screens bother me at night.,I use the calendar mainly to avoid missing small deadlines. It also helps me track when multiple assignments accumulate in the same week. I prefer dark mode in most apps because bright screens bother me at night.,I use the calendar mostly to avoid missing small deadlines. It also helps me see when several assignments pile up in the same week. I like dark mode in most apps because bright screens bother me at night.,,,,,,,,,,,,
pu-04--local-safe-engine--qwen3-4b-incumbent,pu-04,paragraph_unity_redundancy,"The update reduced the time needed to open large projects. Startup is faster now, and opening a large project takes less time than before. The improvement is most noticeable on projects with many files.","The update decreased the time required to open large projects. Startup is now faster, and opening a large project takes less time than it did before. The improvement is most noticeable in projects with most files.","The update reduced the time needed to open large projects. Startup is faster now, and opening a large project takes less time than before. The improvement is most noticeable on projects with many files.",,,,,,,,,,,,
pu-05--local-safe-engine--qwen3-4b-incumbent,pu-05,paragraph_unity_redundancy,The discussion board was more useful once people started responding to specific points instead of posting generic agreement. Those specific replies gave the original writer something concrete to answer. That made the conversation feel more like an actual discussion.,"The discussion board became more useful when people began responding to specific points instead of just posting general agreement. These specific replies provided the original writer with something concrete to address, making the conversation feel more like a real discussion.",The discussion board was more helpful once people started responding to specific points instead of posting generic agreement. Those specific replies gave the source writer something concrete to answer. That made the conversation feel more like an actual discussion.,,,,,,,,,,,,
pu-06--local-safe-engine--qwen3-4b-incumbent,pu-06,paragraph_unity_redundancy,"The first two steps of the setup are simple, but the third step assumes the user already knows where the configuration file is stored. That missing explanation is the main reason the instructions feel harder than the process actually is.","The first two steps of the setup are straightforward, but the third step assumes the user already knows where the configuration file is stored. This missing explanation is the main reason the instructions feel more complicated than the process truly is.","The first two steps of the setup are easy, but the third step assumes the user already knows where the configuration file is stored. That missing explanation is the main reason the instructions feel harder than the process actually is.",,,,,,,,,,,,
ai-01--local-safe-engine--qwen3-4b-incumbent,ai-01,ambiguity_non_invention,"The meeting did not go the way I expected. Something came up near the end, and we decided to revisit the issue next week.","The meeting did not go as I had expected. Towards the end, something arose, and we decided to revisit the issue next week.","The meeting did not go the way I expected. Something came up near the end, and we decided to revisit the issue next week.",,,,,,,,,,,,
ai-02--local-safe-engine--qwen3-4b-incumbent,ai-02,ambiguity_non_invention,"The file disappeared sometime after lunch. I checked the shared folder and my downloads, but I still do not know whether it was moved, renamed, or deleted.","The file disappeared sometime after lunch. I checked the shared folder and my downloads, but I still do not know whether it was moved, renamed, or deleted.","The file disappeared after lunch. I checked the shared folder and my downloads, but I still don't know if it was moved, renamed, or deleted.",,,,,,,,,,,,
ai-03--local-safe-engine--qwen3-4b-incumbent,ai-03,ambiguity_non_invention,"People have raised concerns about the new process, but the notes do not say how many people complained or which part of the process bothered them.","People have raised concerns about the new process, but the notes do not say how many people complained or which part of the process bothered them.","Concerns have been raised about the new process, but the notes do not specify how many people complained or which aspect of the process was problematic.",,,,,,,,,,,,
ai-04--local-safe-engine--qwen3-4b-incumbent,ai-04,ambiguity_non_invention,"The test failed after the configuration changed, but that timing alone does not prove the configuration caused the failure. No one has reproduced the problem yet.","The test failed after the configuration was changed, but the timing alone does not prove that the configuration caused the failure. No one has yet reproduced the problem.","The test failed after the configuration changed, but that timing alone does not prove the configuration caused the failure. No one has reproduced the issue yet.",,,,,,,,,,,,
ai-05--local-safe-engine--qwen3-4b-incumbent,ai-05,ambiguity_non_invention,"The instructor said my explanation needs more support. I am not sure whether she wants another source, a better example, or a clearer connection to the evidence I already used.","The instructor said my explanation needs more support. I am not sure whether she wants another source, a stronger example, or a clearer connection to the evidence I already used.","The instructor said my explanation needs more support. I'm not sure whether she wants another source, a better example, or a clearer connection to the evidence I already used.",,,,,,,,,,,,
ai-06--local-safe-engine--qwen3-4b-incumbent,ai-06,ambiguity_non_invention,The package arrived with damage on one corner. I cannot tell whether the item inside is damaged because I have not opened the box yet.,The package arrived with damage on one corner. I cannot tell whether the item inside is damaged because I have not opened the box yet.,The package arrived with damage on one corner. I cannot determine if the item inside is damaged because I have not yet opened the box.,,,,,,,,,,,,
me-01--local-safe-engine--qwen35-4b-control,me-01,meaning_equivalence,"I started using the new study schedule about two weeks ago. It has not made studying easier, but I waste less time deciding what to work on, which is why I plan to keep using it.","I started using the new study schedule about two weeks ago. It has not made studying easier, but I waste less time deciding what to work on, which is why I plan to keep using it.","I began using the new study schedule about two weeks ago. But it hasn't made studying easier, it has reduced the time I spend deciding what to work on, which is why I plan to continue using it.",,,,,,,,,,,,
me-02--local-safe-engine--qwen35-4b-control,me-02,meaning_equivalence,"The update looks smaller than the previous release because most of the changes are behind the scenes. The interface barely changed, but loading large files is noticeably faster on my laptop.","The update appears smaller than the previous release because most of the changes are behind the scenes. But the interface barely changed, loading large files are noticeably faster on my laptop.","The update looks smaller than the previous release because most of the changes are behind the scenes. The interface barely changed, but loading large files are noticeably faster on my laptop.",,,,,,,,,,,,
me-03--local-safe-engine--qwen35-4b-control,me-03,meaning_equivalence,"I liked the presentation overall even though the first section dragged a little. Once the examples started, the argument became much easier to follow and the final recommendation made sense.","I liked the presentation overall, even though the first section dragged a bit. Once the examples began, the argument became much easier to follow, and the final recommendation made sense.","I liked the presentation overall even though the first section dragged a little. Once the examples started, the argument became much easier to follow and the final recommendation made sense.",,,,,,,,,,,,
me-04--local-safe-engine--qwen35-4b-control,me-04,meaning_equivalence,The class is not difficult because of the amount of reading. The harder part is keeping track of several small assignments that are due on different days each week.,The class is not difficult because of the amount of reading. The harder part is keeping track of several small assignments that is due on different days each week.,The class isn't difficult because of the amount of reading; the real challenge is keeping track of several small assignments that is due on different days each week.,,,,,,,,,,,,
me-05--local-safe-engine--qwen35-4b-control,me-05,meaning_equivalence,"My first draft was longer, but it was not actually more detailed. I had repeated the same point in several ways, so cutting those sentences made the explanation clearer without removing evidence.","My first draft was longer, though not necessarily more detailed. Because I had repeated the same point in several ways, cutting those redundant sentences made the explanation clearer without removing any evidence.","My first draft was longer, but it was not actually more detailed. I had repeated the same point in several ways, so cutting those clauses made the explanation clearer without removing evidence.",,,,,,,,,,,,
me-06--local-safe-engine--qwen35-4b-control,me-06,meaning_equivalence,"The professor did not say the proposal was wrong. She said the main idea was promising, but the evidence was too limited to support the conclusion yet.","The professor did not say the proposal was wrong. She said the main idea was promising, but the evidence was too limited to support the conclusion yet.","The professor did not say the proposal was wrong; rather, she noted that while the main idea was promising, the evidence was too limited to support the conclusion at this time.",,,,,,,,,,,,
co-01--local-safe-engine--qwen35-4b-control,co-01,cohesion_known_new,The biology lab introduced a new microscope camera last week. The camera can save images directly to the lab computers. Those saved images make it easier for students to compare samples after class.,The biology lab introduced a new microscope camera last week. The camera can save images directly to the lab computers. Those saved images make it easier for students to compare samples after class.,"Last week, the biology lab introduced a new microscope camera that saves images directly to the lab computers, making it easier for students to compare samples after class.",,,,,,,,,,,,
co-02--local-safe-engine--qwen35-4b-control,co-02,cohesion_known_new,"The team found three duplicate records during the audit. Those duplicates came from an old import script. The script had been retired months ago, but its records were still present in the database.","The team found three duplicate records during the audit. Those duplicates came from an old import script. The script had been retired months ago, but its records were still present in the database.","During the audit, the team discovered three duplicate records that originated from an old import script. Although the script had been retired months ago, its data remained in the database.",,,,,,,,,,,,
co-03--local-safe-engine--qwen35-4b-control,co-03,cohesion_known_new,"A late shipment delayed the first test run. Because the test started late, the team had only one afternoon to review the results. That shorter review period is why several minor issues were not caught until the next day.","A late shipment was delayed the first test run. Because the test started late, the team had only one afternoon to review the results. That shorter review period is why several minor issues were not caught until the next day.","A late shipment was delayed the first test run, leaving the team with only one afternoon to review the results. Consequently, several minor issues were not identified until the following day.",,,,,,,,,,,,
co-04--local-safe-engine--qwen35-4b-control,co-04,cohesion_known_new,"The survey showed that students wanted more evening tutoring. That preference was strongest among students who work during the day. Their schedules make daytime appointments difficult, so the department is considering a later tutoring block.","The survey showed that students wanted more evening tutoring. That preference was strongest among students who work during the day. Their schedules make daytime appointments difficult, so the department is considering a later tutoring block.","The survey revealed that students expressed a desire for more evening tutoring, with this preference being particularly strong among those who work during the day. Since their schedules make daytime appointments difficult, the department is currently considering offering a later tutoring block.",,,,,,,,,,,,
co-05--local-safe-engine--qwen35-4b-control,co-05,cohesion_known_new,"The app stores approved examples in a local file. That file is loaded when the app starts and provides a small set of writing preferences. Those preferences can change ranking, but they do not override the safety checks.","The app stores approved examples in a local file, which is loaded when the app starts to provide a small set of writing preferences. While these preferences can influence ranking, they do not override safety checks.","The app stores approved examples in a local file. That file is loaded when the app starts and provides a small set of writing preferences. Those preferences can change ranking, but they do not override the safety checks.",,,,,,,,,,,,
co-06--local-safe-engine--qwen35-4b-control,co-06,cohesion_known_new,"The first experiment used a smaller sample than planned. The smaller sample reduced the amount of data available for comparison. That limitation does not invalidate the experiment, but it makes the result less certain.","The first experiment used a smaller sample than planned. The smaller sample reduced the amount of data available for comparison. That limitation does not invalidate the experiment, but it makes the result less certain.","The first experiment utilized a smaller sample size than originally planned, which reduced the amount of data available for comparison. While this limitation does not invalidate the experiment, it does make the results less certain.",,,,,,,,,,,,
lr-01--local-safe-engine--qwen35-4b-control,lr-01,logical_relations,"The printer was working in the morning, but it stopped after the network settings were changed. Because the other printers stayed online, the technician thinks the problem is local to that machine rather than the whole network.","The printer was working in the morning, but it stopped after the network settings were changed. Because the other printers stayed online, the technician thinks the issue is local to that machine rather than the whole network.","The printer was functioning in the morning but stopped after network settings were changed. Since the other printers remained online, the technician believes the issue is specific to that machine rather than affecting the entire network.",,,,,,,,,,,,
lr-02--local-safe-engine--qwen35-4b-control,lr-02,logical_relations,"If the weather stays clear, the field work will begin Thursday. If it rains, the team will use Thursday for equipment checks instead and move the field work to Friday.","If the weather stays direct, the field work will begin Thursday. If it rains, the team will use Thursday for equipment checks instead and move the field work to Friday.","If the weather remains clear, field work will begin on Thursday; however, if it rains, the team will use Thursday for equipment checks and move the field work to Friday.",,,,,,,,,,,,
lr-03--local-safe-engine--qwen35-4b-control,lr-03,logical_relations,"The new process takes one extra step at the beginning, yet it usually saves time later because fewer requests are returned for missing information.","The new process includes one additional step at the beginning, because it typically saves time later by reducing the number of requests that need to be returned for missing information.","The new process takes one extra step at the beginning, yet it usually saves time later because fewer requests are returned for missing information.",,,,,,,,,,,,
lr-04--local-safe-engine--qwen35-4b-control,lr-04,logical_relations,Maya finished the data cleanup before Jordan ran the analysis. That order matters because the earlier version of the dataset still contained duplicate rows.,"Maya completed the data cleanup before Jordan ran the analysis, as the earlier version of the dataset still contained duplicate rows.",Maya finished the data cleanup before Jordan ran the analysis. That order matters because the earlier version of the dataset still contained duplicate rows.,,,,,,,,,,,,
lr-05--local-safe-engine--qwen35-4b-control,lr-05,logical_relations,"Although the pilot did not reach its enrollment target, the participants who completed it reported fewer scheduling conflicts. The department therefore wants another trial before deciding whether to expand the program.","Although the pilot did not meet its enrollment target, participants who completed it reported fewer scheduling conflicts, prompting the department to conduct another trial before deciding whether to expand the program.","Even though the pilot did not reach its enrollment target, the participants who completed it reported fewer scheduling conflicts. The department therefore wants another trial before deciding whether to expand the program.",,,,,,,,,,,,
lr-06--local-safe-engine--qwen35-4b-control,lr-06,logical_relations,"The first draft explains what happened, whereas the second draft explains why it happened. Both are accurate, but the second is more useful for the report because the assignment asks for analysis rather than summary.","The first draft explains what happened, whereas the second draft explains why it happened. Both are accurate, but the second is more helpful for the report because the assignment asks for analysis rather than summary.","The first draft describes what happened, while the second explains why it happened. Because both are accurate, the second is more suitable for the report because the assignment requires analysis rather than a summary.",,,,,,,,,,,,
rc-01--local-safe-engine--qwen35-4b-control,rc-01,reference_coreference,"Nina sent Priya the revised chart after Priya noticed the labeling error. She had already fixed the colors, so the only remaining change was the axis label.","After Priya noticed a labeling error, Nina sent her the revised chart. She had already corrected the colors, so the only remaining change was updating the axis label.","Nina sent Priya the revised chart after Priya noticed the labeling error. She had already fixed the colors, so the only remaining change was the axis label.",,,,,,,,,,,,
rc-02--local-safe-engine--qwen35-4b-control,rc-02,reference_coreference,The advisor told the student that the registrar had not received the form. The student emailed the registrar that afternoon and learned that the attachment had been blocked by the mail system.,The advisor told the student that the registrar had not received the form. The student emailed the registrar that afternoon and learned that the attachment had been blocked by the mail system.,"The advisor informed the student that the registrar had not received the form. Later that afternoon, the student emailed the registrar and discovered that the attachment had been blocked by the mail system.",,,,,,,,,,,,
rc-03--local-safe-engine--qwen35-4b-control,rc-03,reference_coreference,"The battery warning appeared after the laptop was connected to the dock. Removing the dock made the warning disappear, which suggests the dock or its power adapter may be involved.","The battery warning appeared after connecting the laptop to the dock, and removing the dock caused the warning to disappear, suggesting that the dock or its power adapter may be the source of the issue.","The battery warning appeared after the laptop was connected to the dock. Removing the dock made the warning disappear, which suggests the dock or its power adapter may be involved.",,,,,,,,,,,,
rc-04--local-safe-engine--qwen35-4b-control,rc-04,reference_coreference,"Ava reviewed Liam's notes before he submitted the report. She corrected two dates in the notes, but he chose not to change the wording of the report itself.","Ava reviewed Liam's notes before he submitted the report, correcting two dates, but he decided not to change the report's wording.","Ava reviewed Liam's notes before he submitted the report. She corrected two dates in the notes, but he chose not to change the wording of the report itself.",,,,,,,,,,,,
rc-05--local-safe-engine--qwen35-4b-control,rc-05,reference_coreference,"The first server sends logs to the backup server every hour. If it stops responding, the backup keeps the most recent copy but does not automatically become the primary server.","The first server sends logs to the backup server every hour. If it stops responding, the backup keeps the most recent copy but does not automatically become the primary server.","The primary server sends logs to the backup server every hour; however, if the primary server stops responding, the backup retains the most recent copy without automatically assuming the primary role.",,,,,,,,,,,,
rc-06--local-safe-engine--qwen35-4b-control,rc-06,reference_coreference,The committee asked the vendor to revise the estimate because its labor total did not match the hours listed in the proposal. The vendor agreed to check the calculation before the next meeting.,The committee requested that the vendor revise its estimate because the labor total did not align with the hours listed in the proposal. The vendor agreed to verify the calculation before the next meeting.,The committee asked the vendor to revise the estimate because its labor total did not match the hours listed in the proposal. The vendor agreed to check the calculation before the next meeting.,,,,,,,,,,,,
mp-01--local-safe-engine--qwen35-4b-control,mp-01,modality_negation_precision,"The change might reduce startup time, but we do not have enough measurements to say that it definitely does. For now, the result should be treated as promising rather than conclusive.","While the change might reduce startup time, we lack sufficient measurements to confirm this definitively; therefore, the result should currently be viewed as promising rather than conclusive.","The change might reduce startup time, but we do not have enough measurements to say that it definitely does. For now, the result should be treated as promising rather than conclusive.",,,,,,,,,,,,
mp-02--local-safe-engine--qwen35-4b-control,mp-02,modality_negation_precision,"I would prefer to take the morning section, although I can attend the afternoon section if the morning one is full. I am not asking to be moved unless a seat is actually available.","I would prefer to receive the morning section, even though I can attend the afternoon section if the morning one is full. I am not asking to be moved unless a seat is actually available.","I would prefer to take the morning section, though I am available to attend the afternoon section if the morning one is full. I am not requesting to be moved unless a seat is actually available.",,,,,,,,,,,,
mp-03--local-safe-engine--qwen35-4b-control,mp-03,modality_negation_precision,"The sensor can detect a temperature change, but it cannot tell us what caused that change. A sudden increase could come from the heater, direct sunlight, or another source.","The sensor can detect a temperature change, but it cannot determine the cause. A sudden increase could result from the heater, direct sunlight, or another source.","The sensor can detect a temperature change, but it cannot tell us what caused that change. A sudden boost could come from the heater, direct sunlight, or another source.",,,,,,,,,,,,
mp-04--local-safe-engine--qwen35-4b-control,mp-04,modality_negation_precision,The policy says employees should report suspected errors; it does not say they must prove an error occurred before reporting it.,"The policy requires employees to report suspected errors, but it does not mandate that they prove an error has occurred before making a report.",The policy says employees should report suspected errors; it does not say they must prove an error occurred before reporting it.,,,,,,,,,,,,
mp-05--local-safe-engine--qwen35-4b-control,mp-05,modality_negation_precision,"There is no evidence that the file was deleted intentionally. It may have been removed during cleanup, but the logs are incomplete, so that explanation is only a possibility.","There is no evidence that the file was deleted intentionally. It may have been removed during cleanup, but the logs are incomplete, so that explanation is only a possibility.","There is no evidence that the file was deleted intentionally; while it may have been removed during cleanup, the incomplete logs mean this remains only a possibility.",,,,,,,,,,,,
mp-06--local-safe-engine--qwen35-4b-control,mp-06,modality_negation_precision,"The medication is expected to help most patients, but it does not guarantee that every patient will improve. Anyone with questions should speak with a clinician rather than changing the dose on their own.","The medication is expected to guide most patients, but it does not guarantee that every patient will improve. Anyone with questions should speak with a clinician rather than changing the dose on their own.","The medication is expected to help most patients, though it does not guarantee improvement for everyone. Anyone with questions should consult a clinician rather than adjusting the dose on their own.",,,,,,,,,,,,
fa-01--local-safe-engine--qwen35-4b-control,fa-01,factual_anchors,"On September 14, 2026, Maya Chen paid $184.75 for the replacement part. The receipt says the part can be returned within 30 days if it has not been installed.","On September 14, 2026, Maya Chen paid $184.75 for a replacement part. According to the receipt, the part is eligible for return within 30 days, if it has not been installed.","On September 14, 2026, Maya Chen paid $184.75 for the replacement part. The receipt says the part can be returned within 30 days if it has not been installed.",,,,,,,,,,,,
fa-02--local-safe-engine--qwen35-4b-control,fa-02,factual_anchors,The lab recorded a pH of 6.4 before treatment and 7.1 afterward. The report calls the change 'modest but consistent' across the five samples.,"The lab recorded a pH of 6.4 before treatment and 7.1 afterward; the report describes this change as ""modest but consistent"" across the five samples.",The lab recorded a pH of 6.4 before treatment and 7.1 afterward. The report calls the change 'modest but consistent' across the five samples.,,,,,,,,,,,,
fa-03--local-safe-engine--qwen35-4b-control,fa-03,factual_anchors,"Jordan Lee emailed the draft to review@example.org at 3:40 p.m. The subject line was 'Budget revision v2,' and the attachment was 2.8 MB.","Jordan Lee emailed the draft to review@example.org at 3:40 p.m. The subject line was 'Budget revision v2,' and the attachment was 2.8 MB.","Jordan Lee emailed the draft to review@example.org at 3:40 p.m., with the subject line ""Budget revision v2"" and a 2.8 MB attachment.",,,,,,,,,,,,
fa-04--local-safe-engine--qwen35-4b-control,fa-04,factual_anchors,"Section 4.2 requires a backup every 12 hours, not once per day. The exception applies only to systems that are offline for maintenance.","Section 4.2 requires a backup every 12 hours, not once per day; however, this exception applies only to systems that is offline for maintenance.","Section 4.2 requires a backup every 12 hours, not once per day. The exception applies only to systems that is offline for maintenance.",,,,,,,,,,,,
fa-05--local-safe-engine--qwen35-4b-control,fa-05,factual_anchors,"The shipment contained 18 blue units and 7 gray units. Two blue units were damaged, so the usable total was 23 units.","The shipment contained 18 blue units and 7 gray units. Two blue units were damaged, so the usable total was 23 units.","The shipment included 18 blue units and 7 gray units. After two blue units were damaged, the total number of usable units were 23.",,,,,,,,,,,,
fa-06--local-safe-engine--qwen35-4b-control,fa-06,factual_anchors,"The study ran from January through March 2026 and included 126 participants. Of those participants, 54 completed both follow-up surveys.","The study ran from January through March 2026 and included 126 participants. Of those participants, 54 completed both follow-up surveys.","The study ran from January through March 2026 and included 126 participants, of whom 54 completed both follow-up surveys.",,,,,,,,,,,,
gm-01--local-safe-engine--qwen35-4b-control,gm-01,grammar_minimal_edit,The results was surprising because each of the samples were collected under the same conditions. I don't think the difference come from the equipment.,The results were surprising because each sample was collected under the same conditions. I do not believe the differences stem from the equipment.,The results was surprising because each of the samples were collected under the same conditions. I don't think the difference come from the equipment.,,,,,,,,,,,,
gm-02--local-safe-engine--qwen35-4b-control,gm-02,grammar_minimal_edit,"She has went to the tutoring center twice this week, and both visits has helped her understand the material better.","She has went to the tutoring center twice this week, and both visits have helped her grasp the material better.","She has visited the tutoring center twice this week, and both trips have helped her understand the material better.",,,,,,,,,,,,
gm-03--local-safe-engine--qwen35-4b-control,gm-03,grammar_minimal_edit,"There is several reasons the schedule need to change, but the main one are that the current times conflict with lab.","There are several reasons the schedule. I need to change, but the main one are that the current times conflict with lab.","There are several reasons the schedule needs to change, but the main one is that the current times conflict with the lab.",,,,,,,,,,,,
gm-04--local-safe-engine--qwen35-4b-control,gm-04,grammar_minimal_edit,The advisor suggested me to wait until the final grade posts before I submit a new request.,The advisor suggested me to wait until the final grade posts before I submit a new request.,The advisor suggested that I wait until the final grades are posted before submitting a new request.,,,,,,,,,,,,
gm-05--local-safe-engine--qwen35-4b-control,gm-05,grammar_minimal_edit,Neither the new instructions nor the example explain what happens if a student submit the form late.,Neither the new instructions nor the example explain what happens if a student submit the form is late.,Neither the new instructions nor the example clarify what happens if a student submits the form is late.,,,,,,,,,,,,
gm-06--local-safe-engine--qwen35-4b-control,gm-06,grammar_minimal_edit,"I was planning on finishing it yesterday, but the files I needed wasn't available until this morning.","I was planning on finishing it yesterday, but the files I needed wasn't available until this morning.","I was planning to finish it yesterday, but the files I needed weren't available until this morning.",,,,,,,,,,,,
ss-01--local-safe-engine--qwen35-4b-control,ss-01,sentence_structure,The deadline moved to Friday. Because the vendor sent the corrected estimate late. Which gave the team less time to review the numbers.,"The deadline was moved to Friday because the vendor sent the corrected estimate late, which left the team with less time to review the numbers.",The deadline moved to Friday. Because the vendor sent the corrected estimate late. Which gave the team less time to review the numbers.,,,,,,,,,,,,
ss-02--local-safe-engine--qwen35-4b-control,ss-02,sentence_structure,I opened the dashboard the totals looked wrong I refreshed the page nothing changed so I checked the raw file and found two duplicated rows.,I opened the dashboard the totals looked wrong I refreshed the page nothing changed so I checked the raw file and found two duplicated rows.,"I opened the dashboard, but the totals looked wrong; after refreshing the page, nothing changed. Upon checking the raw file, I found two duplicated rows.",,,,,,,,,,,,
ss-03--local-safe-engine--qwen35-4b-control,ss-03,sentence_structure,"After reviewing the application, the missing transcript was obvious to the advisor. The student had uploaded the other documents correctly.","After reviewing the application, the missing transcript was obvious to the advisor. The student had uploaded the other documents correctly.","After reviewing the application, the advisor immediately noticed the missing transcript, noting that the student had correctly uploaded all other documents.",,,,,,,,,,,,
ss-04--local-safe-engine--qwen35-4b-control,ss-04,sentence_structure,"The internship requires writing weekly summaries, to attend a Friday meeting, and completing one final presentation.","The internship requires writing weekly summaries, attending a Friday meeting, and completing one final presentation.","The internship requires writing weekly summaries, to attend a Friday meeting, and completing one final presentation.",,,,,,,,,,,,
ss-05--local-safe-engine--qwen35-4b-control,ss-05,sentence_structure,"The first meeting was scheduled for Monday, but two people could not attend, and then it moved to Wednesday, and the room was unavailable, so now it is Thursday afternoon.","The first meeting was scheduled for Monday, but two people could not attend, and then it moved to Wednesday, and the room was unavailable, so now it is Thursday afternoon.","The first meeting was scheduled for Monday, but with two people unable to attend; it was rescheduled to Wednesday. However, since the room was unavailable, the meeting has now been moved to Thursday afternoon.",,,,,,,,,,,,
ss-06--local-safe-engine--qwen35-4b-control,ss-06,sentence_structure,The report includes the survey results. Along with a short explanation of the sampling method and why the response rate matters.,The report covers the survey results. Along with a short explanation of the sampling method and why the response rate matters.,"The report includes the survey results, along with a brief explanation of the sampling method and why the response rate matters.",,,,,,,,,,,,
lc-01--local-safe-engine--qwen35-4b-control,lc-01,lexical_collocation,The new checklist made a strong improvement in how consistently the team records equipment problems. People are now more likely to include the exact error message instead of a general description.,The new checklist made a powerful improvement in how consistently the team records equipment problems. People are now more likely to include the exact error message instead of a general description.,The new checklist has significantly improved the team's consistency in recording equipment problems. People are now more likely to include the exact error message rather than providing a general description.,,,,,,,,,,,,
lc-02--local-safe-engine--qwen35-4b-control,lc-02,lexical_collocation,"The professor gave a heavy warning that late submissions would receive a penalty. The warning was clear, but the exact size of the penalty was not listed.","The professor issued a stern warning that late submissions would incur a penalty, though the exact amount was not specified.","The professor gave a heavy warning that late submissions would receive a penalty. The warning was direct, but the exact size of the penalty was not listed.",,,,,,,,,,,,
lc-03--local-safe-engine--qwen35-4b-control,lc-03,lexical_collocation,The software performed a decision to close the connection after three failed attempts. That behavior prevents the client from waiting forever for a response.,"The software automatically closes the connection after three failed attempts, preventing the client from waiting indefinitely for a response.",The software performed a decision to close the connection after three failed attempts. That behavior prevents the client from waiting forever for a response.,,,,,,,,,,,,
lc-04--local-safe-engine--qwen35-4b-control,lc-04,lexical_collocation,"The survey received a large interest from first-year students, especially those looking for evening sections. Interest from returning students was more moderate.","The survey received a large interest from first-year students, especially those looking for evening sections. Interest from returning students were more moderate.","The survey garnered significant interest from first-year students, particularly those seeking evening sections, while interest from returning students were more moderate.",,,,,,,,,,,,
lc-05--local-safe-engine--qwen35-4b-control,lc-05,lexical_collocation,The team made an investigation into why the request failed and discovered that the token had expired. Renewing the token solved the problem immediately.,The team investigated the failed request and discovered that the token had expired; renewing it resolved the issue immediately.,The team made an investigation into why the request failed and discovered that the token had expired. Renewing the token solved the problem immediately.,,,,,,,,,,,,
lc-06--local-safe-engine--qwen35-4b-control,lc-06,lexical_collocation,"The explanation is technically correct, but the wording feels unusually bookish for a short message to classmates. I want it to sound normal without making it childish.","The explanation is technically correct, but the wording feels unusually bookish for a short message to classmates. I want it to sound normal without making it childish.","The explanation is technically correct, but the wording feels unusually formal for a quick message to classmates. I'd like it to sound natural without sounding childish.",,,,,,,,,,,,
rt-01--local-safe-engine--qwen35-4b-control,rt-01,register_tone,"hey, just checking if friday at 3 still works for you. if not no worries, i can do later that afternoon too.","Hey, just checking if friday at 3 still works for you. If not no worries, I can do later that afternoon too.","Hey, just checking to see if Friday at 3 still works for you. If not, no worries—I can if do something later that afternoon.",,,,,,,,,,,,
rt-02--local-safe-engine--qwen35-4b-control,rt-02,register_tone,"The whole signup process was honestly kind of a mess, but the staff member who helped me was great and got it sorted out pretty fast.","The whole signup process was honestly kind of a mess, but the staff member who helped me was great and got it sorted out pretty fast.","The signup process was honestly quite chaotic, but the staff member who assisted me was excellent and got it sorted out pretty quickly.",,,,,,,,,,,,
rt-03--local-safe-engine--qwen35-4b-control,rt-03,register_tone,"I am writing to ask whether it would be possible to take the exam earlier that day. I have a required lab immediately afterward, so an earlier time would help me avoid a conflict.","I am writing to inquire whether it would be possible to schedule the exam earlier on that day. Since I have a required lab immediately following it, an earlier time would help me avoid a scheduling conflict.","I am writing to ask whether it would be possible to receive the exam earlier that day. I have a required lab immediately afterward, so an earlier time would help me avoid a conflict.",,,,,,,,,,,,
rt-04--local-safe-engine--qwen35-4b-control,rt-04,register_tone,"ngl I thought the tutorial was gonna be useless, but it actually explained the one part I kept getting wrong. I still would not watch the whole thing again.","Ngl I thought the tutorial was gonna be useless, but it actually explained the one part I kept getting wrong. I still would not watch the whole thing again.","I initially thought the tutorial would be useless, but it actually clarified the one part I kept getting wrong. However, I still wouldn't watch it all over again.",,,,,,,,,,,,
rt-05--local-safe-engine--qwen35-4b-control,rt-05,register_tone,"The proposal is solid overall, but the budget section feels a little shaky because several costs are estimates instead of quotes. I would double-check those numbers before sending it.","The proposal is solid overall, but the budget section feels a little shaky because several costs are estimates instead of quotes. I would double-check those numbers before sending it.","The proposal is solid overall, but the budget section feels a bit shaky because several costs are estimates rather than quotes. I recommend double-checking those numbers before sending it.",,,,,,,,,,,,
rt-06--local-safe-engine--qwen35-4b-control,rt-06,register_tone,"I appreciate the quick response. I am still confused about whether the form goes back to your office or directly to the testing center, so I want to make sure I send it to the right place.","I appreciate the quick response. I am still confused about whether the form goes back to your office or directly to the testing center, so I want to make sure I send it to the right place.","I appreciate the quick response. I'm still unsure whether the form should be returned to your office or sent directly to the testing center, so I want to ensure I send it to the correct location.",,,,,,,,,,,,
pu-01--local-safe-engine--qwen35-4b-control,pu-01,paragraph_unity_redundancy,The main benefit of the new form is that it asks for all required information in one place. That is useful because people no longer have to send a second email with missing details. The form is beneficial because it reduces the need for follow-up messages about information that was left out.,The main benefit of the new form is that it asks for all required information in one place. That is useful because people no longer have to send a second email with missing details. The form is beneficial because it reduces the require for follow-up messages about information that was left out.,"The primary advantage of the new form is that it collects all required information in a single location. This is particularly useful, because people no longer have to send a second email with missing details because, the form reduces the necessity for follow-up messages regarding omitted information.",,,,,,,,,,,,
pu-02--local-safe-engine--qwen35-4b-control,pu-02,paragraph_unity_redundancy,"The lab report should explain why the result matters, not only list the measurements. The measurements still need to be included because they support the explanation. A good report connects the data to the conclusion instead of treating them as separate pieces.","The lab report should explain why the results matter, not merely list the measurements. Because, the measurements must still be included, as they support the explanation. A good report connects the data to the conclusion rather than treating them as separate elements.","The lab report should make clear why the result matters, not only list the measurements. The measurements still have to be included because they support the explanation. A good report connects the data to the conclusion instead of treating them as separate pieces.",,,,,,,,,,,,
pu-03--local-safe-engine--qwen35-4b-control,pu-03,paragraph_unity_redundancy,I use the calendar mostly to avoid missing small deadlines. It also helps me see when several assignments pile up in the same week. I like dark mode in most apps because bright screens bother me at night.,I use the calendar mostly to avoid missing small deadlines. It also helps me see when several assignments pile up in the same week. I like dark mode in most apps because bright screens bother me at night.,"I use the calendar primarily to avoid missing small deadlines, though it also helps me spot when several assignments pile up in the same week. I prefer dark mode in most apps because bright screens bother me at night.",,,,,,,,,,,,
pu-04--local-safe-engine--qwen35-4b-control,pu-04,paragraph_unity_redundancy,"The update reduced the time needed to open large projects. Startup is faster now, and opening a large project takes less time than before. The improvement is most noticeable on projects with many files.","The update has reduced the time required to open large projects. Startup is now faster, and opening a large project takes less time than before. This improvement is most noticeable on projects containing most files.","The update reduced the time needed to open large projects. Startup is faster now, and opening a large project takes less time than before. The improvement is most noticeable on projects with many files.",,,,,,,,,,,,
pu-05--local-safe-engine--qwen35-4b-control,pu-05,paragraph_unity_redundancy,The discussion board was more useful once people started responding to specific points instead of posting generic agreement. Those specific replies gave the original writer something concrete to answer. That made the conversation feel more like an actual discussion.,The discussion board was more helpful once people started responding to specific points instead of posting generic agreement. Those specific replies gave the source writer something concrete to answer. That made the conversation feel more like an actual discussion.,"The discussion board became more useful once participants began responding to specific points rather than posting generic agreement. These targeted replies provided the original writer with concrete material to address, transforming the exchange into a genuine discussion.",,,,,,,,,,,,
pu-06--local-safe-engine--qwen35-4b-control,pu-06,paragraph_unity_redundancy,"The first two steps of the setup are simple, but the third step assumes the user already knows where the configuration file is stored. That missing explanation is the main reason the instructions feel harder than the process actually is.","The first two steps of the setup are easy, but the third step assumes the user already knows where the configuration file is stored. That missing explanation is the main reason the instructions feel harder than the process actually is.","The first two setup steps are straightforward, but the third assumes the user already knows where the configuration file is stored. This lack of explanation is the primary reason the instructions feel more difficult than the process actually is.",,,,,,,,,,,,
ai-01--local-safe-engine--qwen35-4b-control,ai-01,ambiguity_non_invention,"The meeting did not go the way I expected. Something came up near the end, and we decided to revisit the issue next week.","The meeting didn't go as I expected. Something came up near the end, so we decided to revisit the issue next week.","The meeting did not go the way I expected. Something came up near the end, and we decided to revisit the issue next week.",,,,,,,,,,,,
ai-02--local-safe-engine--qwen35-4b-control,ai-02,ambiguity_non_invention,"The file disappeared sometime after lunch. I checked the shared folder and my downloads, but I still do not know whether it was moved, renamed, or deleted.","The file disappeared sometime after lunch. Although I checked both the shared folder and my downloads, I still do not know whether it was moved, renamed, or deleted.","The file disappeared sometime after lunch. I checked the shared folder and my downloads, but I still do not know whether it was moved, renamed, or deleted.",,,,,,,,,,,,
ai-03--local-safe-engine--qwen35-4b-control,ai-03,ambiguity_non_invention,"People have raised concerns about the new process, but the notes do not say how many people complained or which part of the process bothered them.","People have raised concerns about the new process, but the notes do not specify how many people complained or which aspects of the process were most problematic.","People have raised concerns about the new process, but the notes do not say how many people complained or which part of the process bothered them.",,,,,,,,,,,,
ai-04--local-safe-engine--qwen35-4b-control,ai-04,ambiguity_non_invention,"The test failed after the configuration changed, but that timing alone does not prove the configuration caused the failure. No one has reproduced the problem yet.","The test failed after the configuration changed, but the timing alone does not prove that the configuration caused the failure. Additionally, no one has yet reproduced the problem.","The test failed after the configuration changed, but that timing alone does not prove the configuration caused the failure. No one has reproduced the issue yet.",,,,,,,,,,,,
ai-05--local-safe-engine--qwen35-4b-control,ai-05,ambiguity_non_invention,"The instructor said my explanation needs more support. I am not sure whether she wants another source, a better example, or a clearer connection to the evidence I already used.","The instructor indicated that my explanation requires more support. I am unsure whether she is looking for an additional source, a better example, or a clearer connection to the evidence I have already used.","The instructor said my explanation needs more support. I am not sure whether she wants another source, a stronger example, or a clearer connection to the evidence I already used.",,,,,,,,,,,,
ai-06--local-safe-engine--qwen35-4b-control,ai-06,ambiguity_non_invention,The package arrived with damage on one corner. I cannot tell whether the item inside is damaged because I have not opened the box yet.,The package arrived with damage on one corner. I cannot tell whether the item inside is damaged because I have not opened the box yet.,"The package arrived with a damaged corner, but I cannot determine if the item inside is also damaged since I have not opened the box yet.",,,,,,,,,,,,
me-01--local-safe-engine--coedit-large-research,me-01,meaning_equivalence,"I started using the new study schedule about two weeks ago. It has not made studying easier, but I waste less time deciding what to work on, which is why I plan to keep using it.","About 2 weeks ago, I started using this new study plan, and it hasn't made studying easier, but I've been wasting less time deciding what to do. And that's why I'm going to keep using it.","I started using the new study schedule about two weeks ago. It has not made studying easier, but I waste less time deciding what to work on, which is why I plan to keep using it.",,,,,,,,,,,,
me-02--local-safe-engine--coedit-large-research,me-02,meaning_equivalence,"The update looks smaller than the previous release because most of the changes are behind the scenes. The interface barely changed, but loading large files is noticeably faster on my laptop.","The update looks smaller than the previous release because most of the changes are behind the scenes. The interface barely changed, but loading large files are noticeably faster on my laptop.","It's a bit smaller than the previous release, because most of the changes were made in the background. The interface hasn't changed much, but loading large files on my laptop is much faster.",,,,,,,,,,,,
me-03--local-safe-engine--coedit-large-research,me-03,meaning_equivalence,"I liked the presentation overall even though the first section dragged a little. Once the examples started, the argument became much easier to follow and the final recommendation made sense.","Even though the first part of the presentation was a bit long, the argument was much easier to understand when the examples began, and the final recommendation made sense to me.","I liked the presentation overall even though the first section dragged a little. Once the examples started, the argument became much easier to follow and the final recommendation made sense.",,,,,,,,,,,,
me-04--local-safe-engine--coedit-large-research,me-04,meaning_equivalence,The class is not difficult because of the amount of reading. The harder part is keeping track of several small assignments that are due on different days each week.,"It's not difficult to read, but keeping track of a couple of small tasks that has to be done on different days in a week is more difficult.",The class is not difficult because of the amount of reading. The harder part is keeping track of several small assignments that is due on different days each week.,,,,,,,,,,,,
me-05--local-safe-engine--coedit-large-research,me-05,meaning_equivalence,"My first draft was longer, but it was not actually more detailed. I had repeated the same point in several ways, so cutting those sentences made the explanation clearer without removing evidence.","My first draft was longer, but it was not actually more detailed. I had repeated the same point in several ways, so cutting those clauses made the explanation clearer without removing evidence.","I had written a longer first draft, but it wasn't really more detailed. I had repeated the same idea in a number of ways, so I cut those sentences down so that the explanation didn't lose any evidence.",,,,,,,,,,,,
me-06--local-safe-engine--coedit-large-research,me-06,meaning_equivalence,"The professor did not say the proposal was wrong. She said the main idea was promising, but the evidence was too limited to support the conclusion yet.","The professor didn't say the proposal was wrong, she said the central idea was promising, but the evidence was too weak to support it.","The professor did not say the proposal was wrong. She said the main idea was promising, but the evidence was too limited to support the conclusion yet.",,,,,,,,,,,,
co-01--local-safe-engine--coedit-large-research,co-01,cohesion_known_new,The biology lab introduced a new microscope camera last week. The camera can save images directly to the lab computers. Those saved images make it easier for students to compare samples after class.,The biology lab introduced a new microscope camera last week. The camera can save images directly to the lab computers. Those saved images make it easier for students to compare samples after class.,"Last week, a new microscope camera was installed in the biology lab, which makes it easier for students to compare their specimens after class.",,,,,,,,,,,,
co-02--local-safe-engine--coedit-large-research,co-02,cohesion_known_new,"The team found three duplicate records during the audit. Those duplicates came from an old import script. The script had been retired months ago, but its records were still present in the database.","The team found three duplicate records during the audit. Those duplicates came from an old import script. The script had been retired months ago, but its records were still present in the database.","The audit team found three duplicate records in an old import script, which had been retired several months ago, but was still present in the database.",,,,,,,,,,,,
co-03--local-safe-engine--coedit-large-research,co-03,cohesion_known_new,"A late shipment delayed the first test run. Because the test started late, the team had only one afternoon to review the results. That shorter review period is why several minor issues were not caught until the next day.","A late shipment was delayed the first test run. Because the test started late, the team had only one afternoon to review the results. That shorter review period is why several minor issues were not caught until the next day.","The first test had been was delayed by a late delivery, and the team had only one afternoon to examine the results, so that several minor faults had not been discovered until the next day.",,,,,,,,,,,,
co-04--local-safe-engine--coedit-large-research,co-04,cohesion_known_new,"The survey showed that students wanted more evening tutoring. That preference was strongest among students who work during the day. Their schedules make daytime appointments difficult, so the department is considering a later tutoring block.","The survey showed that students wanted more evening tutoring. That preference was strongest among students who work during the day. Their schedules make daytime appointments difficult, so the department is considering a later tutoring block.","Students who worked during the day were most interested in evening tutoring, and their schedules made daytime appointments difficult, so the department is planning a later tutoring block.",,,,,,,,,,,,
co-05--local-safe-engine--coedit-large-research,co-05,cohesion_known_new,"The app stores approved examples in a local file. That file is loaded when the app starts and provides a small set of writing preferences. Those preferences can change ranking, but they do not override the safety checks.","The app stores approved examples in a local file, which is loaded when the app starts and provides a small set of writing preferences. The preferences can affect the ranking, but they do not override the safety checks.","The app stores approved examples in a local file. That file is loaded when the app starts and provides a small set of writing preferences. Those preferences can change ranking, but they do not override the safety checks.",,,,,,,,,,,,
co-06--local-safe-engine--coedit-large-research,co-06,cohesion_known_new,"The first experiment used a smaller sample than planned. The smaller sample reduced the amount of data available for comparison. That limitation does not invalidate the experiment, but it makes the result less certain.","The first experiment used a smaller sample than planned, which reduced the number of data available for comparison. This limitation does not invalidate the experiment, but makes the result less certain.","The first experiment used a smaller sample than planned. The smaller sample reduced the amount of data available for comparison. That limitation does not invalidate the experiment, but it makes the result less certain.",,,,,,,,,,,,
lr-01--local-safe-engine--coedit-large-research,lr-01,logical_relations,"The printer was working in the morning, but it stopped after the network settings were changed. Because the other printers stayed online, the technician thinks the problem is local to that machine rather than the whole network.","The printer worked in the morning, but it stopped but the network settings were changed. Because the other printers were still online, the tech thinks the problem is with the printer in particular rather than the entire network.","The printer was working in the morning, but it stopped after the network settings were changed. Because the other printers stayed online, the technician thinks the issue is local to that machine rather than the whole network.",,,,,,,,,,,,
lr-02--local-safe-engine--coedit-large-research,lr-02,logical_relations,"If the weather stays clear, the field work will begin Thursday. If it rains, the team will use Thursday for equipment checks instead and move the field work to Friday.","If it's clear, the field work will start Thursday, but if it's raining, the team will use Thursday to check the equipment and move the field work to Friday.","If the weather stays direct, the field work will begin Thursday. If it rains, the team will use Thursday for equipment checks instead and move the field work to Friday.",,,,,,,,,,,,
lr-03--local-safe-engine--coedit-large-research,lr-03,logical_relations,"The new process takes one extra step at the beginning, yet it usually saves time later because fewer requests are returned for missing information.","At first, a new procedure takes one more step, but it usually saves time in the long run because fewer requests for missing information are returned.","The new process takes one extra step at the beginning, yet it usually saves time later because fewer requests are returned for missing information.",,,,,,,,,,,,
lr-04--local-safe-engine--coedit-large-research,lr-04,logical_relations,Maya finished the data cleanup before Jordan ran the analysis. That order matters because the earlier version of the dataset still contained duplicate rows.,Maya finished the data cleanup before Jordan ran the analysis. That order matters because the earlier version of the dataset still contained duplicate rows.,"Before Jordan started the analysis, Maya had completed the data cleansing. This was important, since the earlier version of the data had duplicated rows.",,,,,,,,,,,,
lr-05--local-safe-engine--coedit-large-research,lr-05,logical_relations,"Although the pilot did not reach its enrollment target, the participants who completed it reported fewer scheduling conflicts. The department therefore wants another trial before deciding whether to expand the program.","Although the pilot has not reached its enrollment target, the participants who have already completed it has reported a smaller number of scheduling conflicts, and the Department wishes to carry out another trial before deciding whether to extend the programme.","Even though the pilot did not reach its enrollment target, the participants who completed it reported fewer scheduling conflicts. The department therefore wants another trial before deciding whether to expand the program.",,,,,,,,,,,,
lr-06--local-safe-engine--coedit-large-research,lr-06,logical_relations,"The first draft explains what happened, whereas the second draft explains why it happened. Both are accurate, but the second is more useful for the report because the assignment asks for analysis rather than summary.","The first draft explains what happened, whereas the second draft explains why it happened. Both are accurate, but the second is more helpful for the report because the assignment asks for analysis rather than summary.","The first draft explains what happened; the second draft explains why. Both are precise, but the second is more useful for the report because the assignment calls for analysis rather than summaries.",,,,,,,,,,,,
rc-01--local-safe-engine--coedit-large-research,rc-01,reference_coreference,"Nina sent Priya the revised chart after Priya noticed the labeling error. She had already fixed the colors, so the only remaining change was the axis label.","Nina sent Priya the revised chart after Priya noticed the labeling error. She had already fixed the colors, so the only remaining change was the axis label.","After Priya noticed the labeling mistake, Nina sent Priya the revised chart. She had already repaired the colors, so all that remained was the label for the axes.",,,,,,,,,,,,
rc-02--local-safe-engine--coedit-large-research,rc-02,reference_coreference,The advisor told the student that the registrar had not received the form. The student emailed the registrar that afternoon and learned that the attachment had been blocked by the mail system.,The advisor told the student that the registrar had not received the form. The student emailed the registrar that afternoon and learned that the attachment had been blocked by the mail system.,The advisor informed the student that the form had not been received. The student emailed the registrar that afternoon and discovered that the attachment had been blocked by the mail system.,,,,,,,,,,,,
rc-03--local-safe-engine--coedit-large-research,rc-03,reference_coreference,"The battery warning appeared after the laptop was connected to the dock. Removing the dock made the warning disappear, which suggests the dock or its power adapter may be involved.","When the laptop was connected to the dock, the battery warning disappeared when the dock was removed, suggesting the dock or its power adapter was involved.","The battery warning appeared after the laptop was connected to the dock. Removing the dock made the warning disappear, which suggests the dock or its power adapter may be involved.",,,,,,,,,,,,
rc-04--local-safe-engine--coedit-large-research,rc-04,reference_coreference,"Ava reviewed Liam's notes before he submitted the report. She corrected two dates in the notes, but he chose not to change the wording of the report itself.","Ava reviewed Liam's notes before he submitted the report. She corrected two dates in the notes, but he chose not to change the wording of the report itself.","Before Liam submitted the report, Ava checked the notes and corrected two dates, but he did not change the wording of the report itself.",,,,,,,,,,,,
rc-05--local-safe-engine--coedit-large-research,rc-05,reference_coreference,"The first server sends logs to the backup server every hour. If it stops responding, the backup keeps the most recent copy but does not automatically become the primary server.","Every hour, the primary server sends logs to the backup server. The backup server keeps the latest copy, but does not automatically become the primary server.","The first server sends logs to the backup server every hour. If it stops responding, the backup keeps the most recent copy but does not automatically become the primary server.",,,,,,,,,,,,
rc-06--local-safe-engine--coedit-large-research,rc-06,reference_coreference,The committee asked the vendor to revise the estimate because its labor total did not match the hours listed in the proposal. The vendor agreed to check the calculation before the next meeting.,The committee asked the vendor to revise the estimate because its labor total did not match the hours listed in the proposal. The vendor agreed to check the calculation before the next meeting.,"The Committee requested the supplier to revise the estimate, because its labor total did not match the hours listed in the proposal The supplier agreed to verify the calculation before the next meeting.",,,,,,,,,,,,
mp-01--local-safe-engine--coedit-large-research,mp-01,modality_negation_precision,"The change might reduce startup time, but we do not have enough measurements to say that it definitely does. For now, the result should be treated as promising rather than conclusive.","The change might reduce startup time, but we do not have enough measurements to say that it definitely does. For now, the result should be treated as promising rather than conclusive.","This change may reduce startup times, but we don't have enough measurements yet to see if this is definitely the case. Until then, it's best to consider this as a promising result rather than a definitive result.",,,,,,,,,,,,
mp-02--local-safe-engine--coedit-large-research,mp-02,modality_negation_precision,"I would prefer to take the morning section, although I can attend the afternoon section if the morning one is full. I am not asking to be moved unless a seat is actually available.","I would prefer to receive the morning section, even though I can attend the afternoon section if the morning one is full. I am not asking to be moved unless a seat is actually available.","I'd rather go to the morning part, but if the afternoon part is full, I'll take the afternoon part. I don't want to be moved unless there's a seat available.",,,,,,,,,,,,
mp-03--local-safe-engine--coedit-large-research,mp-03,modality_negation_precision,"The sensor can detect a temperature change, but it cannot tell us what caused that change. A sudden increase could come from the heater, direct sunlight, or another source.","The sensor can detect a change in temperature, but it cannot tell us what caused it. A sudden increase in temperature may be caused by a heat pump, direct sunlight or another source.","The sensor can detect a temperature change, but it cannot tell us what caused that change. A sudden boost could come from the heater, direct sunlight, or another source.",,,,,,,,,,,,
mp-04--local-safe-engine--coedit-large-research,mp-04,modality_negation_precision,The policy says employees should report suspected errors; it does not say they must prove an error occurred before reporting it.,It does not say that employees must prove an error has occurred before reporting it.,The policy says employees should report suspected errors; it does not say they must prove an error occurred before reporting it.,,,,,,,,,,,,
mp-05--local-safe-engine--coedit-large-research,mp-05,modality_negation_precision,"There is no evidence that the file was deleted intentionally. It may have been removed during cleanup, but the logs are incomplete, so that explanation is only a possibility.","There is no evidence that the file was intentionally deleted. It might have been deleted during the cleaning, but the logs are incomplete, so it is only a possibility.","There is no evidence that the file was deleted intentionally. It may have been removed during cleanup, but the logs are incomplete, so that explanation is only a possibility.",,,,,,,,,,,,
mp-06--local-safe-engine--coedit-large-research,mp-06,modality_negation_precision,"The medication is expected to help most patients, but it does not guarantee that every patient will improve. Anyone with questions should speak with a clinician rather than changing the dose on their own.","It is expected that most patients will benefit from this medicine, but it does not guarantee that all patients will improve. Patients who have questions should consult a doctor rather than change the dose alone.","The medication is expected to guide most patients, but it does not guarantee that every patient will improve. Anyone with questions should speak with a clinician rather than changing the dose on their own.",,,,,,,,,,,,
fa-01--local-safe-engine--coedit-large-research,fa-01,factual_anchors,"On September 14, 2026, Maya Chen paid $184.75 for the replacement part. The receipt says the part can be returned within 30 days if it has not been installed.","Maya Chen paid $184.75 for the replacement part on September 14, 2026, and the receipt said that the part could be returned within 30 days if it hadn't been installed.","On September 14, 2026, Maya Chen paid $184.75 for the replacement part. The receipt says the part can be returned within 30 days if it has not been installed.",,,,,,,,,,,,
fa-02--local-safe-engine--coedit-large-research,fa-02,factual_anchors,The lab recorded a pH of 6.4 before treatment and 7.1 afterward. The report calls the change 'modest but consistent' across the five samples.,"The laboratory recorded a pH of 6.4 before treatment and 7.1 afterward, which was referred to as 'modest but uniform' in all five specimens.",The lab recorded a pH of 6.4 before treatment and 7.1 afterward. The report calls the change 'modest but consistent' across the five samples.,,,,,,,,,,,,
fa-03--local-safe-engine--coedit-large-research,fa-03,factual_anchors,"Jordan Lee emailed the draft to review@example.org at 3:40 p.m. The subject line was 'Budget revision v2,' and the attachment was 2.8 MB.","Jordan Lee emailed the draft to review@example.org at 3:40 p.m. The subject line was 'Budget revision v2,' and the attachment was 2.8 MB.",At 3:40 p.m. Jordan Lee sent a draft to review@example.org under the heading 'Budget revision v2' and attached a 2.8 MB file.,,,,,,,,,,,,
fa-04--local-safe-engine--coedit-large-research,fa-04,factual_anchors,"Section 4.2 requires a backup every 12 hours, not once per day. The exception applies only to systems that are offline for maintenance.",Only systems that is offline for maintenance are covered by Section 4.2.,"Section 4.2 requires a backup every 12 hours, not once per day. The exception applies only to systems that is offline for maintenance.",,,,,,,,,,,,
fa-05--local-safe-engine--coedit-large-research,fa-05,factual_anchors,"The shipment contained 18 blue units and 7 gray units. Two blue units were damaged, so the usable total was 23 units.","The shipment included 18 blue units and 7 gray units. Two blue units were damaged, so the total number of usable units were 23.","The shipment contained 18 blue units and 7 gray units. Two blue units were damaged, so the usable total was 23 units.",,,,,,,,,,,,
fa-06--local-safe-engine--coedit-large-research,fa-06,factual_anchors,"The study ran from January through March 2026 and included 126 participants. Of those participants, 54 completed both follow-up surveys.",The study was carried out between January and March 2026 and 126 participants were involved and 54 completed both of the follow-up surveys.,"The study ran from January through March 2026 and included 126 participants. Of those participants, 54 completed both follow-up surveys.",,,,,,,,,,,,
gm-01--local-safe-engine--coedit-large-research,gm-01,grammar_minimal_edit,The results was surprising because each of the samples were collected under the same conditions. I don't think the difference come from the equipment.,The results was surprising because each of the samples were collected under the same conditions. I don't think the difference come from the equipment.,"The results were astonished, since all the samples had been taken under identical conditions. I don't think the difference has anything to do with the equipment.",,,,,,,,,,,,
gm-02--local-safe-engine--coedit-large-research,gm-02,grammar_minimal_edit,"She has went to the tutoring center twice this week, and both visits has helped her understand the material better.","She has went to the tutoring center twice this week, and both visits have helped her grasp the material better.","She's been to the tutoring center twice this week, and both visits have made her understand the subject better.",,,,,,,,,,,,
gm-03--local-safe-engine--coedit-large-research,gm-03,grammar_minimal_edit,"There is several reasons the schedule need to change, but the main one are that the current times conflict with lab.","There's a lot of reasons to modify the program, but the main one's the fact that the present time clashes with the lab.","There are several reasons the schedule. I need to change, but the main one are that the current times conflict with lab.",,,,,,,,,,,,
gm-04--local-safe-engine--coedit-large-research,gm-04,grammar_minimal_edit,The advisor suggested me to wait until the final grade posts before I submit a new request.,I was advised to wait until my final grade was published before I submitted a new application.,The advisor suggested me to wait until the final grade posts before I submit a new request.,,,,,,,,,,,,
gm-05--local-safe-engine--coedit-large-research,gm-05,grammar_minimal_edit,Neither the new instructions nor the example explain what happens if a student submit the form late.,Neither the new instructions nor the example explain what happens if a student submit the form is late.,What happens if a student submits the form late does not appear in the new instructions nor in the example.,,,,,,,,,,,,
gm-06--local-safe-engine--coedit-large-research,gm-06,grammar_minimal_edit,"I was planning on finishing it yesterday, but the files I needed wasn't available until this morning.","I planned to finish it yesterday, but the files I needed were not available until this morning.","I was planning on finishing it yesterday, but the files I needed wasn't available until this morning.",,,,,,,,,,,,
ss-01--local-safe-engine--coedit-large-research,ss-01,sentence_structure,The deadline moved to Friday. Because the vendor sent the corrected estimate late. Which gave the team less time to review the numbers.,"The deadline had been moved to Friday, because the supplier had sent the corrected estimate late, which had given the group less time to examine the data.",The deadline moved to Friday. Because the vendor sent the corrected estimate late. Which gave the team less time to review the numbers.,,,,,,,,,,,,
ss-02--local-safe-engine--coedit-large-research,ss-02,sentence_structure,I opened the dashboard the totals looked wrong I refreshed the page nothing changed so I checked the raw file and found two duplicated rows.,"When I opened the Dashboard, the totals seemed wrong. I refreshed the page, nothing changed, so I checked the raw file and found two duplicate rows.",I opened the dashboard the totals looked wrong I refreshed the page nothing changed so I checked the raw file and found two duplicated rows.,,,,,,,,,,,,
ss-03--local-safe-engine--coedit-large-research,ss-03,sentence_structure,"After reviewing the application, the missing transcript was obvious to the advisor. The student had uploaded the other documents correctly.","After reviewing the application, the missing transcript was obvious to the advisor. The student had uploaded the other documents correctly.","The advisor realized that the missing transcript was obvious after the application had been reviewed, while the student had correctly submitted the remaining documents.",,,,,,,,,,,,
ss-04--local-safe-engine--coedit-large-research,ss-04,sentence_structure,"The internship requires writing weekly summaries, to attend a Friday meeting, and completing one final presentation.","The internship requires writing weekly summaries, to attend a Friday meeting, and completing one final presentation.","The internship calls for weekly reports, a Friday meeting, and a final presentation.",,,,,,,,,,,,
ss-05--local-safe-engine--coedit-large-research,ss-05,sentence_structure,"The first meeting was scheduled for Monday, but two people could not attend, and then it moved to Wednesday, and the room was unavailable, so now it is Thursday afternoon.","The first meeting was scheduled for Monday, but two people could not attend, and then it moved to Wednesday, and the room was unavailable, so now it is Thursday afternoon.","The first meeting was scheduled for Monday, but two people were unable to attend, so it was rescheduled for Wednesday and the room was not available, so it was held on Thursday afternoon.",,,,,,,,,,,,
ss-06--local-safe-engine--coedit-large-research,ss-06,sentence_structure,The report includes the survey results. Along with a short explanation of the sampling method and why the response rate matters.,The results of the survey and a brief explanation of the sampling method and the importance of the response rate are included in the report.,The report covers the survey results. Along with a short explanation of the sampling method and why the response rate matters.,,,,,,,,,,,,
lc-01--local-safe-engine--coedit-large-research,lc-01,lexical_collocation,The new checklist made a strong improvement in how consistently the team records equipment problems. People are now more likely to include the exact error message instead of a general description.,The new checklist made a powerful improvement in how consistently the team records equipment problems. People are now more likely to include the exact error message instead of a general description.,"The new checklist has made a significant improvement in the consistency of the team's recording of technical problems, and people are more likely to record the exact error description rather than the general description.",,,,,,,,,,,,
lc-02--local-safe-engine--coedit-large-research,lc-02,lexical_collocation,"The professor gave a heavy warning that late submissions would receive a penalty. The warning was clear, but the exact size of the penalty was not listed.","The professor gave a heavy warning that late submissions would receive a penalty. The warning was direct, but the exact size of the penalty was not listed.","The professor had given a strong warning that late submissions would be subject to a fine, but the exact amount of the fine was not given.",,,,,,,,,,,,
lc-03--local-safe-engine--coedit-large-research,lc-03,lexical_collocation,The software performed a decision to close the connection after three failed attempts. That behavior prevents the client from waiting forever for a response.,This behaviour prevents the client from waiting forever for a response from the software.,The software performed a decision to close the connection after three failed attempts. That behavior prevents the client from waiting forever for a response.,,,,,,,,,,,,
lc-04--local-safe-engine--coedit-large-research,lc-04,lexical_collocation,"The survey received a large interest from first-year students, especially those looking for evening sections. Interest from returning students was more moderate.","The survey received a large interest from first-year students, especially those looking for evening sections. Interest from returning students were more moderate.","First-year students, especially those looking for evening courses, were most interested in the survey.",,,,,,,,,,,,
lc-05--local-safe-engine--coedit-large-research,lc-05,lexical_collocation,The team made an investigation into why the request failed and discovered that the token had expired. Renewing the token solved the problem immediately.,The team made an investigation into why the request failed and discovered that the token had expired. Renewing the token solved the problem immediately.,The team searched for the reason for the error and discovered that the token had expired.,,,,,,,,,,,,
lc-06--local-safe-engine--coedit-large-research,lc-06,lexical_collocation,"The explanation is technically correct, but the wording feels unusually bookish for a short message to classmates. I want it to sound normal without making it childish.","The explanation is technically correct, but the wording feels unusually bookish for a short message to classmates. I want it to sound normal without making it childish.","The explanation is technically correct, but the wording is unusually formal for a short message to classmates. I'd like it to sound normal, but not too childish.",,,,,,,,,,,,
rt-01--local-safe-engine--coedit-large-research,rt-01,register_tone,"hey, just checking if friday at 3 still works for you. if not no worries, i can do later that afternoon too.","Hey, just checking if friday at 3 still works for you. If not no worries, I can do later that afternoon too.","Hey, I'm checking if Friday at 3 works for you, if not, I can do it later in the afternoon, too.",,,,,,,,,,,,
rt-02--local-safe-engine--coedit-large-research,rt-02,register_tone,"The whole signup process was honestly kind of a mess, but the staff member who helped me was great and got it sorted out pretty fast.","The whole signup process was a real mess, but the staff member who assisted me was very helpful and resolved it very quickly.","The whole signup process was honestly kind of a mess, but the staff member who helped me was great and got it sorted out pretty fast.",,,,,,,,,,,,
rt-03--local-safe-engine--coedit-large-research,rt-03,register_tone,"I am writing to ask whether it would be possible to take the exam earlier that day. I have a required lab immediately afterward, so an earlier time would help me avoid a conflict.","I'd like to know if it's possible for me to take the exam the day after tomorrow, because I've got a lab appointment right afterward, so an earlier time would be good for me to avoid a conflict.","I am writing to ask whether it would be possible to receive the exam earlier that day. I have a required lab immediately afterward, so an earlier time would help me avoid a conflict.",,,,,,,,,,,,
rt-04--local-safe-engine--coedit-large-research,rt-04,register_tone,"ngl I thought the tutorial was gonna be useless, but it actually explained the one part I kept getting wrong. I still would not watch the whole thing again.","Ngl I thought the tutorial was gonna be useless, but it actually explained the one part I kept getting wrong. I still would not watch the whole thing again.","Ngl I'd thought the tutorial was useless, but it actually explained one thing that I'd always made a mistake. And I still wouldn't do it again.",,,,,,,,,,,,
rt-05--local-safe-engine--coedit-large-research,rt-05,register_tone,"The proposal is solid overall, but the budget section feels a little shaky because several costs are estimates instead of quotes. I would double-check those numbers before sending it.","The proposal is solid, but the budget section is a bit sloppy because the cost of some of the expenditure is estimated rather than quotations. I would double-check those numbers before sending it.","The proposal is solid overall, but the budget section feels a little shaky because several costs are estimates instead of quotes. I would double-check those numbers before sending it.",,,,,,,,,,,,
rt-06--local-safe-engine--coedit-large-research,rt-06,register_tone,"I appreciate the quick response. I am still confused about whether the form goes back to your office or directly to the testing center, so I want to make sure I send it to the right place.","I appreciate the quick response. I am still confused about whether the form goes back to your office or directly to the testing center, so I want to make sure I send it to the right place.","I'm still confused about whether the form should be sent back to your office or directly to the testing centre, so I want to be certain that I send it to the correct place.",,,,,,,,,,,,
pu-01--local-safe-engine--coedit-large-research,pu-01,paragraph_unity_redundancy,The main benefit of the new form is that it asks for all required information in one place. That is useful because people no longer have to send a second email with missing details. The form is beneficial because it reduces the need for follow-up messages about information that was left out.,"The main advantage of the new form is that it asks for all the information that is needed in one place, so that people do not have to send a second email with the missing information.",The main benefit of the new form is that it asks for all required information in one place. That is useful because people no longer have to send a second email with missing details. The form is beneficial because it reduces the require for follow-up messages about information that was left out.,,,,,,,,,,,,
pu-02--local-safe-engine--coedit-large-research,pu-02,paragraph_unity_redundancy,"The lab report should explain why the result matters, not only list the measurements. The measurements still need to be included because they support the explanation. A good report connects the data to the conclusion instead of treating them as separate pieces.","The laboratory report should explain why the result is important, not just list the measurements. The measurements should still be included in the lab report because they support the explanation. A good lab report links the data to the conclusion rather than treating them separately.","The lab report should make clear why the result matters, not only list the measurements. The measurements still have to be included because they support the explanation. A good report connects the data to the conclusion instead of treating them as separate pieces.",,,,,,,,,,,,
pu-03--local-safe-engine--coedit-large-research,pu-03,paragraph_unity_redundancy,I use the calendar mostly to avoid missing small deadlines. It also helps me see when several assignments pile up in the same week. I like dark mode in most apps because bright screens bother me at night.,"I'm mostly using the calendar to avoid missing small deadlines, but also to see when a lot of work takes place at the same time. I like dark mode on most applications, because I don't like bright screens at night.",I use the calendar mostly to avoid missing small deadlines. It also helps me see when several assignments pile up in the same week. I like dark mode in most apps because bright screens bother me at night.,,,,,,,,,,,,
pu-04--local-safe-engine--coedit-large-research,pu-04,paragraph_unity_redundancy,"The update reduced the time needed to open large projects. Startup is faster now, and opening a large project takes less time than before. The improvement is most noticeable on projects with many files.","The update reduced the time needed to open large projects. Startup is faster now, and opening a large project takes less time than before. The improvement is most noticeable on projects with many files.","The update has made it easier to start large projects, and it takes less time to open a large project than it used to. This improvement is particularly noticeable in projects with a lot of files.",,,,,,,,,,,,
pu-05--local-safe-engine--coedit-large-research,pu-05,paragraph_unity_redundancy,The discussion board was more useful once people started responding to specific points instead of posting generic agreement. Those specific replies gave the original writer something concrete to answer. That made the conversation feel more like an actual discussion.,The discussion board was more helpful once people started responding to specific points instead of posting generic agreement. Those specific replies gave the source writer something concrete to answer. That made the conversation feel more like an actual discussion.,"As soon as people started answering specific questions rather than just agreeing, the discussion board became more useful.",,,,,,,,,,,,
pu-06--local-safe-engine--coedit-large-research,pu-06,paragraph_unity_redundancy,"The first two steps of the setup are simple, but the third step assumes the user already knows where the configuration file is stored. That missing explanation is the main reason the instructions feel harder than the process actually is.","The first two steps of the setup are easy, but the third step assumes the user already knows where the configuration file is stored. That missing explanation is the main reason the instructions feel harder than the process actually is.","The first two steps are simple, but the third requires the user to already know where the configuration file is stored. This lack of explanation is the main reason the instructions feel more complicated than it really is.",,,,,,,,,,,,
ai-01--local-safe-engine--coedit-large-research,ai-01,ambiguity_non_invention,"The meeting did not go the way I expected. Something came up near the end, and we decided to revisit the issue next week.","The meeting didn't go as I had expected, and at the end something happened that made us think about it again next week.","The meeting did not go the way I expected. Something came up near the end, and we decided to revisit the issue next week.",,,,,,,,,,,,
ai-02--local-safe-engine--coedit-large-research,ai-02,ambiguity_non_invention,"The file disappeared sometime after lunch. I checked the shared folder and my downloads, but I still do not know whether it was moved, renamed, or deleted.","The file disappeared sometime after lunch. I checked the shared folder and my downloads, but I still do not know whether it was moved, renamed, or deleted.","I've looked at the shared folder and downloaded it, but I still don't know whether it was moved, renamed or deleted after lunch.",,,,,,,,,,,,
ai-03--local-safe-engine--coedit-large-research,ai-03,ambiguity_non_invention,"People have raised concerns about the new process, but the notes do not say how many people complained or which part of the process bothered them.","People have raised concerns about the new process, but the notes do not say how many people complained or which part of the process bothered them.","People complained about the new procedure, but the reports do not say how many complained or what parts of the procedure were bothering them.",,,,,,,,,,,,
ai-04--local-safe-engine--coedit-large-research,ai-04,ambiguity_non_invention,"The test failed after the configuration changed, but that timing alone does not prove the configuration caused the failure. No one has reproduced the problem yet.","No one has yet reproduced the error after changing the configuration, but the timing alone does not prove the error was caused by the configuration.","The test failed after the configuration changed, but that timing alone does not prove the configuration caused the failure. No one has reproduced the issue yet.",,,,,,,,,,,,
ai-05--local-safe-engine--coedit-large-research,ai-05,ambiguity_non_invention,"The instructor said my explanation needs more support. I am not sure whether she wants another source, a better example, or a clearer connection to the evidence I already used.","The instructor said my explanation needs more support. I am not sure whether she wants another source, a stronger example, or a clearer connection to the evidence I already used.","I don't know whether he wants a different source, a better example, or a clearer connection to the evidence I've already used.",,,,,,,,,,,,
ai-06--local-safe-engine--coedit-large-research,ai-06,ambiguity_non_invention,The package arrived with damage on one corner. I cannot tell whether the item inside is damaged because I have not opened the box yet.,The package arrived with damage on one corner. I cannot tell whether the item inside is damaged because I have not opened the box yet.,"I haven't opened the package yet, so I can't see if the contents are damaged.",,,,,,,,,,,,
me-01--local-safe-engine--minicpm5-2b,me-01,meaning_equivalence,"I started using the new study schedule about two weeks ago. It has not made studying easier, but I waste less time deciding what to work on, which is why I plan to keep using it.","I've been using the new study schedule for about two weeks. It hasn't made studying easier, but I've found that I waste less time deciding what to work on. That's why I plan to keep using it.","I started using the new study schedule about two weeks ago. It has not made studying easier, but I waste less time deciding what to work on, which is why I plan to keep using it.",,,,,,,,,,,,
me-02--local-safe-engine--minicpm5-2b,me-02,meaning_equivalence,"The update looks smaller than the previous release because most of the changes are behind the scenes. The interface barely changed, but loading large files is noticeably faster on my laptop.","The update looks smaller than the previous release because most of the changes are behind the scenes. The interface barely changed, but loading large files are noticeably faster on my laptop.","The update looks smaller than the previous release because most of the changes are behind the scenes. The interface barely changed, but loading large files are noticeably faster on my laptop.",,,,,,,,,,,,
me-03--local-safe-engine--minicpm5-2b,me-03,meaning_equivalence,"I liked the presentation overall even though the first section dragged a little. Once the examples started, the argument became much easier to follow and the final recommendation made sense.","I liked the presentation overall, even though the first section dragged a little. Once the examples started, the argument became much easier to follow, and the final recommendation made sense.","I liked the presentation overall even though the first section dragged a little. Once the examples started, the argument became much easier to follow and the final recommendation made sense.",,,,,,,,,,,,
me-04--local-safe-engine--minicpm5-2b,me-04,meaning_equivalence,The class is not difficult because of the amount of reading. The harder part is keeping track of several small assignments that are due on different days each week.,The class isn't difficult because of the amount of reading. The harder part is keeping track of several small assignments that is due on different days each week.,The class is not difficult because of the amount of reading. The harder part is keeping track of several small assignments that is due on different days each week.,,,,,,,,,,,,
me-05--local-safe-engine--minicpm5-2b,me-05,meaning_equivalence,"My first draft was longer, but it was not actually more detailed. I had repeated the same point in several ways, so cutting those sentences made the explanation clearer without removing evidence.","My first draft was longer, but it was not actually more detailed. I had repeated the same point in several ways, so cutting those clauses made the explanation clearer without removing evidence.","My first draft was longer, but it wasn't actually more detailed. I had repeated the same point in several ways, so cutting those sentences made the explanation clearer without removing evidence.",,,,,,,,,,,,
me-06--local-safe-engine--minicpm5-2b,me-06,meaning_equivalence,"The professor did not say the proposal was wrong. She said the main idea was promising, but the evidence was too limited to support the conclusion yet.","The professor did not say the proposal was wrong. She said the main idea was promising, but the evidence was too limited to support the conclusion yet.","The professor did not say the proposal was wrong. She said the main idea was promising, but the evidence was too limited to support the conclusion yet.",,,,,,,,,,,,
co-01--local-safe-engine--minicpm5-2b,co-01,cohesion_known_new,The biology lab introduced a new microscope camera last week. The camera can save images directly to the lab computers. Those saved images make it easier for students to compare samples after class.,The biology lab introduced a new microscope camera last week. The camera can save images directly to the lab computers. Those saved images make it easier for students to compare samples after class.,The biology lab introduced a new microscope camera last week. The camera can save images directly to the lab computers. Those saved images make it easier for students to compare samples after class.,,,,,,,,,,,,
co-02--local-safe-engine--minicpm5-2b,co-02,cohesion_known_new,"The team found three duplicate records during the audit. Those duplicates came from an old import script. The script had been retired months ago, but its records were still present in the database.","The team found three duplicate records during the audit. Those duplicates came from an old import script. The script had been retired months ago, but its records were still present in the database.","The team found three duplicate records during the audit. Those duplicates came from an old import script. The script had been retired months ago, but its records were still present in the database.",,,,,,,,,,,,
co-03--local-safe-engine--minicpm5-2b,co-03,cohesion_known_new,"A late shipment delayed the first test run. Because the test started late, the team had only one afternoon to review the results. That shorter review period is why several minor issues were not caught until the next day.","A late shipment was delayed the first test run. Because the test started late, the team had only one afternoon to review the results. That shorter review period is why several minor issues were not caught until the next day.","A late shipment was delayed the first test run. Because the test started late, the team had only one afternoon to review the results. That shorter review period is why several minor issues were not caught until the next day.",,,,,,,,,,,,
co-04--local-safe-engine--minicpm5-2b,co-04,cohesion_known_new,"The survey showed that students wanted more evening tutoring. That preference was strongest among students who work during the day. Their schedules make daytime appointments difficult, so the department is considering a later tutoring block.","The survey showed that students wanted more evening tutoring. That preference was strongest among students who work during the day. Their schedules make daytime appointments difficult, so the department is considering a later tutoring block.","The survey showed that students wanted more evening tutoring. That preference was strongest among students who work during the day. Their schedules make daytime appointments difficult, so the department is considering a later tutoring block.",,,,,,,,,,,,
co-05--local-safe-engine--minicpm5-2b,co-05,cohesion_known_new,"The app stores approved examples in a local file. That file is loaded when the app starts and provides a small set of writing preferences. Those preferences can change ranking, but they do not override the safety checks.","App stores approve examples in a local file. That file is loaded when the app starts and provides a small set of writing preferences. Those preferences can change ranking, but they do not override the safety checks.","The app stores approved examples in a local file. That file is loaded when the app starts and provides a small set of writing preferences. Those preferences can change ranking, but they do not override the safety checks.",,,,,,,,,,,,
co-06--local-safe-engine--minicpm5-2b,co-06,cohesion_known_new,"The first experiment used a smaller sample than planned. The smaller sample reduced the amount of data available for comparison. That limitation does not invalidate the experiment, but it makes the result less certain.","The first experiment used a smaller sample than planned. The smaller sample reduced the amount of data available for comparison. That limitation does not invalidate the experiment, but it makes the result less certain.","The first experiment used a smaller sample than planned. The smaller sample reduced the amount of data available for comparison. That limitation does not invalidate the experiment, but it makes the result less certain.",,,,,,,,,,,,
lr-01--local-safe-engine--minicpm5-2b,lr-01,logical_relations,"The printer was working in the morning, but it stopped after the network settings were changed. Because the other printers stayed online, the technician thinks the problem is local to that machine rather than the whole network.","The printer was working in the morning, but it stopped after the network settings were changed. Because the other printers stayed online, the technician thinks the problem is local to that machine rather than the whole network.","The printer was working in the morning, but it stopped after the network settings were changed. Because the other printers stayed online, the technician thinks the issue is local to that machine rather than the whole network.",,,,,,,,,,,,
lr-02--local-safe-engine--minicpm5-2b,lr-02,logical_relations,"If the weather stays clear, the field work will begin Thursday. If it rains, the team will use Thursday for equipment checks instead and move the field work to Friday.","If the weather stays clear, field work will begin Thursday. If it rains, the team will use Thursday for equipment checks instead and move the field work to Friday.","If the weather stays direct, the field work will begin Thursday. If it rains, the team will use Thursday for equipment checks instead and move the field work to Friday.",,,,,,,,,,,,
lr-03--local-safe-engine--minicpm5-2b,lr-03,logical_relations,"The new process takes one extra step at the beginning, yet it usually saves time later because fewer requests are returned for missing information.","The new process takes one extra step at the beginning, yet it usually saves time later because fewer requests are returned for missing information.","The new process adds one extra step at the beginning, yet it usually saves time later because fewer requests are returned for missing information.",,,,,,,,,,,,
lr-04--local-safe-engine--minicpm5-2b,lr-04,logical_relations,Maya finished the data cleanup before Jordan ran the analysis. That order matters because the earlier version of the dataset still contained duplicate rows.,Maya finished the data cleanup before Jordan ran the analysis. That order matters because the earlier version of the dataset still contained duplicate rows.,Maya finished the data cleanup before Jordan ran the analysis. That order matters because the earlier version of the dataset still contained duplicate rows.,,,,,,,,,,,,
lr-05--local-safe-engine--minicpm5-2b,lr-05,logical_relations,"Although the pilot did not reach its enrollment target, the participants who completed it reported fewer scheduling conflicts. The department therefore wants another trial before deciding whether to expand the program.","Even though the pilot did not reach its enrollment target, the participants who completed it reported fewer scheduling conflicts. The department therefore wants another trial before deciding whether to expand the program.","Although the pilot did not reach its enrollment target, the participants who completed it reported fewer scheduling conflicts. The department therefore wants another trial before deciding whether to expand the program.",,,,,,,,,,,,
lr-06--local-safe-engine--minicpm5-2b,lr-06,logical_relations,"The first draft explains what happened, whereas the second draft explains why it happened. Both are accurate, but the second is more useful for the report because the assignment asks for analysis rather than summary.","The first draft explains what happened, whereas the second draft explains why it happened. Both are accurate, but the second is more helpful for the report because the assignment asks for analysis rather than summary.","The first draft explains what happened, whereas the second draft explains why it happened. Both are accurate, but the second is more useful for the report because the assignment asks for analysis rather than summary.",,,,,,,,,,,,
rc-01--local-safe-engine--minicpm5-2b,rc-01,reference_coreference,"Nina sent Priya the revised chart after Priya noticed the labeling error. She had already fixed the colors, so the only remaining change was the axis label.","Nina sent Priya the revised chart after Priya noticed the labeling error. She had already fixed the colors, so the only remaining change was the axis label.","Nina sent Priya the revised chart after Priya noticed the labeling error. She had already fixed the colors, so the only remaining change was the axis label.",,,,,,,,,,,,
rc-02--local-safe-engine--minicpm5-2b,rc-02,reference_coreference,The advisor told the student that the registrar had not received the form. The student emailed the registrar that afternoon and learned that the attachment had been blocked by the mail system.,The advisor told the student that the registrar had not received the form. The student emailed the registrar that afternoon and learned that the attachment had been blocked by the mail system.,The advisor told the student that the registrar had not received the form. The student emailed the registrar that afternoon and learned that the attachment had been blocked by the mail system.,,,,,,,,,,,,
rc-03--local-safe-engine--minicpm5-2b,rc-03,reference_coreference,"The battery warning appeared after the laptop was connected to the dock. Removing the dock made the warning disappear, which suggests the dock or its power adapter may be involved.","The battery warning appeared after the laptop was connected to the dock. Removing the dock made the warning disappear, which suggests the dock or its power adapter may be involved.","The battery warning appeared after the laptop was connected to the dock. Removing the dock made the warning disappear, which suggests the dock or its power adapter may be involved.",,,,,,,,,,,,
rc-04--local-safe-engine--minicpm5-2b,rc-04,reference_coreference,"Ava reviewed Liam's notes before he submitted the report. She corrected two dates in the notes, but he chose not to change the wording of the report itself.","Ava reviewed Liam's notes before he submitted the report. She corrected two dates in the notes, but he chose not to change the wording of the report itself.","Ava reviewed Liam's notes before he submitted the report. She corrected two dates in the notes, but he chose not to change the wording of the report itself.",,,,,,,,,,,,
rc-05--local-safe-engine--minicpm5-2b,rc-05,reference_coreference,"The first server sends logs to the backup server every hour. If it stops responding, the backup keeps the most recent copy but does not automatically become the primary server.","The first server sends logs to the backup server every hour. If it stops responding, the backup keeps the most recent copy but does not automatically become the primary server.","The first server sends logs to the backup server every hour. If it stops responding, the backup keeps the most recent copy but does not automatically become the primary server.",,,,,,,,,,,,
rc-06--local-safe-engine--minicpm5-2b,rc-06,reference_coreference,The committee asked the vendor to revise the estimate because its labor total did not match the hours listed in the proposal. The vendor agreed to check the calculation before the next meeting.,The committee asked the vendor to revise the estimate because its labor total did not match the hours listed in the proposal. The vendor agreed to check the calculation before the next meeting.,The committee asked the vendor to revise the estimate because the labor total did not match the hours listed in the proposal. The vendor agreed to check the calculation before the next meeting.,,,,,,,,,,,,
mp-01--local-safe-engine--minicpm5-2b,mp-01,modality_negation_precision,"The change might reduce startup time, but we do not have enough measurements to say that it definitely does. For now, the result should be treated as promising rather than conclusive.","The change might reduce startup time, but we do not have enough measurements to say that it definitely does. For now, the result should be treated as promising rather than conclusive.","The change might reduce startup time, but we do not have enough measurements to say that it definitely does. For now, the result should be treated as promising rather than conclusive.",,,,,,,,,,,,
mp-02--local-safe-engine--minicpm5-2b,mp-02,modality_negation_precision,"I would prefer to take the morning section, although I can attend the afternoon section if the morning one is full. I am not asking to be moved unless a seat is actually available.","I would prefer to take the morning section, although I can attend the afternoon section if the morning one is full. I am not asking to be moved unless a seat is actually available.","I would prefer to receive the morning section, even though I can attend the afternoon section if the morning one is full. I am not asking to be moved unless a seat is actually available.",,,,,,,,,,,,
mp-03--local-safe-engine--minicpm5-2b,mp-03,modality_negation_precision,"The sensor can detect a temperature change, but it cannot tell us what caused that change. A sudden increase could come from the heater, direct sunlight, or another source.","The sensor can detect a temperature change, but it cannot tell us what caused that change. A sudden increase could come from the heater, direct sunlight, or another source.","The sensor can detect a temperature change, but it cannot tell us what caused that change. A sudden boost could come from the heater, direct sunlight, or another source.",,,,,,,,,,,,
mp-04--local-safe-engine--minicpm5-2b,mp-04,modality_negation_precision,The policy says employees should report suspected errors; it does not say they must prove an error occurred before reporting it.,"The policy states that employees should report suspected errors, but it does not require them to prove that an error actually occurred before making the report.",The policy says employees should report suspected errors; it does not say they must prove an error occurred before reporting it.,,,,,,,,,,,,
mp-05--local-safe-engine--minicpm5-2b,mp-05,modality_negation_precision,"There is no evidence that the file was deleted intentionally. It may have been removed during cleanup, but the logs are incomplete, so that explanation is only a possibility.","There is no evidence that the file was deleted intentionally. It may have been removed during cleanup, but the logs are incomplete, so that explanation is only a possibility.","There is no evidence that the file was deleted intentionally. It may have been removed during cleanup, but the logs are incomplete, so that explanation is only a possibility.",,,,,,,,,,,,
mp-06--local-safe-engine--minicpm5-2b,mp-06,modality_negation_precision,"The medication is expected to help most patients, but it does not guarantee that every patient will improve. Anyone with questions should speak with a clinician rather than changing the dose on their own.","The medication is expected to guide most patients, but it does not guarantee that every patient will improve. Anyone with questions should speak with a clinician rather than changing the dose on their own.","The medication is expected to help most patients, but it does not guarantee that every patient will improve. Anyone with questions should speak with a clinician rather than changing the dose on their own.",,,,,,,,,,,,
fa-01--local-safe-engine--minicpm5-2b,fa-01,factual_anchors,"On September 14, 2026, Maya Chen paid $184.75 for the replacement part. The receipt says the part can be returned within 30 days if it has not been installed.","On September 14, 2026, Maya Chen paid $184.75 for the replacement part. The receipt states that the part can be returned within 30 days if it has not been installed.","On September 14, 2026, Maya Chen paid $184.75 for the replacement part. The receipt says the part can be returned within 30 days if it has not been installed.",,,,,,,,,,,,
fa-02--local-safe-engine--minicpm5-2b,fa-02,factual_anchors,The lab recorded a pH of 6.4 before treatment and 7.1 afterward. The report calls the change 'modest but consistent' across the five samples.,The lab recorded a pH of 6.4 before treatment and 7.1 afterward. The report calls the change 'modest but consistent' across the five samples.,The lab recorded a pH of 6.4 before treatment and 7.1 afterward. The report calls the change 'modest but consistent' across the five samples.,,,,,,,,,,,,
fa-03--local-safe-engine--minicpm5-2b,fa-03,factual_anchors,"Jordan Lee emailed the draft to review@example.org at 3:40 p.m. The subject line was 'Budget revision v2,' and the attachment was 2.8 MB.","Jordan Lee emailed the draft to review@example.org at 3:40 p.m. The subject line was 'Budget revision v2,' and the attachment was 2.8 MB.","Jordan Lee emailed the draft to review@example.org at 3:40 p.m. The subject line was 'Budget revision v2,' and the attachment was 2.8 MB.",,,,,,,,,,,,
fa-04--local-safe-engine--minicpm5-2b,fa-04,factual_anchors,"Section 4.2 requires a backup every 12 hours, not once per day. The exception applies only to systems that are offline for maintenance.","Section 4.2 requires a backup every 12 hours, not once per day. The exception applies only to systems that is offline for maintenance.","Section 4.2 requires a backup every 12 hours, not once per day. The exception applies only to systems that is offline for maintenance.",,,,,,,,,,,,
fa-05--local-safe-engine--minicpm5-2b,fa-05,factual_anchors,"The shipment contained 18 blue units and 7 gray units. Two blue units were damaged, so the usable total was 23 units.","The shipment contained 18 blue units and 7 gray units. Two blue units were damaged, so the usable total was 23 units.","The shipment contained 18 blue units and 7 gray units. Two blue units were damaged, so the usable total was 23 units.",,,,,,,,,,,,
fa-06--local-safe-engine--minicpm5-2b,fa-06,factual_anchors,"The study ran from January through March 2026 and included 126 participants. Of those participants, 54 completed both follow-up surveys.","The study ran from January through March 2026 and included 126 participants. Of those participants, 54 completed both follow-up surveys.","The study ran from January through March 2026 and included 126 participants. Of those participants, 54 completed both follow-up surveys.",,,,,,,,,,,,
gm-01--local-safe-engine--minicpm5-2b,gm-01,grammar_minimal_edit,The results was surprising because each of the samples were collected under the same conditions. I don't think the difference come from the equipment.,The results was surprising because each of the samples were collected under the same conditions. I don't think the difference come from the equipment.,The results were surprising because each of the samples was collected under the same conditions. I don't think the difference comes from the equipment.,,,,,,,,,,,,
gm-02--local-safe-engine--minicpm5-2b,gm-02,grammar_minimal_edit,"She has went to the tutoring center twice this week, and both visits has helped her understand the material better.","She has went to the tutoring center twice this week, and both visits have helped her grasp the material better.","She has gone to the tutoring center twice this week, and both visits have helped her understand the material better.",,,,,,,,,,,,
gm-03--local-safe-engine--minicpm5-2b,gm-03,grammar_minimal_edit,"There is several reasons the schedule need to change, but the main one are that the current times conflict with lab.","There are several reasons the schedule needs to change, but the main one is that the current times conflict with the lab.","There are several reasons the schedule. I need to change, but the main one are that the current times conflict with lab.",,,,,,,,,,,,
gm-04--local-safe-engine--minicpm5-2b,gm-04,grammar_minimal_edit,The advisor suggested me to wait until the final grade posts before I submit a new request.,The advisor suggested me to wait until the final grade posts before I submit a new request.,The advisor suggested that I wait until the final grade posts before I submit a new request.,,,,,,,,,,,,
gm-05--local-safe-engine--minicpm5-2b,gm-05,grammar_minimal_edit,Neither the new instructions nor the example explain what happens if a student submit the form late.,Neither the new instructions nor the example explain what happens if a student submit the form is late.,Neither the new instructions nor the example explains what happens if a student submits the form is late.,,,,,,,,,,,,
gm-06--local-safe-engine--minicpm5-2b,gm-06,grammar_minimal_edit,"I was planning on finishing it yesterday, but the files I needed wasn't available until this morning.","I was planning to finish it yesterday, but the files I needed weren't available until this morning.","I was planning on finishing it yesterday, but the files I needed wasn't available until this morning.",,,,,,,,,,,,
ss-01--local-safe-engine--minicpm5-2b,ss-01,sentence_structure,The deadline moved to Friday. Because the vendor sent the corrected estimate late. Which gave the team less time to review the numbers.,"The deadline moved to Friday. Because the vendor sent the corrected estimate late, which gave the team less time to review the numbers.",The deadline moved to Friday. Because the vendor sent the corrected estimate late. Which gave the team less time to review the numbers.,,,,,,,,,,,,
ss-02--local-safe-engine--minicpm5-2b,ss-02,sentence_structure,I opened the dashboard the totals looked wrong I refreshed the page nothing changed so I checked the raw file and found two duplicated rows.,I opened the dashboard the totals looked wrong I refreshed the page nothing changed so I checked the raw file and found two duplicated rows.,"I opened the dashboard and noticed the totals looked wrong. I refreshed the page, but nothing changed, so I checked the raw file and found two duplicated rows.",,,,,,,,,,,,
ss-03--local-safe-engine--minicpm5-2b,ss-03,sentence_structure,"After reviewing the application, the missing transcript was obvious to the advisor. The student had uploaded the other documents correctly.","After reviewing the application, the missing transcript was obvious to the advisor. The student had uploaded the other documents correctly.","After reviewing the application, the missing transcript was obvious to the advisor. The student had uploaded the other documents correctly.",,,,,,,,,,,,
ss-04--local-safe-engine--minicpm5-2b,ss-04,sentence_structure,"The internship requires writing weekly summaries, to attend a Friday meeting, and completing one final presentation.","The internship requires writing weekly summaries, to attend a Friday meeting, and completing one final presentation.","The internship requires writing weekly summaries, attending a Friday meeting, and completing one final presentation.",,,,,,,,,,,,
ss-05--local-safe-engine--minicpm5-2b,ss-05,sentence_structure,"The first meeting was scheduled for Monday, but two people could not attend, and then it moved to Wednesday, and the room was unavailable, so now it is Thursday afternoon.","The first meeting was scheduled for Monday, but two people could not attend, and then it moved to Wednesday, and the room was unavailable, so now it is Thursday afternoon.","The first meeting was scheduled for Monday, but two people could not attend, and then it moved to Wednesday, and the room was unavailable, so now it is Thursday afternoon.",,,,,,,,,,,,
ss-06--local-safe-engine--minicpm5-2b,ss-06,sentence_structure,The report includes the survey results. Along with a short explanation of the sampling method and why the response rate matters.,The report covers the survey results. Along with a short explanation of the sampling method and why the response rate matters.,"The report includes the survey results, along with a short explanation of the sampling method and why the response rate matters.",,,,,,,,,,,,
lc-01--local-safe-engine--minicpm5-2b,lc-01,lexical_collocation,The new checklist made a strong improvement in how consistently the team records equipment problems. People are now more likely to include the exact error message instead of a general description.,The new checklist has made a strong improvement in how consistently the team records equipment problems. People are now more likely to include the exact error message instead of a general description.,The new checklist made a powerful improvement in how consistently the team records equipment problems. People are now more likely to include the exact error message instead of a general description.,,,,,,,,,,,,
lc-02--local-safe-engine--minicpm5-2b,lc-02,lexical_collocation,"The professor gave a heavy warning that late submissions would receive a penalty. The warning was clear, but the exact size of the penalty was not listed.","The professor gave a heavy warning that late submissions would receive a penalty. The warning was direct, but the exact size of the penalty was not listed.","The professor gave a heavy warning that late submissions would receive a penalty. The warning was clear, but the exact size of the penalty was not listed.",,,,,,,,,,,,
lc-03--local-safe-engine--minicpm5-2b,lc-03,lexical_collocation,The software performed a decision to close the connection after three failed attempts. That behavior prevents the client from waiting forever for a response.,The software performed a decision to close the connection after three failed attempts. That behavior prevents the client from waiting forever for a response.,The software decided to close the connection after three failed attempts. This behavior prevents the client from waiting indefinitely for a response.,,,,,,,,,,,,
lc-04--local-safe-engine--minicpm5-2b,lc-04,lexical_collocation,"The survey received a large interest from first-year students, especially those looking for evening sections. Interest from returning students was more moderate.","The survey received significant interest from first-year students, particularly those seeking evening sections. Interest from returning students were more moderate.","The survey received a large interest from first-year students, especially those looking for evening sections. Interest from returning students were more moderate.",,,,,,,,,,,,
lc-05--local-safe-engine--minicpm5-2b,lc-05,lexical_collocation,The team made an investigation into why the request failed and discovered that the token had expired. Renewing the token solved the problem immediately.,The team investigated why the request failed and discovered that the token had expired. Renewing the token solved the problem immediately.,The team made an investigation into why the request failed and discovered that the token had expired. Renewing the token solved the problem immediately.,,,,,,,,,,,,
lc-06--local-safe-engine--minicpm5-2b,lc-06,lexical_collocation,"The explanation is technically correct, but the wording feels unusually bookish for a short message to classmates. I want it to sound normal without making it childish.","The explanation is technically correct, but the wording feels unusually bookish for a short message to classmates. I want it to sound normal without making it childish.","The explanation is technically correct, but the wording feels unusually bookish for a short message to classmates. I want it to sound normal without making it childish.",,,,,,,,,,,,
rt-01--local-safe-engine--minicpm5-2b,rt-01,register_tone,"hey, just checking if friday at 3 still works for you. if not no worries, i can do later that afternoon too.","Hey, just checking if friday at 3 still works for you. If not no worries, I can do later that afternoon too.","Just checking if Friday at 3 still works for you. If not, no worries—I can do later that afternoon too.",,,,,,,,,,,,
rt-02--local-safe-engine--minicpm5-2b,rt-02,register_tone,"The whole signup process was honestly kind of a mess, but the staff member who helped me was great and got it sorted out pretty fast.","The whole signup process was honestly kind of a mess, but the staff member who helped me was great and got it sorted out pretty fast.","The whole signup process was honestly kind of a mess, but the staff member who helped me was great and got it sorted out pretty fast.",,,,,,,,,,,,
rt-03--local-safe-engine--minicpm5-2b,rt-03,register_tone,"I am writing to ask whether it would be possible to take the exam earlier that day. I have a required lab immediately afterward, so an earlier time would help me avoid a conflict.","I am writing to ask whether it would be possible to take the exam earlier that day. I have a required lab immediately afterward, so an earlier time would help me avoid a conflict.","I am writing to ask whether it would be possible to receive the exam earlier that day. I have a required lab immediately afterward, so an earlier time would help me avoid a conflict.",,,,,,,,,,,,
rt-04--local-safe-engine--minicpm5-2b,rt-04,register_tone,"ngl I thought the tutorial was gonna be useless, but it actually explained the one part I kept getting wrong. I still would not watch the whole thing again.","Ngl I thought the tutorial was gonna be useless, but it actually explained the one part I kept getting wrong. I still would not watch the whole thing again.","I figured the tutorial would be useless, but it actually explained the one part I kept getting wrong. I still wouldn't watch the whole thing again.",,,,,,,,,,,,
rt-05--local-safe-engine--minicpm5-2b,rt-05,register_tone,"The proposal is solid overall, but the budget section feels a little shaky because several costs are estimates instead of quotes. I would double-check those numbers before sending it.","The proposal is solid overall, but the budget section feels a little shaky because several costs are estimates instead of quotes. I would double-check those numbers before sending it.","The proposal is solid overall, but the budget section feels a little shaky because several costs are estimates instead of quotes. I would double-check those numbers before sending it.",,,,,,,,,,,,
rt-06--local-safe-engine--minicpm5-2b,rt-06,register_tone,"I appreciate the quick response. I am still confused about whether the form goes back to your office or directly to the testing center, so I want to make sure I send it to the right place.","I appreciate the quick response. I'm still a bit confused about whether the form goes back to your office or directly to the testing center, so I want to make sure I send it to the right place.","I appreciate the quick response. I am still confused about whether the form goes back to your office or directly to the testing center, so I want to make sure I send it to the right place.",,,,,,,,,,,,
pu-01--local-safe-engine--minicpm5-2b,pu-01,paragraph_unity_redundancy,The main benefit of the new form is that it asks for all required information in one place. That is useful because people no longer have to send a second email with missing details. The form is beneficial because it reduces the need for follow-up messages about information that was left out.,The main benefit of the new form is that it asks for all required information in one place. That is useful because people no longer have to send a second email with missing details. The form is beneficial because it reduces the require for follow-up messages about information that was left out.,The main benefit of the new form is that it asks for all required information in one place. That is useful because people no longer have to send a second email with missing details. The form is beneficial because it reduces the need for follow-up messages about information that was left out.,,,,,,,,,,,,
pu-02--local-safe-engine--minicpm5-2b,pu-02,paragraph_unity_redundancy,"The lab report should explain why the result matters, not only list the measurements. The measurements still need to be included because they support the explanation. A good report connects the data to the conclusion instead of treating them as separate pieces.","The lab report should make clear why the result matters, not only list the measurements. The measurements still have to be included because they support the explanation. A good report connects the data to the conclusion instead of treating them as separate pieces.","The lab report should explain why the result matters, not only list the measurements. The measurements still need to be included because they support the explanation. A good report connects the data to the conclusion instead of treating them as separate pieces.",,,,,,,,,,,,
pu-03--local-safe-engine--minicpm5-2b,pu-03,paragraph_unity_redundancy,I use the calendar mostly to avoid missing small deadlines. It also helps me see when several assignments pile up in the same week. I like dark mode in most apps because bright screens bother me at night.,I use the calendar mostly to avoid missing small deadlines. It also helps me see when several assignments pile up in the same week. I like dark mode in most apps because bright screens bother me at night.,I use the calendar mostly to avoid missing small deadlines. It also helps me see when several assignments pile up in the same week. I like dark mode in most apps because bright screens bother me at night.,,,,,,,,,,,,
pu-04--local-safe-engine--minicpm5-2b,pu-04,paragraph_unity_redundancy,"The update reduced the time needed to open large projects. Startup is faster now, and opening a large project takes less time than before. The improvement is most noticeable on projects with many files.","The update reduced the time needed to open large projects. Startup is faster now, and opening a large project takes less time than before. The improvement is most noticeable on projects with many files.","The update made it quicker to open large projects. Startups are now faster, and opening a large project takes less time than before. This improvement is most noticeable on projects with most files.",,,,,,,,,,,,
pu-05--local-safe-engine--minicpm5-2b,pu-05,paragraph_unity_redundancy,The discussion board was more useful once people started responding to specific points instead of posting generic agreement. Those specific replies gave the original writer something concrete to answer. That made the conversation feel more like an actual discussion.,The discussion board was more helpful once people started responding to specific points instead of posting generic agreement. Those specific replies gave the source writer something concrete to answer. That made the conversation feel more like an actual discussion.,The discussion board became more useful once people started responding to specific points instead of posting generic agreement. Those specific replies gave the original writer something concrete to answer. That made the conversation feel more like an actual discussion.,,,,,,,,,,,,
pu-06--local-safe-engine--minicpm5-2b,pu-06,paragraph_unity_redundancy,"The first two steps of the setup are simple, but the third step assumes the user already knows where the configuration file is stored. That missing explanation is the main reason the instructions feel harder than the process actually is.","The first two steps of the setup are easy, but the third step assumes the user already knows where the configuration file is stored. That missing explanation is the main reason the instructions feel harder than the process actually is.","The first two steps of the setup are simple, but the third step assumes the user already knows where the configuration file is stored. That missing explanation is the main reason the instructions feel harder than the process actually is.",,,,,,,,,,,,
ai-01--local-safe-engine--minicpm5-2b,ai-01,ambiguity_non_invention,"The meeting did not go the way I expected. Something came up near the end, and we decided to revisit the issue next week.","The meeting didn't go as I'd expected. Something came up near the end, and we decided to revisit the issue next week.","The meeting did not go the way I expected. Something came up near the end, and we decided to revisit the issue next week.",,,,,,,,,,,,
ai-02--local-safe-engine--minicpm5-2b,ai-02,ambiguity_non_invention,"The file disappeared sometime after lunch. I checked the shared folder and my downloads, but I still do not know whether it was moved, renamed, or deleted.","The file disappeared sometime after lunch. I checked the shared folder and my downloads, but I still do not know whether it was moved, renamed, or deleted.","The file disappeared sometime after lunch. I checked the shared folder and my downloads, but I still do not know whether it was moved, renamed, or deleted.",,,,,,,,,,,,
ai-03--local-safe-engine--minicpm5-2b,ai-03,ambiguity_non_invention,"People have raised concerns about the new process, but the notes do not say how many people complained or which part of the process bothered them.","People have raised concerns about the new process, but the notes do not say how many people complained or which part of the process bothered them.","People have raised concerns about the new process, but the notes do not say how many people complained or which part of the process bothered them.",,,,,,,,,,,,
ai-04--local-safe-engine--minicpm5-2b,ai-04,ambiguity_non_invention,"The test failed after the configuration changed, but that timing alone does not prove the configuration caused the failure. No one has reproduced the problem yet.","The test failed after the configuration changed, but that timing alone does not prove the configuration caused the failure. No one has reproduced the issue yet.","The test failed after the configuration changed, but that timing alone does not prove the configuration caused the failure. No one has reproduced the problem yet.",,,,,,,,,,,,
ai-05--local-safe-engine--minicpm5-2b,ai-05,ambiguity_non_invention,"The instructor said my explanation needs more support. I am not sure whether she wants another source, a better example, or a clearer connection to the evidence I already used.","The instructor said my explanation needs more support. I am not sure whether she wants another source, a better example, or a clearer connection to the evidence I already used.","The instructor said my explanation needs more support. I am not sure whether she wants another source, a stronger example, or a clearer connection to the evidence I already used.",,,,,,,,,,,,
ai-06--local-safe-engine--minicpm5-2b,ai-06,ambiguity_non_invention,The package arrived with damage on one corner. I cannot tell whether the item inside is damaged because I have not opened the box yet.,The package arrived with damage on one corner. I cannot tell whether the item inside is damaged because I have not opened the box yet.,The package arrived with damage on one corner. I cannot tell whether the item inside is damaged because I have not opened the box yet.,,,,,,,,,,,,
me-01--qwen3-4b-incumbent-bestof4-raw--qwen3-4b-incumbent,me-01,meaning_equivalence,"I started using the new study schedule about two weeks ago. It has not made studying easier, but I waste less time deciding what to work on, which is why I plan to keep using it.","I started using the new study schedule two weeks ago. It hasn't made studying easier, but I waste less time deciding what to focus on, which is why I plan to continue using it.","I started using the new study schedule two weeks ago. It hasn't made studying easier, but I spend less time deciding what to work on, which is why I plan to keep using it.",,,,,,,,,,,,
me-02--qwen3-4b-incumbent-bestof4-raw--qwen3-4b-incumbent,me-02,meaning_equivalence,"The update looks smaller than the previous release because most of the changes are behind the scenes. The interface barely changed, but loading large files is noticeably faster on my laptop.","The update appears smaller than the previous release because most of the changes are behind the scenes. The interface has changed very little, but loading large files is noticeably faster on my laptop.","The update appears smaller than the previous release because most of the changes are behind the scenes. The interface has changed very little, but loading large files are noticeably faster on my laptop.",,,,,,,,,,,,
me-03--qwen3-4b-incumbent-bestof4-raw--qwen3-4b-incumbent,me-03,meaning_equivalence,"I liked the presentation overall even though the first section dragged a little. Once the examples started, the argument became much easier to follow and the final recommendation made sense.","I liked the presentation overall, even though the first section was a bit slow. Once the examples began, the argument became much clearer, and the final recommendation made sense.","I liked the presentation overall, even though the first section dragged a little. Once the examples began, the argument became much easier to follow, and the final recommendation made sense.",,,,,,,,,,,,
me-04--qwen3-4b-incumbent-bestof4-raw--qwen3-4b-incumbent,me-04,meaning_equivalence,The class is not difficult because of the amount of reading. The harder part is keeping track of several small assignments that are due on different days each week.,The class isn't difficult because of the amount of reading. The main challenge is keeping up with several small assignments that is due on different days each week.,The class isn't difficult because of the amount of reading. The real challenge lies in keeping up with several small assignments that are due on different days each week.,,,,,,,,,,,,
me-05--qwen3-4b-incumbent-bestof4-raw--qwen3-4b-incumbent,me-05,meaning_equivalence,"My first draft was longer, but it was not actually more detailed. I had repeated the same point in several ways, so cutting those sentences made the explanation clearer without removing evidence.","My first draft was longer, but it wasn't more detailed. I had repeated the same point in several ways, so cutting those sentences made the explanation clearer without removing any evidence.","My first draft was longer, but it wasn't more detailed. I had repeated the same point in several ways, so cutting those sentences made the explanation clearer without removing evidence.",,,,,,,,,,,,
me-06--qwen3-4b-incumbent-bestof4-raw--qwen3-4b-incumbent,me-06,meaning_equivalence,"The professor did not say the proposal was wrong. She said the main idea was promising, but the evidence was too limited to support the conclusion yet.","The professor did not say the proposal was incorrect. She noted that the main idea was promising, but the evidence was too limited to fully support the conclusion at this time.","The professor did not say the proposal was incorrect. She noted that the main idea was promising, but the evidence was too limited to fully support the conclusion at this time.",,,,,,,,,,,,
co-01--qwen3-4b-incumbent-bestof4-raw--qwen3-4b-incumbent,co-01,cohesion_known_new,The biology lab introduced a new microscope camera last week. The camera can save images directly to the lab computers. Those saved images make it easier for students to compare samples after class.,"The biology lab introduced a new microscope camera last week. The camera allows images to be saved directly to the lab computers, making it easier for students to compare samples after class.","The biology lab introduced a new microscope camera last week. The camera allows images to be saved directly to the lab computers, making it easier for students to compare samples after class.",,,,,,,,,,,,
co-02--qwen3-4b-incumbent-bestof4-raw--qwen3-4b-incumbent,co-02,cohesion_known_new,"The team found three duplicate records during the audit. Those duplicates came from an old import script. The script had been retired months ago, but its records were still present in the database.","The team identified three duplicate records during the audit. These duplicates originated from an old import script. The script had been retired months ago, but its records remained in the database.","The team identified three duplicate records during the audit. These duplicates originated from an old import script. The script had been retired months ago, but its records remained in the database.",,,,,,,,,,,,
co-03--qwen3-4b-incumbent-bestof4-raw--qwen3-4b-incumbent,co-03,cohesion_known_new,"A late shipment delayed the first test run. Because the test started late, the team had only one afternoon to review the results. That shorter review period is why several minor issues were not caught until the next day.","A late shipment delayed the first test run. As a result, the team had only one afternoon to review the results. The shorter review period led to several minor issues not being identified until the next day.","A late shipment was delayed the first test run. Because, the team had only one afternoon to review the results. The shorter review period led to several minor issues not being identified until the next day.",,,,,,,,,,,,
co-04--qwen3-4b-incumbent-bestof4-raw--qwen3-4b-incumbent,co-04,cohesion_known_new,"The survey showed that students wanted more evening tutoring. That preference was strongest among students who work during the day. Their schedules make daytime appointments difficult, so the department is considering a later tutoring block.","The survey indicated that students wanted more evening tutoring. This preference was most pronounced among students who work during the day. Their busy schedules make daytime tutoring appointments challenging, so the department is considering adding a later tutoring block.","The survey indicated that students wanted more evening tutoring. This preference was most evident among students who work during the day. Their busy schedules make daytime tutoring appointments challenging, so the department is considering adding a later tutoring block.",,,,,,,,,,,,
co-05--qwen3-4b-incumbent-bestof4-raw--qwen3-4b-incumbent,co-05,cohesion_known_new,"The app stores approved examples in a local file. That file is loaded when the app starts and provides a small set of writing preferences. Those preferences can change ranking, but they do not override the safety checks.","The app stores approved examples in a local file. This file is loaded when the app starts and offers a limited set of writing preferences. These preferences can affect the ranking, but they do not override the safety checks.","The app stores approved examples in a local file. This file is loaded when the app starts and provides a limited set of writing preferences. These preferences can affect the ranking, but they do not override the safety checks.",,,,,,,,,,,,
co-06--qwen3-4b-incumbent-bestof4-raw--qwen3-4b-incumbent,co-06,cohesion_known_new,"The first experiment used a smaller sample than planned. The smaller sample reduced the amount of data available for comparison. That limitation does not invalidate the experiment, but it makes the result less certain.","The first experiment used a smaller sample than planned. This smaller sample reduced the amount of data available for comparison. While the limitation does not invalidate the experiment, it makes the results less certain.","The first experiment used a smaller sample than planned. This smaller sample reduced the amount of data available for comparison. But the limitation does not invalidate the experiment, it makes the results less certain.",,,,,,,,,,,,
lr-01--qwen3-4b-incumbent-bestof4-raw--qwen3-4b-incumbent,lr-01,logical_relations,"The printer was working in the morning, but it stopped after the network settings were changed. Because the other printers stayed online, the technician thinks the problem is local to that machine rather than the whole network.","The printer was working in the morning but stopped after the network settings were changed. Since the other printers remained online, the technician believes the issue is specific to that machine rather than the entire network.","The printer was working in the morning but stopped after the network settings were changed. Since the other printers remained online, the technician believes the issue is specific to that machine rather than the entire network.",,,,,,,,,,,,
lr-02--qwen3-4b-incumbent-bestof4-raw--qwen3-4b-incumbent,lr-02,logical_relations,"If the weather stays clear, the field work will begin Thursday. If it rains, the team will use Thursday for equipment checks instead and move the field work to Friday.","If the weather remains clear, field work will start on Thursday. If it rains, the team will use Thursday for equipment checks and move the field work to Friday.","If the weather remains clear, the field work will start on Thursday. If it rains, the team will use Thursday for equipment checks and move the field work to Friday.",,,,,,,,,,,,
lr-03--qwen3-4b-incumbent-bestof4-raw--qwen3-4b-incumbent,lr-03,logical_relations,"The new process takes one extra step at the beginning, yet it usually saves time later because fewer requests are returned for missing information.","The new process includes an additional step at the beginning, but it often saves time later because it results in fewer requests for missing information.","The new process includes an additional step at the beginning, but it often saves time later because it results in fewer requests for missing information.",,,,,,,,,,,,
lr-04--qwen3-4b-incumbent-bestof4-raw--qwen3-4b-incumbent,lr-04,logical_relations,Maya finished the data cleanup before Jordan ran the analysis. That order matters because the earlier version of the dataset still contained duplicate rows.,Maya completed the data cleanup before Jordan ran the analysis. The order was important because the earlier version of the dataset still had duplicate rows.,Maya completed the data cleanup before Jordan ran the analysis. The order was important because the earlier version of the dataset still had duplicate rows.,,,,,,,,,,,,
lr-05--qwen3-4b-incumbent-bestof4-raw--qwen3-4b-incumbent,lr-05,logical_relations,"Although the pilot did not reach its enrollment target, the participants who completed it reported fewer scheduling conflicts. The department therefore wants another trial before deciding whether to expand the program.","Although the pilot did not meet its enrollment target, participants who completed it reported fewer scheduling conflicts. The department therefore wants to conduct another trial before deciding whether to expand the program.","Although the pilot did not meet its enrollment target, participants who completed it reported fewer scheduling conflicts. The department therefore wants to conduct another trial before deciding whether to expand the program.",,,,,,,,,,,,
lr-06--qwen3-4b-incumbent-bestof4-raw--qwen3-4b-incumbent,lr-06,logical_relations,"The first draft explains what happened, whereas the second draft explains why it happened. Both are accurate, but the second is more useful for the report because the assignment asks for analysis rather than summary.","The first draft describes what happened, while the second draft explains why it happened. Both are accurate, but the second is more useful for the report because the assignment requires analysis rather than a summary.","The first draft describes what happened, while the second draft explains why it happened. Both are accurate, but the second is more useful for the report because the assignment requires analysis rather than a summary.",,,,,,,,,,,,
rc-01--qwen3-4b-incumbent-bestof4-raw--qwen3-4b-incumbent,rc-01,reference_coreference,"Nina sent Priya the revised chart after Priya noticed the labeling error. She had already fixed the colors, so the only remaining change was the axis label.","Nina sent Priya the revised chart after Priya noticed the labeling error. She had already corrected the colors, so the only remaining change was the axis label.","Nina sent Priya the revised chart after Priya noticed the labeling error. She had already corrected the colors, so the only remaining change was the axis label.",,,,,,,,,,,,
rc-02--qwen3-4b-incumbent-bestof4-raw--qwen3-4b-incumbent,rc-02,reference_coreference,The advisor told the student that the registrar had not received the form. The student emailed the registrar that afternoon and learned that the attachment had been blocked by the mail system.,The advisor informed the student that the registrar had not received the form. The student then emailed the registrar that afternoon and found out that the attachment had been blocked by the mail system.,The advisor informed the student that the registrar had not received the form. The student then emailed the registrar that afternoon and found out that the attachment had been blocked by the mail system.,,,,,,,,,,,,
rc-03--qwen3-4b-incumbent-bestof4-raw--qwen3-4b-incumbent,rc-03,reference_coreference,"The battery warning appeared after the laptop was connected to the dock. Removing the dock made the warning disappear, which suggests the dock or its power adapter may be involved.","The battery warning appeared after the laptop was connected to the dock. Removing the dock caused the warning to disappear, suggesting that the dock or its power adapter may be the source of the issue.","The battery warning appeared after the laptop was connected to the dock. Removing the dock caused the warning to disappear, suggesting that the dock or its power adapter may be the source of the issue.",,,,,,,,,,,,
rc-04--qwen3-4b-incumbent-bestof4-raw--qwen3-4b-incumbent,rc-04,reference_coreference,"Ava reviewed Liam's notes before he submitted the report. She corrected two dates in the notes, but he chose not to change the wording of the report itself.","Ava reviewed Liam's notes before he submitted the report. She corrected two dates in the notes, but he decided not to change the wording of the report itself.","Ava reviewed Liam's notes before he submitted the report. She corrected two dates in the notes, but he chose not to change the wording of the report itself.",,,,,,,,,,,,
rc-05--qwen3-4b-incumbent-bestof4-raw--qwen3-4b-incumbent,rc-05,reference_coreference,"The first server sends logs to the backup server every hour. If it stops responding, the backup keeps the most recent copy but does not automatically become the primary server.","The first server sends logs to the backup server every hour. If the primary server stops responding, the backup retains the most recent copy but does not automatically become the primary server.","The first server sends logs to the backup server every hour. If the primary server stops responding, the backup retains the most recent copy but does not automatically become the primary server.",,,,,,,,,,,,
rc-06--qwen3-4b-incumbent-bestof4-raw--qwen3-4b-incumbent,rc-06,reference_coreference,The committee asked the vendor to revise the estimate because its labor total did not match the hours listed in the proposal. The vendor agreed to check the calculation before the next meeting.,The committee requested the vendor to revise the estimate since the total labor cost did not align with the hours listed in the proposal. The vendor agreed to review the calculation prior to the next meeting.,The committee requested that the vendor revise the estimate since the total labor cost did not align with the hours listed in the proposal. The vendor agreed to review the calculation before the next meeting.,,,,,,,,,,,,
mp-01--qwen3-4b-incumbent-bestof4-raw--qwen3-4b-incumbent,mp-01,modality_negation_precision,"The change might reduce startup time, but we do not have enough measurements to say that it definitely does. For now, the result should be treated as promising rather than conclusive.","The change may reduce startup time, but we do not have enough measurements to confirm that it definitely does. For now, the result should be considered promising rather than conclusive.","The change may reduce startup time, but we do not have enough measurements to confirm that it definitely does. For now, the result should be considered promising rather than conclusive.",,,,,,,,,,,,
mp-02--qwen3-4b-incumbent-bestof4-raw--qwen3-4b-incumbent,mp-02,modality_negation_precision,"I would prefer to take the morning section, although I can attend the afternoon section if the morning one is full. I am not asking to be moved unless a seat is actually available.","I would prefer to take the morning section, but I am willing to attend the afternoon section if the morning one is full. I am not asking to be moved unless a seat actually becomes available.","I would prefer to take the morning section, but I am willing to attend the afternoon section if the morning one is full. I am not asking to be moved unless a seat is actually available.",,,,,,,,,,,,
mp-03--qwen3-4b-incumbent-bestof4-raw--qwen3-4b-incumbent,mp-03,modality_negation_precision,"The sensor can detect a temperature change, but it cannot tell us what caused that change. A sudden increase could come from the heater, direct sunlight, or another source.","The sensor can detect a temperature change, but it cannot determine the cause of that change. A sudden increase could result from the heater, direct sunlight, or another source.","The sensor can detect a temperature change, but it cannot determine the cause of that change. A sudden increase could result from the heater, direct sunlight, or another source.",,,,,,,,,,,,
mp-04--qwen3-4b-incumbent-bestof4-raw--qwen3-4b-incumbent,mp-04,modality_negation_precision,The policy says employees should report suspected errors; it does not say they must prove an error occurred before reporting it.,"The policy states that employees should report suspected errors, but it does not require them to prove an error occurred before reporting it.","The policy states that employees should report suspected errors, but it does not require them to prove an error occurred before reporting it.",,,,,,,,,,,,
mp-05--qwen3-4b-incumbent-bestof4-raw--qwen3-4b-incumbent,mp-05,modality_negation_precision,"There is no evidence that the file was deleted intentionally. It may have been removed during cleanup, but the logs are incomplete, so that explanation is only a possibility.","There is no evidence that the file was deleted intentionally. It may have been removed during cleanup, but the logs are incomplete, so that explanation is only a possibility.","There is no evidence that the file was intentionally deleted. It could have been removed during cleanup, but the logs are incomplete, so that explanation is only a possibility.",,,,,,,,,,,,
mp-06--qwen3-4b-incumbent-bestof4-raw--qwen3-4b-incumbent,mp-06,modality_negation_precision,"The medication is expected to help most patients, but it does not guarantee that every patient will improve. Anyone with questions should speak with a clinician rather than changing the dose on their own.","The medication is expected to help most patients, but it does not guarantee improvement for every individual. Those with questions should consult a clinician rather than adjusting the dose on their own.","The medication is expected to help most patients, but it does not guarantee that every patient will improve. Those with questions should consult a clinician rather than adjusting the dose on their own.",,,,,,,,,,,,
fa-01--qwen3-4b-incumbent-bestof4-raw--qwen3-4b-incumbent,fa-01,factual_anchors,"On September 14, 2026, Maya Chen paid $184.75 for the replacement part. The receipt says the part can be returned within 30 days if it has not been installed.","On September 14, 2026, Maya Chen paid $184.75 for a replacement part. The receipt states that the part can be returned within 30 days if it has not been installed.","On September 14, 2026, Maya Chen paid $184.75 for a replacement part. The receipt states that the part can be returned within 30 days if it has not been installed.",,,,,,,,,,,,
fa-02--qwen3-4b-incumbent-bestof4-raw--qwen3-4b-incumbent,fa-02,factual_anchors,The lab recorded a pH of 6.4 before treatment and 7.1 afterward. The report calls the change 'modest but consistent' across the five samples.,"The lab recorded a pH of 6.4 before treatment and 7.1 after treatment. The report describes the change as ""modest but consistent"" across the five samples.","The lab recorded a pH of 6.4 before treatment and 7.1 after treatment. The report describes the change as ""modest but consistent"" across the five samples.",,,,,,,,,,,,
fa-03--qwen3-4b-incumbent-bestof4-raw--qwen3-4b-incumbent,fa-03,factual_anchors,"Jordan Lee emailed the draft to review@example.org at 3:40 p.m. The subject line was 'Budget revision v2,' and the attachment was 2.8 MB.","Jordan Lee sent the draft to review@example.org at 3:40 p.m. The subject line was ""Budget revision v2,"" and the attachment was 2.8 MB.","Jordan Lee sent the draft to review@example.org at 3:40 p.m. The subject line was ""Budget revision v2,"" and the attachment was 2.8 MB.",,,,,,,,,,,,
fa-04--qwen3-4b-incumbent-bestof4-raw--qwen3-4b-incumbent,fa-04,factual_anchors,"Section 4.2 requires a backup every 12 hours, not once per day. The exception applies only to systems that are offline for maintenance.","Section 4.2 specifies that a backup should occur every 12 hours, not once per day. This exception applies only to systems that are offline for maintenance.","Section 4.2 specifies that a backup should be performed every 12 hours, not once per day. This requirement applies except for systems that is offline for maintenance.",,,,,,,,,,,,
fa-05--qwen3-4b-incumbent-bestof4-raw--qwen3-4b-incumbent,fa-05,factual_anchors,"The shipment contained 18 blue units and 7 gray units. Two blue units were damaged, so the usable total was 23 units.","The shipment included 18 blue units and 7 gray units. Two of the blue units were damaged, resulting in a usable total of 23 units.","The shipment included 18 blue units and 7 gray units. Two of the blue units were damaged, resulting in an usable total of 23 units.",,,,,,,,,,,,
fa-06--qwen3-4b-incumbent-bestof4-raw--qwen3-4b-incumbent,fa-06,factual_anchors,"The study ran from January through March 2026 and included 126 participants. Of those participants, 54 completed both follow-up surveys.","The study took place from January through March 2026 and involved 126 participants. Of these participants, 54 completed both follow-up surveys.","The study took place from January through March 2026 and involved 126 participants. Of these participants, 54 completed both follow-up surveys.",,,,,,,,,,,,
gm-01--qwen3-4b-incumbent-bestof4-raw--qwen3-4b-incumbent,gm-01,grammar_minimal_edit,The results was surprising because each of the samples were collected under the same conditions. I don't think the difference come from the equipment.,The results were surprising because each sample was collected under the same conditions. I don't think the difference came from the equipment.,The results were surprising because each sample was collected under the same conditions. I don't think the difference came from the equipment.,,,,,,,,,,,,
gm-02--qwen3-4b-incumbent-bestof4-raw--qwen3-4b-incumbent,gm-02,grammar_minimal_edit,"She has went to the tutoring center twice this week, and both visits has helped her understand the material better.","She has gone to the tutoring center twice this week, and both visits have helped her understand the material better.","She has gone to the tutoring center twice this week, and both visits have helped her understand the material better.",,,,,,,,,,,,
gm-03--qwen3-4b-incumbent-bestof4-raw--qwen3-4b-incumbent,gm-03,grammar_minimal_edit,"There is several reasons the schedule need to change, but the main one are that the current times conflict with lab.","There are several reasons why the schedule needs to change, but the main one is that the current times conflict with lab sessions.","There are several reasons why the schedule needs to change, but the main one is that the current times conflict with lab sessions.",,,,,,,,,,,,
gm-04--qwen3-4b-incumbent-bestof4-raw--qwen3-4b-incumbent,gm-04,grammar_minimal_edit,The advisor suggested me to wait until the final grade posts before I submit a new request.,The advisor recommended that I wait until the final grades are posted before submitting a new request.,The advisor recommended that I wait until the final grades are posted before submitting a new request.,,,,,,,,,,,,
gm-05--qwen3-4b-incumbent-bestof4-raw--qwen3-4b-incumbent,gm-05,grammar_minimal_edit,Neither the new instructions nor the example explain what happens if a student submit the form late.,Neither the new instructions nor the example clarify what happens if a student submits the form is late.,Neither the new instructions nor the example clarify what happens if a student submits the form late.,,,,,,,,,,,,
gm-06--qwen3-4b-incumbent-bestof4-raw--qwen3-4b-incumbent,gm-06,grammar_minimal_edit,"I was planning on finishing it yesterday, but the files I needed wasn't available until this morning.","I was planning to finish it yesterday, but the files I needed weren't available until this morning.","I was planning to finish it yesterday, but the files I needed weren't available until this morning.",,,,,,,,,,,,
ss-01--qwen3-4b-incumbent-bestof4-raw--qwen3-4b-incumbent,ss-01,sentence_structure,The deadline moved to Friday. Because the vendor sent the corrected estimate late. Which gave the team less time to review the numbers.,"The deadline was moved to Friday because the vendor sent the corrected estimate late, which gave the team less time to review the numbers.","The deadline was moved to Friday because the vendor sent the corrected estimate late, which gave the team less time to review the numbers.",,,,,,,,,,,,
ss-02--qwen3-4b-incumbent-bestof4-raw--qwen3-4b-incumbent,ss-02,sentence_structure,I opened the dashboard the totals looked wrong I refreshed the page nothing changed so I checked the raw file and found two duplicated rows.,"I opened the dashboard, and the totals looked wrong. I refreshed the page, but nothing changed. Then I checked the raw file and found two duplicated rows.","I opened the dashboard, and the totals looked wrong. I refreshed the page, but nothing changed. Then I checked the raw file and found two duplicated rows.",,,,,,,,,,,,
ss-03--qwen3-4b-incumbent-bestof4-raw--qwen3-4b-incumbent,ss-03,sentence_structure,"After reviewing the application, the missing transcript was obvious to the advisor. The student had uploaded the other documents correctly.","After reviewing the application, the advisor found the missing transcript to be obvious. The student had correctly uploaded the other documents.","After reviewing the application, the advisor found the missing transcript to be obvious. The student had correctly uploaded the other documents.",,,,,,,,,,,,
ss-04--qwen3-4b-incumbent-bestof4-raw--qwen3-4b-incumbent,ss-04,sentence_structure,"The internship requires writing weekly summaries, to attend a Friday meeting, and completing one final presentation.","The internship involves writing weekly summaries, attending a Friday meeting, and completing one final presentation.","The internship involves writing weekly summaries, attending a Friday meeting, and completing one final presentation.",,,,,,,,,,,,
ss-05--qwen3-4b-incumbent-bestof4-raw--qwen3-4b-incumbent,ss-05,sentence_structure,"The first meeting was scheduled for Monday, but two people could not attend, and then it moved to Wednesday, and the room was unavailable, so now it is Thursday afternoon.","The first meeting was scheduled for Monday, but two people could not attend, so it was moved to Wednesday. However, the room was unavailable, and now it is scheduled for Thursday afternoon.","The first meeting was scheduled for Monday, but two people could not attend, so it was moved to Wednesday. However, the room was unavailable, and it is now scheduled for Thursday afternoon.",,,,,,,,,,,,
ss-06--qwen3-4b-incumbent-bestof4-raw--qwen3-4b-incumbent,ss-06,sentence_structure,The report includes the survey results. Along with a short explanation of the sampling method and why the response rate matters.,"The report includes the survey results, along with a brief explanation of the sampling method and the importance of the response rate.","The report includes the survey results, along with a brief explanation of the sampling method and the importance of the response rate.",,,,,,,,,,,,
lc-01--qwen3-4b-incumbent-bestof4-raw--qwen3-4b-incumbent,lc-01,lexical_collocation,The new checklist made a strong improvement in how consistently the team records equipment problems. People are now more likely to include the exact error message instead of a general description.,The new checklist significantly improved the team's consistency in recording equipment problems. People are now more likely to include the exact error message rather than a general description.,The new checklist significantly improved the team's consistency in recording equipment issues. People are now more likely to include the exact error message rather than a general description.,,,,,,,,,,,,
lc-02--qwen3-4b-incumbent-bestof4-raw--qwen3-4b-incumbent,lc-02,lexical_collocation,"The professor gave a heavy warning that late submissions would receive a penalty. The warning was clear, but the exact size of the penalty was not listed.","The professor issued a clear warning that late submissions would incur a penalty. But the warning was straightforward, the specific details of the penalty were not provided.","The professor issued a clear warning that late submissions would incur a penalty. While the warning was straightforward, the specific details of the penalty were not provided.",,,,,,,,,,,,
lc-03--qwen3-4b-incumbent-bestof4-raw--qwen3-4b-incumbent,lc-03,lexical_collocation,The software performed a decision to close the connection after three failed attempts. That behavior prevents the client from waiting forever for a response.,The software closes the connection after three failed attempts. This behavior prevents the client from waiting indefinitely for a response.,The software closes the connection after three failed attempts. This behavior prevents the client from waiting indefinitely for a response.,,,,,,,,,,,,
lc-04--qwen3-4b-incumbent-bestof4-raw--qwen3-4b-incumbent,lc-04,lexical_collocation,"The survey received a large interest from first-year students, especially those looking for evening sections. Interest from returning students was more moderate.","The survey generated significant interest among first-year students, particularly those seeking evening sections. Interest from returning students were more moderate.","The survey generated significant interest among first-year students, particularly those seeking evening sections. Interest from returning students was more moderate.",,,,,,,,,,,,
lc-05--qwen3-4b-incumbent-bestof4-raw--qwen3-4b-incumbent,lc-05,lexical_collocation,The team made an investigation into why the request failed and discovered that the token had expired. Renewing the token solved the problem immediately.,The team investigated the reason for the request failure and found that the token had expired. Renewing the token resolved the issue immediately.,The team investigated the reason for the request failure and found that the token had expired. Renewing the token resolved the issue immediately.,,,,,,,,,,,,
lc-06--qwen3-4b-incumbent-bestof4-raw--qwen3-4b-incumbent,lc-06,lexical_collocation,"The explanation is technically correct, but the wording feels unusually bookish for a short message to classmates. I want it to sound normal without making it childish.","The explanation is technically correct, but the wording feels overly formal for a short message to classmates. I want it to sound natural without coming across as childish.","The explanation is technically correct, but the wording feels overly formal for a short message to classmates. I want it to sound natural without coming across as childish.",,,,,,,,,,,,
rt-01--qwen3-4b-incumbent-bestof4-raw--qwen3-4b-incumbent,rt-01,register_tone,"hey, just checking if friday at 3 still works for you. if not no worries, i can do later that afternoon too.","Just checking if Friday at 3 still works for you. If not, I can adjust to a later time that afternoon.","Just checking if Friday at 3 still works for you. If not, I can adjust to a later time that afternoon.",,,,,,,,,,,,
rt-02--qwen3-4b-incumbent-bestof4-raw--qwen3-4b-incumbent,rt-02,register_tone,"The whole signup process was honestly kind of a mess, but the staff member who helped me was great and got it sorted out pretty fast.","The entire signup process was honestly a bit of a mess, but the staff member who helped me was great and got it sorted out pretty quickly.","The entire signup process was honestly a bit of a mess, but the staff member who helped me was great and got it sorted out pretty quickly.",,,,,,,,,,,,
rt-03--qwen3-4b-incumbent-bestof4-raw--qwen3-4b-incumbent,rt-03,register_tone,"I am writing to ask whether it would be possible to take the exam earlier that day. I have a required lab immediately afterward, so an earlier time would help me avoid a conflict.","I am writing to ask if it would be possible to take the exam earlier in the day. I have a required lab immediately after, so an earlier time would help me avoid a conflict.","I am writing to ask if it would be possible to take the exam earlier in the day. I have a required lab immediately after, so an earlier time would help me avoid a conflict.",,,,,,,,,,,,
rt-04--qwen3-4b-incumbent-bestof4-raw--qwen3-4b-incumbent,rt-04,register_tone,"ngl I thought the tutorial was gonna be useless, but it actually explained the one part I kept getting wrong. I still would not watch the whole thing again.","Honestly, I thought the tutorial would be useless, but it actually clarified the one part I was struggling with. I still wouldn’t watch the whole thing again.","Honestly, I thought the tutorial would be useless, but it actually clarified the one part I was struggling with. I still wouldn’t watch the whole thing again.",,,,,,,,,,,,
rt-05--qwen3-4b-incumbent-bestof4-raw--qwen3-4b-incumbent,rt-05,register_tone,"The proposal is solid overall, but the budget section feels a little shaky because several costs are estimates instead of quotes. I would double-check those numbers before sending it.","The proposal is generally strong, but the budget section appears a bit uncertain because several costs are estimates rather than confirmed quotes. I would recommend verifying those figures before finalizing the document.","The proposal is generally strong, but the budget section seems a bit uncertain because several costs are estimates rather than confirmed quotes. I would recommend verifying those figures before sending it.",,,,,,,,,,,,
rt-06--qwen3-4b-incumbent-bestof4-raw--qwen3-4b-incumbent,rt-06,register_tone,"I appreciate the quick response. I am still confused about whether the form goes back to your office or directly to the testing center, so I want to make sure I send it to the right place.","I appreciate the quick response. I'm still unsure whether the form should be sent back to your office or directly to the testing center, so I want to make sure I send it to the correct location.","I appreciate the quick response. I’m still unsure whether the form should be sent back to your office or directly to the testing center, so I want to make sure I send it to the correct location.",,,,,,,,,,,,
pu-01--qwen3-4b-incumbent-bestof4-raw--qwen3-4b-incumbent,pu-01,paragraph_unity_redundancy,The main benefit of the new form is that it asks for all required information in one place. That is useful because people no longer have to send a second email with missing details. The form is beneficial because it reduces the need for follow-up messages about information that was left out.,The main benefit of the new form is that it consolidates all required information in one place. This is useful because people no longer need to send a second email with missing details. The form is beneficial because it reduces the need for follow-up messages regarding missing information.,The main benefit of the new form is that it consolidates all required information in one place. This is useful because people no longer need to send a second email with missing details. The form is beneficial because it reduces the need for follow-up messages regarding missing information.,,,,,,,,,,,,
pu-02--qwen3-4b-incumbent-bestof4-raw--qwen3-4b-incumbent,pu-02,paragraph_unity_redundancy,"The lab report should explain why the result matters, not only list the measurements. The measurements still need to be included because they support the explanation. A good report connects the data to the conclusion instead of treating them as separate pieces.","The lab report should explain why the results are significant, not just list the measurements. The measurements are still necessary because they provide support for the explanation. A good report links the data to the conclusion rather than treating them as separate elements.","The lab report should explain why the results are significant, not just list the measurements. The measurements are still necessary because they provide support for the explanation. A good report links the data to the conclusion rather than treating them as separate elements.",,,,,,,,,,,,
pu-03--qwen3-4b-incumbent-bestof4-raw--qwen3-4b-incumbent,pu-03,paragraph_unity_redundancy,I use the calendar mostly to avoid missing small deadlines. It also helps me see when several assignments pile up in the same week. I like dark mode in most apps because bright screens bother me at night.,I use the calendar mainly to avoid missing small deadlines. It also helps me track when multiple assignments accumulate in the same week. I prefer dark mode in most apps because bright screens bother me at night.,I use the calendar mainly to avoid missing small deadlines. It also helps me keep track of when multiple assignments accumulate in the same week. I prefer dark mode in most apps because bright screens irritate me at night.,,,,,,,,,,,,
pu-04--qwen3-4b-incumbent-bestof4-raw--qwen3-4b-incumbent,pu-04,paragraph_unity_redundancy,"The update reduced the time needed to open large projects. Startup is faster now, and opening a large project takes less time than before. The improvement is most noticeable on projects with many files.","The update decreased the time required to open large projects. Startup is now faster, and opening a large project takes less time than it did before. The improvement is most noticeable in projects with most files.","The update reduced the time required to open large projects. Startup is now faster, and opening a large project takes less time than it did before. The improvement is most noticeable in projects with many files.",,,,,,,,,,,,
pu-05--qwen3-4b-incumbent-bestof4-raw--qwen3-4b-incumbent,pu-05,paragraph_unity_redundancy,The discussion board was more useful once people started responding to specific points instead of posting generic agreement. Those specific replies gave the original writer something concrete to answer. That made the conversation feel more like an actual discussion.,"The discussion board became more useful when people began responding to specific points instead of just posting general agreement. These specific replies provided the original writer with something concrete to address, making the conversation feel more like a real discussion.","The discussion board became more useful when people began responding to specific points rather than posting general agreement. These specific replies provided the original writer with something concrete to address, making the conversation feel more like a real discussion.",,,,,,,,,,,,
pu-06--qwen3-4b-incumbent-bestof4-raw--qwen3-4b-incumbent,pu-06,paragraph_unity_redundancy,"The first two steps of the setup are simple, but the third step assumes the user already knows where the configuration file is stored. That missing explanation is the main reason the instructions feel harder than the process actually is.","The first two steps of the setup are straightforward, but the third step assumes the user already knows where the configuration file is stored. This missing explanation is the main reason the instructions feel more complicated than the process actually is.","The first two steps of the setup are straightforward, but the third step assumes the user already knows where the configuration file is stored. This missing explanation is the main reason the instructions feel more complicated than the process truly is.",,,,,,,,,,,,
ai-01--qwen3-4b-incumbent-bestof4-raw--qwen3-4b-incumbent,ai-01,ambiguity_non_invention,"The meeting did not go the way I expected. Something came up near the end, and we decided to revisit the issue next week.","The meeting did not go as I had expected. Towards the end, something arose, and we decided to revisit the issue next week.","The meeting did not go as I had expected. Near the end, something arose, and we decided to revisit the issue next week.",,,,,,,,,,,,
ai-02--qwen3-4b-incumbent-bestof4-raw--qwen3-4b-incumbent,ai-02,ambiguity_non_invention,"The file disappeared sometime after lunch. I checked the shared folder and my downloads, but I still do not know whether it was moved, renamed, or deleted.","The file disappeared after lunch. I checked the shared folder and my downloads, but I still don't know if it was moved, renamed, or deleted.","The file disappeared after lunch. I checked the shared folder and my downloads, but I still don't know if it was moved, renamed, or deleted.",,,,,,,,,,,,
ai-03--qwen3-4b-incumbent-bestof4-raw--qwen3-4b-incumbent,ai-03,ambiguity_non_invention,"People have raised concerns about the new process, but the notes do not say how many people complained or which part of the process bothered them.","Concerns have been raised about the new process, but the notes do not specify how many people complained or which aspect of the process was problematic.","Concerns have been raised about the new process, but the notes do not specify how many people complained or which aspect of the process was problematic.",,,,,,,,,,,,
ai-04--qwen3-4b-incumbent-bestof4-raw--qwen3-4b-incumbent,ai-04,ambiguity_non_invention,"The test failed after the configuration changed, but that timing alone does not prove the configuration caused the failure. No one has reproduced the problem yet.","The test failed after the configuration was changed, but the timing alone does not prove that the configuration caused the failure. No one has yet reproduced the problem.","The test failed after the configuration changed, but the timing alone does not prove that the configuration caused the failure. No one has yet reproduced the problem.",,,,,,,,,,,,
ai-05--qwen3-4b-incumbent-bestof4-raw--qwen3-4b-incumbent,ai-05,ambiguity_non_invention,"The instructor said my explanation needs more support. I am not sure whether she wants another source, a better example, or a clearer connection to the evidence I already used.","The instructor mentioned that my explanation needs more support. I'm not sure if she wants another source, a better example, or a clearer connection to the evidence I already used.","The instructor said my explanation needs more support. I'm not sure whether she wants another source, a better example, or a clearer connection to the evidence I already used.",,,,,,,,,,,,
ai-06--qwen3-4b-incumbent-bestof4-raw--qwen3-4b-incumbent,ai-06,ambiguity_non_invention,The package arrived with damage on one corner. I cannot tell whether the item inside is damaged because I have not opened the box yet.,The package arrived with damage on one corner. I cannot determine if the item inside is damaged because I have not yet opened the box.,The package arrived with damage on one corner. I cannot determine if the item inside is damaged because I have not yet opened the box.,,,,,,,,,,,,
me-01--qwen3-4b-incumbent-bestof4-raw--qwen35-4b-control,me-01,meaning_equivalence,"I started using the new study schedule about two weeks ago. It has not made studying easier, but I waste less time deciding what to work on, which is why I plan to keep using it.","I began using the new study schedule about two weeks ago. But it hasn't made studying easier, it has reduced the time I spend deciding what to work on, which is why I plan to continue using it.","I started using the new study schedule two weeks ago. It hasn't made studying easier, but I waste less time deciding what to focus on, which is why I plan to continue using it.",,,,,,,,,,,,
me-02--qwen3-4b-incumbent-bestof4-raw--qwen35-4b-control,me-02,meaning_equivalence,"The update looks smaller than the previous release because most of the changes are behind the scenes. The interface barely changed, but loading large files is noticeably faster on my laptop.","The update appears smaller than the previous release because most of the changes are behind the scenes. The interface has changed very little, but loading large files is noticeably faster on my laptop.","The update appears smaller than the previous release because most of the changes are behind the scenes. But the interface barely changed, loading large files are noticeably faster on my laptop.",,,,,,,,,,,,
me-03--qwen3-4b-incumbent-bestof4-raw--qwen35-4b-control,me-03,meaning_equivalence,"I liked the presentation overall even though the first section dragged a little. Once the examples started, the argument became much easier to follow and the final recommendation made sense.","I liked the presentation overall, even though the first section dragged a bit. Once the examples began, the argument became much easier to follow, and the final recommendation made sense.","I liked the presentation overall, even though the first section was a bit slow. Once the examples began, the argument became much clearer, and the final recommendation made sense.",,,,,,,,,,,,
me-04--qwen3-4b-incumbent-bestof4-raw--qwen35-4b-control,me-04,meaning_equivalence,The class is not difficult because of the amount of reading. The harder part is keeping track of several small assignments that are due on different days each week.,The class isn't difficult because of the amount of reading. The real challenge lies in keeping up with several small assignments that are due on different days each week.,The class isn't difficult because of the amount of reading; the real challenge is keeping track of several small assignments that is due on different days each week.,,,,,,,,,,,,
me-05--qwen3-4b-incumbent-bestof4-raw--qwen35-4b-control,me-05,meaning_equivalence,"My first draft was longer, but it was not actually more detailed. I had repeated the same point in several ways, so cutting those sentences made the explanation clearer without removing evidence.","My first draft was longer, but it wasn't more detailed. I had repeated the same point in several ways, so cutting those sentences made the explanation clearer without removing evidence.","My first draft was longer, though not necessarily more detailed. Because I had repeated the same point in several ways, cutting those redundant sentences made the explanation clearer without removing any evidence.",,,,,,,,,,,,
me-06--qwen3-4b-incumbent-bestof4-raw--qwen35-4b-control,me-06,meaning_equivalence,"The professor did not say the proposal was wrong. She said the main idea was promising, but the evidence was too limited to support the conclusion yet.","The professor did not say the proposal was wrong; rather, she noted that while the main idea was promising, the evidence was too limited to support the conclusion at this time.","The professor did not say the proposal was incorrect. She noted that the main idea was promising, but the evidence was too limited to fully support the conclusion at this time.",,,,,,,,,,,,
co-01--qwen3-4b-incumbent-bestof4-raw--qwen35-4b-control,co-01,cohesion_known_new,The biology lab introduced a new microscope camera last week. The camera can save images directly to the lab computers. Those saved images make it easier for students to compare samples after class.,"Last week, the biology lab introduced a new microscope camera that saves images directly to the lab computers, making it easier for students to compare samples after class.","The biology lab introduced a new microscope camera last week. The camera allows images to be saved directly to the lab computers, making it easier for students to compare samples after class.",,,,,,,,,,,,
co-02--qwen3-4b-incumbent-bestof4-raw--qwen35-4b-control,co-02,cohesion_known_new,"The team found three duplicate records during the audit. Those duplicates came from an old import script. The script had been retired months ago, but its records were still present in the database.","The team identified three duplicate records during the audit. These duplicates originated from an old import script. The script had been retired months ago, but its records remained in the database.","During the audit, the team discovered three duplicate records that originated from an old import script. Although the script had been retired months ago, its data remained in the database.",,,,,,,,,,,,
co-03--qwen3-4b-incumbent-bestof4-raw--qwen35-4b-control,co-03,cohesion_known_new,"A late shipment delayed the first test run. Because the test started late, the team had only one afternoon to review the results. That shorter review period is why several minor issues were not caught until the next day.","A late shipment delayed the first test run. As a result, the team had only one afternoon to review the results. The shorter review period led to several minor issues not being identified until the next day.","A late shipment was delayed the first test run, leaving the team with only one afternoon to review the results. Consequently, several minor issues were not identified until the following day.",,,,,,,,,,,,
co-04--qwen3-4b-incumbent-bestof4-raw--qwen35-4b-control,co-04,cohesion_known_new,"The survey showed that students wanted more evening tutoring. That preference was strongest among students who work during the day. Their schedules make daytime appointments difficult, so the department is considering a later tutoring block.","The survey indicated that students wanted more evening tutoring. This preference was most pronounced among students who work during the day. Their busy schedules make daytime tutoring appointments challenging, so the department is considering adding a later tutoring block.","The survey revealed that students expressed a desire for more evening tutoring, with this preference being particularly strong among those who work during the day. Since their schedules make daytime appointments difficult, the department is currently considering offering a later tutoring block.",,,,,,,,,,,,
co-05--qwen3-4b-incumbent-bestof4-raw--qwen35-4b-control,co-05,cohesion_known_new,"The app stores approved examples in a local file. That file is loaded when the app starts and provides a small set of writing preferences. Those preferences can change ranking, but they do not override the safety checks.","The app stores approved examples in a local file. This file is loaded when the app starts and offers a limited set of writing preferences. These preferences can affect the ranking, but they do not override the safety checks.","The app stores approved examples in a local file, which is loaded when the app starts to provide a small set of writing preferences. While these preferences can influence ranking, they do not override safety checks.",,,,,,,,,,,,
co-06--qwen3-4b-incumbent-bestof4-raw--qwen35-4b-control,co-06,cohesion_known_new,"The first experiment used a smaller sample than planned. The smaller sample reduced the amount of data available for comparison. That limitation does not invalidate the experiment, but it makes the result less certain.","The first experiment utilized a smaller sample size than originally planned, which reduced the amount of data available for comparison. While this limitation does not invalidate the experiment, it does make the results less certain.","The first experiment used a smaller sample than planned. This smaller sample reduced the amount of data available for comparison. While the limitation does not invalidate the experiment, it makes the results less certain.",,,,,,,,,,,,
lr-01--qwen3-4b-incumbent-bestof4-raw--qwen35-4b-control,lr-01,logical_relations,"The printer was working in the morning, but it stopped after the network settings were changed. Because the other printers stayed online, the technician thinks the problem is local to that machine rather than the whole network.","The printer was working in the morning but stopped after the network settings were changed. Since the other printers remained online, the technician believes the issue is specific to that machine rather than the entire network.","The printer was functioning in the morning but stopped after network settings were changed. Since the other printers remained online, the technician believes the issue is specific to that machine rather than affecting the entire network.",,,,,,,,,,,,
lr-02--qwen3-4b-incumbent-bestof4-raw--qwen35-4b-control,lr-02,logical_relations,"If the weather stays clear, the field work will begin Thursday. If it rains, the team will use Thursday for equipment checks instead and move the field work to Friday.","If the weather remains clear, the field work will start on Thursday. If it rains, the team will use Thursday for equipment checks and move the field work to Friday.","If the weather remains clear, field work will begin on Thursday; however, if it rains, the team will use Thursday for equipment checks and move the field work to Friday.",,,,,,,,,,,,
lr-03--qwen3-4b-incumbent-bestof4-raw--qwen35-4b-control,lr-03,logical_relations,"The new process takes one extra step at the beginning, yet it usually saves time later because fewer requests are returned for missing information.","The new process includes one additional step at the beginning, because it typically saves time later by reducing the number of requests that need to be returned for missing information.","The new process includes an additional step at the beginning, but it often saves time later because it results in fewer requests for missing information.",,,,,,,,,,,,
lr-04--qwen3-4b-incumbent-bestof4-raw--qwen35-4b-control,lr-04,logical_relations,Maya finished the data cleanup before Jordan ran the analysis. That order matters because the earlier version of the dataset still contained duplicate rows.,Maya completed the data cleanup before Jordan ran the analysis. The order was important because the earlier version of the dataset still had duplicate rows.,"Maya completed the data cleanup before Jordan ran the analysis, as the earlier version of the dataset still contained duplicate rows.",,,,,,,,,,,,
lr-05--qwen3-4b-incumbent-bestof4-raw--qwen35-4b-control,lr-05,logical_relations,"Although the pilot did not reach its enrollment target, the participants who completed it reported fewer scheduling conflicts. The department therefore wants another trial before deciding whether to expand the program.","Although the pilot did not meet its enrollment target, participants who completed it reported fewer scheduling conflicts. The department therefore wants to conduct another trial before deciding whether to expand the program.","Although the pilot did not meet its enrollment target, participants who completed it reported fewer scheduling conflicts, prompting the department to conduct another trial before deciding whether to expand the program.",,,,,,,,,,,,
lr-06--qwen3-4b-incumbent-bestof4-raw--qwen35-4b-control,lr-06,logical_relations,"The first draft explains what happened, whereas the second draft explains why it happened. Both are accurate, but the second is more useful for the report because the assignment asks for analysis rather than summary.","The first draft describes what happened, while the second explains why it happened. Because both are accurate, the second is more suitable for the report because the assignment requires analysis rather than a summary.","The first draft describes what happened, while the second draft explains why it happened. Both are accurate, but the second is more useful for the report because the assignment requires analysis rather than a summary.",,,,,,,,,,,,
rc-01--qwen3-4b-incumbent-bestof4-raw--qwen35-4b-control,rc-01,reference_coreference,"Nina sent Priya the revised chart after Priya noticed the labeling error. She had already fixed the colors, so the only remaining change was the axis label.","After Priya noticed a labeling error, Nina sent her the revised chart. She had already corrected the colors, so the only remaining change was updating the axis label.","Nina sent Priya the revised chart after Priya noticed the labeling error. She had already corrected the colors, so the only remaining change was the axis label.",,,,,,,,,,,,
rc-02--qwen3-4b-incumbent-bestof4-raw--qwen35-4b-control,rc-02,reference_coreference,The advisor told the student that the registrar had not received the form. The student emailed the registrar that afternoon and learned that the attachment had been blocked by the mail system.,"The advisor informed the student that the registrar had not received the form. Later that afternoon, the student emailed the registrar and discovered that the attachment had been blocked by the mail system.",The advisor informed the student that the registrar had not received the form. The student then emailed the registrar that afternoon and found out that the attachment had been blocked by the mail system.,,,,,,,,,,,,
rc-03--qwen3-4b-incumbent-bestof4-raw--qwen35-4b-control,rc-03,reference_coreference,"The battery warning appeared after the laptop was connected to the dock. Removing the dock made the warning disappear, which suggests the dock or its power adapter may be involved.","The battery warning appeared after the laptop was connected to the dock. Removing the dock caused the warning to disappear, suggesting that the dock or its power adapter may be the source of the issue.","The battery warning appeared after connecting the laptop to the dock, and removing the dock caused the warning to disappear, suggesting that the dock or its power adapter may be the source of the issue.",,,,,,,,,,,,
rc-04--qwen3-4b-incumbent-bestof4-raw--qwen35-4b-control,rc-04,reference_coreference,"Ava reviewed Liam's notes before he submitted the report. She corrected two dates in the notes, but he chose not to change the wording of the report itself.","Ava reviewed Liam's notes before he submitted the report. She corrected two dates in the notes, but he decided not to change the wording of the report itself.","Ava reviewed Liam's notes before he submitted the report, correcting two dates, but he decided not to change the report's wording.",,,,,,,,,,,,
rc-05--qwen3-4b-incumbent-bestof4-raw--qwen35-4b-control,rc-05,reference_coreference,"The first server sends logs to the backup server every hour. If it stops responding, the backup keeps the most recent copy but does not automatically become the primary server.","The first server sends logs to the backup server every hour. If the primary server stops responding, the backup retains the most recent copy but does not automatically become the primary server.","The primary server sends logs to the backup server every hour; however, if the primary server stops responding, the backup retains the most recent copy without automatically assuming the primary role.",,,,,,,,,,,,
rc-06--qwen3-4b-incumbent-bestof4-raw--qwen35-4b-control,rc-06,reference_coreference,The committee asked the vendor to revise the estimate because its labor total did not match the hours listed in the proposal. The vendor agreed to check the calculation before the next meeting.,The committee requested that the vendor revise the estimate since the total labor cost did not align with the hours listed in the proposal. The vendor agreed to review the calculation before the next meeting.,The committee requested that the vendor revise its estimate because the labor total did not align with the hours listed in the proposal. The vendor agreed to verify the calculation before the next meeting.,,,,,,,,,,,,
mp-01--qwen3-4b-incumbent-bestof4-raw--qwen35-4b-control,mp-01,modality_negation_precision,"The change might reduce startup time, but we do not have enough measurements to say that it definitely does. For now, the result should be treated as promising rather than conclusive.","The change may reduce startup time, but we do not have enough measurements to confirm that it definitely does. For now, the result should be considered promising rather than conclusive.","While the change might reduce startup time, we lack sufficient measurements to confirm this definitively; therefore, the result should currently be viewed as promising rather than conclusive.",,,,,,,,,,,,
mp-02--qwen3-4b-incumbent-bestof4-raw--qwen35-4b-control,mp-02,modality_negation_precision,"I would prefer to take the morning section, although I can attend the afternoon section if the morning one is full. I am not asking to be moved unless a seat is actually available.","I would prefer to take the morning section, though I am available to attend the afternoon section if the morning one is full. I am not requesting to be moved unless a seat is actually available.","I would prefer to take the morning section, but I am willing to attend the afternoon section if the morning one is full. I am not asking to be moved unless a seat actually becomes available.",,,,,,,,,,,,
mp-03--qwen3-4b-incumbent-bestof4-raw--qwen35-4b-control,mp-03,modality_negation_precision,"The sensor can detect a temperature change, but it cannot tell us what caused that change. A sudden increase could come from the heater, direct sunlight, or another source.","The sensor can detect a temperature change, but it cannot determine the cause of that change. A sudden increase could result from the heater, direct sunlight, or another source.","The sensor can detect a temperature change, but it cannot determine the cause. A sudden increase could result from the heater, direct sunlight, or another source.",,,,,,,,,,,,
mp-04--qwen3-4b-incumbent-bestof4-raw--qwen35-4b-control,mp-04,modality_negation_precision,The policy says employees should report suspected errors; it does not say they must prove an error occurred before reporting it.,"The policy requires employees to report suspected errors, but it does not mandate that they prove an error has occurred before making a report.","The policy states that employees should report suspected errors, but it does not require them to prove an error occurred before reporting it.",,,,,,,,,,,,
mp-05--qwen3-4b-incumbent-bestof4-raw--qwen35-4b-control,mp-05,modality_negation_precision,"There is no evidence that the file was deleted intentionally. It may have been removed during cleanup, but the logs are incomplete, so that explanation is only a possibility.","There is no evidence that the file was intentionally deleted. It could have been removed during cleanup, but the logs are incomplete, so that explanation is only a possibility.","There is no evidence that the file was deleted intentionally; while it may have been removed during cleanup, the incomplete logs mean this remains only a possibility.",,,,,,,,,,,,
mp-06--qwen3-4b-incumbent-bestof4-raw--qwen35-4b-control,mp-06,modality_negation_precision,"The medication is expected to help most patients, but it does not guarantee that every patient will improve. Anyone with questions should speak with a clinician rather than changing the dose on their own.","The medication is expected to help most patients, though it does not guarantee improvement for everyone. Anyone with questions should consult a clinician rather than adjusting the dose on their own.","The medication is expected to help most patients, but it does not guarantee that every patient will improve. Those with questions should consult a clinician rather than adjusting the dose on their own.",,,,,,,,,,,,
fa-01--qwen3-4b-incumbent-bestof4-raw--qwen35-4b-control,fa-01,factual_anchors,"On September 14, 2026, Maya Chen paid $184.75 for the replacement part. The receipt says the part can be returned within 30 days if it has not been installed.","On September 14, 2026, Maya Chen paid $184.75 for a replacement part. According to the receipt, the part is eligible for return within 30 days, if it has not been installed.","On September 14, 2026, Maya Chen paid $184.75 for a replacement part. The receipt states that the part can be returned within 30 days if it has not been installed.",,,,,,,,,,,,
fa-02--qwen3-4b-incumbent-bestof4-raw--qwen35-4b-control,fa-02,factual_anchors,The lab recorded a pH of 6.4 before treatment and 7.1 afterward. The report calls the change 'modest but consistent' across the five samples.,"The lab recorded a pH of 6.4 before treatment and 7.1 after treatment. The report describes the change as ""modest but consistent"" across the five samples.","The lab recorded a pH of 6.4 before treatment and 7.1 afterward; the report describes this change as ""modest but consistent"" across the five samples.",,,,,,,,,,,,
fa-03--qwen3-4b-incumbent-bestof4-raw--qwen35-4b-control,fa-03,factual_anchors,"Jordan Lee emailed the draft to review@example.org at 3:40 p.m. The subject line was 'Budget revision v2,' and the attachment was 2.8 MB.","Jordan Lee emailed the draft to review@example.org at 3:40 p.m., with the subject line ""Budget revision v2"" and a 2.8 MB attachment.","Jordan Lee sent the draft to review@example.org at 3:40 p.m. The subject line was ""Budget revision v2,"" and the attachment was 2.8 MB.",,,,,,,,,,,,
fa-04--qwen3-4b-incumbent-bestof4-raw--qwen35-4b-control,fa-04,factual_anchors,"Section 4.2 requires a backup every 12 hours, not once per day. The exception applies only to systems that are offline for maintenance.","Section 4.2 requires a backup every 12 hours, not once per day; however, this exception applies only to systems that is offline for maintenance.","Section 4.2 specifies that a backup should occur every 12 hours, not once per day. This exception applies only to systems that are offline for maintenance.",,,,,,,,,,,,
fa-05--qwen3-4b-incumbent-bestof4-raw--qwen35-4b-control,fa-05,factual_anchors,"The shipment contained 18 blue units and 7 gray units. Two blue units were damaged, so the usable total was 23 units.","The shipment included 18 blue units and 7 gray units. After two blue units were damaged, the total number of usable units were 23.","The shipment included 18 blue units and 7 gray units. Two of the blue units were damaged, resulting in a usable total of 23 units.",,,,,,,,,,,,
fa-06--qwen3-4b-incumbent-bestof4-raw--qwen35-4b-control,fa-06,factual_anchors,"The study ran from January through March 2026 and included 126 participants. Of those participants, 54 completed both follow-up surveys.","The study ran from January through March 2026 and included 126 participants, of whom 54 completed both follow-up surveys.","The study took place from January through March 2026 and involved 126 participants. Of these participants, 54 completed both follow-up surveys.",,,,,,,,,,,,
gm-01--qwen3-4b-incumbent-bestof4-raw--qwen35-4b-control,gm-01,grammar_minimal_edit,The results was surprising because each of the samples were collected under the same conditions. I don't think the difference come from the equipment.,The results were surprising because each sample was collected under the same conditions. I do not believe the differences stem from the equipment.,The results were surprising because each sample was collected under the same conditions. I don't think the difference came from the equipment.,,,,,,,,,,,,
gm-02--qwen3-4b-incumbent-bestof4-raw--qwen35-4b-control,gm-02,grammar_minimal_edit,"She has went to the tutoring center twice this week, and both visits has helped her understand the material better.","She has visited the tutoring center twice this week, and both trips have helped her understand the material better.","She has gone to the tutoring center twice this week, and both visits have helped her understand the material better.",,,,,,,,,,,,
gm-03--qwen3-4b-incumbent-bestof4-raw--qwen35-4b-control,gm-03,grammar_minimal_edit,"There is several reasons the schedule need to change, but the main one are that the current times conflict with lab.","There are several reasons why the schedule needs to change, but the main one is that the current times conflict with lab sessions.","There are several reasons the schedule needs to change, but the main one is that the current times conflict with the lab.",,,,,,,,,,,,
gm-04--qwen3-4b-incumbent-bestof4-raw--qwen35-4b-control,gm-04,grammar_minimal_edit,The advisor suggested me to wait until the final grade posts before I submit a new request.,The advisor recommended that I wait until the final grades are posted before submitting a new request.,The advisor suggested that I wait until the final grades are posted before submitting a new request.,,,,,,,,,,,,
gm-05--qwen3-4b-incumbent-bestof4-raw--qwen35-4b-control,gm-05,grammar_minimal_edit,Neither the new instructions nor the example explain what happens if a student submit the form late.,Neither the new instructions nor the example clarify what happens if a student submits the form is late.,Neither the new instructions nor the example clarify what happens if a student submits the form late.,,,,,,,,,,,,
gm-06--qwen3-4b-incumbent-bestof4-raw--qwen35-4b-control,gm-06,grammar_minimal_edit,"I was planning on finishing it yesterday, but the files I needed wasn't available until this morning.","I was planning to finish it yesterday, but the files I needed weren't available until this morning.","I was planning to finish it yesterday, but the files I needed weren't available until this morning.",,,,,,,,,,,,
ss-01--qwen3-4b-incumbent-bestof4-raw--qwen35-4b-control,ss-01,sentence_structure,The deadline moved to Friday. Because the vendor sent the corrected estimate late. Which gave the team less time to review the numbers.,"The deadline was moved to Friday because the vendor sent the corrected estimate late, which left the team with less time to review the numbers.","The deadline was moved to Friday because the vendor sent the corrected estimate late, which gave the team less time to review the numbers.",,,,,,,,,,,,
ss-02--qwen3-4b-incumbent-bestof4-raw--qwen35-4b-control,ss-02,sentence_structure,I opened the dashboard the totals looked wrong I refreshed the page nothing changed so I checked the raw file and found two duplicated rows.,"I opened the dashboard, but the totals looked wrong; after refreshing the page, nothing changed. Upon checking the raw file, I found two duplicated rows.","I opened the dashboard, and the totals looked wrong. I refreshed the page, but nothing changed. Then I checked the raw file and found two duplicated rows.",,,,,,,,,,,,
ss-03--qwen3-4b-incumbent-bestof4-raw--qwen35-4b-control,ss-03,sentence_structure,"After reviewing the application, the missing transcript was obvious to the advisor. The student had uploaded the other documents correctly.","After reviewing the application, the advisor immediately noticed the missing transcript, noting that the student had correctly uploaded all other documents.","After reviewing the application, the advisor found the missing transcript to be obvious. The student had correctly uploaded the other documents.",,,,,,,,,,,,
ss-04--qwen3-4b-incumbent-bestof4-raw--qwen35-4b-control,ss-04,sentence_structure,"The internship requires writing weekly summaries, to attend a Friday meeting, and completing one final presentation.","The internship requires writing weekly summaries, attending a Friday meeting, and completing one final presentation.","The internship involves writing weekly summaries, attending a Friday meeting, and completing one final presentation.",,,,,,,,,,,,
ss-05--qwen3-4b-incumbent-bestof4-raw--qwen35-4b-control,ss-05,sentence_structure,"The first meeting was scheduled for Monday, but two people could not attend, and then it moved to Wednesday, and the room was unavailable, so now it is Thursday afternoon.","The first meeting was scheduled for Monday, but two people could not attend, so it was moved to Wednesday. However, the room was unavailable, and now it is scheduled for Thursday afternoon.","The first meeting was scheduled for Monday, but with two people unable to attend; it was rescheduled to Wednesday. However, since the room was unavailable, the meeting has now been moved to Thursday afternoon.",,,,,,,,,,,,
ss-06--qwen3-4b-incumbent-bestof4-raw--qwen35-4b-control,ss-06,sentence_structure,The report includes the survey results. Along with a short explanation of the sampling method and why the response rate matters.,"The report includes the survey results, along with a brief explanation of the sampling method and the importance of the response rate.","The report includes the survey results, along with a brief explanation of the sampling method and why the response rate matters.",,,,,,,,,,,,
lc-01--qwen3-4b-incumbent-bestof4-raw--qwen35-4b-control,lc-01,lexical_collocation,The new checklist made a strong improvement in how consistently the team records equipment problems. People are now more likely to include the exact error message instead of a general description.,The new checklist significantly improved the team's consistency in recording equipment problems. People are now more likely to include the exact error message rather than a general description.,The new checklist has significantly improved the team's consistency in recording equipment problems. People are now more likely to include the exact error message rather than providing a general description.,,,,,,,,,,,,
lc-02--qwen3-4b-incumbent-bestof4-raw--qwen35-4b-control,lc-02,lexical_collocation,"The professor gave a heavy warning that late submissions would receive a penalty. The warning was clear, but the exact size of the penalty was not listed.","The professor issued a clear warning that late submissions would incur a penalty. While the warning was straightforward, the specific details of the penalty were not provided.","The professor issued a stern warning that late submissions would incur a penalty, though the exact amount was not specified.",,,,,,,,,,,,
lc-03--qwen3-4b-incumbent-bestof4-raw--qwen35-4b-control,lc-03,lexical_collocation,The software performed a decision to close the connection after three failed attempts. That behavior prevents the client from waiting forever for a response.,"The software automatically closes the connection after three failed attempts, preventing the client from waiting indefinitely for a response.",The software closes the connection after three failed attempts. This behavior prevents the client from waiting indefinitely for a response.,,,,,,,,,,,,
lc-04--qwen3-4b-incumbent-bestof4-raw--qwen35-4b-control,lc-04,lexical_collocation,"The survey received a large interest from first-year students, especially those looking for evening sections. Interest from returning students was more moderate.","The survey generated significant interest among first-year students, particularly those seeking evening sections. Interest from returning students was more moderate.","The survey garnered significant interest from first-year students, particularly those seeking evening sections, while interest from returning students were more moderate.",,,,,,,,,,,,
lc-05--qwen3-4b-incumbent-bestof4-raw--qwen35-4b-control,lc-05,lexical_collocation,The team made an investigation into why the request failed and discovered that the token had expired. Renewing the token solved the problem immediately.,The team investigated the failed request and discovered that the token had expired; renewing it resolved the issue immediately.,The team investigated the reason for the request failure and found that the token had expired. Renewing the token resolved the issue immediately.,,,,,,,,,,,,
lc-06--qwen3-4b-incumbent-bestof4-raw--qwen35-4b-control,lc-06,lexical_collocation,"The explanation is technically correct, but the wording feels unusually bookish for a short message to classmates. I want it to sound normal without making it childish.","The explanation is technically correct, but the wording feels unusually formal for a quick message to classmates. I'd like it to sound natural without sounding childish.","The explanation is technically correct, but the wording feels overly formal for a short message to classmates. I want it to sound natural without coming across as childish.",,,,,,,,,,,,
rt-01--qwen3-4b-incumbent-bestof4-raw--qwen35-4b-control,rt-01,register_tone,"hey, just checking if friday at 3 still works for you. if not no worries, i can do later that afternoon too.","Hey, just checking to see if Friday at 3 still works for you. If not, no worries—I can if do something later that afternoon.","Just checking if Friday at 3 still works for you. If not, I can adjust to a later time that afternoon.",,,,,,,,,,,,
rt-02--qwen3-4b-incumbent-bestof4-raw--qwen35-4b-control,rt-02,register_tone,"The whole signup process was honestly kind of a mess, but the staff member who helped me was great and got it sorted out pretty fast.","The signup process was honestly quite chaotic, but the staff member who assisted me was excellent and got it sorted out pretty quickly.","The entire signup process was honestly a bit of a mess, but the staff member who helped me was great and got it sorted out pretty quickly.",,,,,,,,,,,,
rt-03--qwen3-4b-incumbent-bestof4-raw--qwen35-4b-control,rt-03,register_tone,"I am writing to ask whether it would be possible to take the exam earlier that day. I have a required lab immediately afterward, so an earlier time would help me avoid a conflict.","I am writing to ask if it would be possible to take the exam earlier in the day. I have a required lab immediately after, so an earlier time would help me avoid a conflict.","I am writing to inquire whether it would be possible to schedule the exam earlier on that day. Since I have a required lab immediately following it, an earlier time would help me avoid a scheduling conflict.",,,,,,,,,,,,
rt-04--qwen3-4b-incumbent-bestof4-raw--qwen35-4b-control,rt-04,register_tone,"ngl I thought the tutorial was gonna be useless, but it actually explained the one part I kept getting wrong. I still would not watch the whole thing again.","I initially thought the tutorial would be useless, but it actually clarified the one part I kept getting wrong. However, I still wouldn't watch it all over again.","Honestly, I thought the tutorial would be useless, but it actually clarified the one part I was struggling with. I still wouldn’t watch the whole thing again.",,,,,,,,,,,,
rt-05--qwen3-4b-incumbent-bestof4-raw--qwen35-4b-control,rt-05,register_tone,"The proposal is solid overall, but the budget section feels a little shaky because several costs are estimates instead of quotes. I would double-check those numbers before sending it.","The proposal is generally strong, but the budget section seems a bit uncertain because several costs are estimates rather than confirmed quotes. I would recommend verifying those figures before sending it.","The proposal is solid overall, but the budget section feels a bit shaky because several costs are estimates rather than quotes. I recommend double-checking those numbers before sending it.",,,,,,,,,,,,
rt-06--qwen3-4b-incumbent-bestof4-raw--qwen35-4b-control,rt-06,register_tone,"I appreciate the quick response. I am still confused about whether the form goes back to your office or directly to the testing center, so I want to make sure I send it to the right place.","I appreciate the quick response. I'm still unsure whether the form should be returned to your office or sent directly to the testing center, so I want to ensure I send it to the correct location.","I appreciate the quick response. I’m still unsure whether the form should be sent back to your office or directly to the testing center, so I want to make sure I send it to the correct location.",,,,,,,,,,,,
pu-01--qwen3-4b-incumbent-bestof4-raw--qwen35-4b-control,pu-01,paragraph_unity_redundancy,The main benefit of the new form is that it asks for all required information in one place. That is useful because people no longer have to send a second email with missing details. The form is beneficial because it reduces the need for follow-up messages about information that was left out.,The main benefit of the new form is that it consolidates all required information in one place. This is useful because people no longer need to send a second email with missing details. The form is beneficial because it reduces the need for follow-up messages regarding missing information.,"The primary advantage of the new form is that it collects all required information in a single location. This is particularly useful, because people no longer have to send a second email with missing details because, the form reduces the necessity for follow-up messages regarding omitted information.",,,,,,,,,,,,
pu-02--qwen3-4b-incumbent-bestof4-raw--qwen35-4b-control,pu-02,paragraph_unity_redundancy,"The lab report should explain why the result matters, not only list the measurements. The measurements still need to be included because they support the explanation. A good report connects the data to the conclusion instead of treating them as separate pieces.","The lab report should explain why the results are significant, not just list the measurements. The measurements are still necessary because they provide support for the explanation. A good report links the data to the conclusion rather than treating them as separate elements.","The lab report should explain why the results matter, not merely list the measurements. Because, the measurements must still be included, as they support the explanation. A good report connects the data to the conclusion rather than treating them as separate elements.",,,,,,,,,,,,
pu-03--qwen3-4b-incumbent-bestof4-raw--qwen35-4b-control,pu-03,paragraph_unity_redundancy,I use the calendar mostly to avoid missing small deadlines. It also helps me see when several assignments pile up in the same week. I like dark mode in most apps because bright screens bother me at night.,I use the calendar mainly to avoid missing small deadlines. It also helps me keep track of when multiple assignments accumulate in the same week. I prefer dark mode in most apps because bright screens irritate me at night.,"I use the calendar primarily to avoid missing small deadlines, though it also helps me spot when several assignments pile up in the same week. I prefer dark mode in most apps because bright screens bother me at night.",,,,,,,,,,,,
pu-04--qwen3-4b-incumbent-bestof4-raw--qwen35-4b-control,pu-04,paragraph_unity_redundancy,"The update reduced the time needed to open large projects. Startup is faster now, and opening a large project takes less time than before. The improvement is most noticeable on projects with many files.","The update reduced the time required to open large projects. Startup is now faster, and opening a large project takes less time than it did before. The improvement is most noticeable in projects with many files.","The update has reduced the time required to open large projects. Startup is now faster, and opening a large project takes less time than before. This improvement is most noticeable on projects containing most files.",,,,,,,,,,,,
pu-05--qwen3-4b-incumbent-bestof4-raw--qwen35-4b-control,pu-05,paragraph_unity_redundancy,The discussion board was more useful once people started responding to specific points instead of posting generic agreement. Those specific replies gave the original writer something concrete to answer. That made the conversation feel more like an actual discussion.,"The discussion board became more useful once participants began responding to specific points rather than posting generic agreement. These targeted replies provided the original writer with concrete material to address, transforming the exchange into a genuine discussion.","The discussion board became more useful when people began responding to specific points rather than posting general agreement. These specific replies provided the original writer with something concrete to address, making the conversation feel more like a real discussion.",,,,,,,,,,,,
pu-06--qwen3-4b-incumbent-bestof4-raw--qwen35-4b-control,pu-06,paragraph_unity_redundancy,"The first two steps of the setup are simple, but the third step assumes the user already knows where the configuration file is stored. That missing explanation is the main reason the instructions feel harder than the process actually is.","The first two steps of the setup are straightforward, but the third step assumes the user already knows where the configuration file is stored. This missing explanation is the main reason the instructions feel more complicated than the process actually is.","The first two setup steps are straightforward, but the third assumes the user already knows where the configuration file is stored. This lack of explanation is the primary reason the instructions feel more difficult than the process actually is.",,,,,,,,,,,,
ai-01--qwen3-4b-incumbent-bestof4-raw--qwen35-4b-control,ai-01,ambiguity_non_invention,"The meeting did not go the way I expected. Something came up near the end, and we decided to revisit the issue next week.","The meeting didn't go as I expected. Something came up near the end, so we decided to revisit the issue next week.","The meeting did not go as I had expected. Near the end, something arose, and we decided to revisit the issue next week.",,,,,,,,,,,,
ai-02--qwen3-4b-incumbent-bestof4-raw--qwen35-4b-control,ai-02,ambiguity_non_invention,"The file disappeared sometime after lunch. I checked the shared folder and my downloads, but I still do not know whether it was moved, renamed, or deleted.","The file disappeared sometime after lunch. Although I checked both the shared folder and my downloads, I still do not know whether it was moved, renamed, or deleted.","The file disappeared after lunch. I checked the shared folder and my downloads, but I still don't know if it was moved, renamed, or deleted.",,,,,,,,,,,,
ai-03--qwen3-4b-incumbent-bestof4-raw--qwen35-4b-control,ai-03,ambiguity_non_invention,"People have raised concerns about the new process, but the notes do not say how many people complained or which part of the process bothered them.","People have raised concerns about the new process, but the notes do not specify how many people complained or which aspects of the process were most problematic.","Concerns have been raised about the new process, but the notes do not specify how many people complained or which aspect of the process was problematic.",,,,,,,,,,,,
ai-04--qwen3-4b-incumbent-bestof4-raw--qwen35-4b-control,ai-04,ambiguity_non_invention,"The test failed after the configuration changed, but that timing alone does not prove the configuration caused the failure. No one has reproduced the problem yet.","The test failed after the configuration changed, but the timing alone does not prove that the configuration caused the failure. No one has yet reproduced the problem.","The test failed after the configuration changed, but the timing alone does not prove that the configuration caused the failure. Additionally, no one has yet reproduced the problem.",,,,,,,,,,,,
ai-05--qwen3-4b-incumbent-bestof4-raw--qwen35-4b-control,ai-05,ambiguity_non_invention,"The instructor said my explanation needs more support. I am not sure whether she wants another source, a better example, or a clearer connection to the evidence I already used.","The instructor indicated that my explanation requires more support. I am unsure whether she is looking for an additional source, a better example, or a clearer connection to the evidence I have already used.","The instructor mentioned that my explanation needs more support. I'm not sure if she wants another source, a better example, or a clearer connection to the evidence I already used.",,,,,,,,,,,,
ai-06--qwen3-4b-incumbent-bestof4-raw--qwen35-4b-control,ai-06,ambiguity_non_invention,The package arrived with damage on one corner. I cannot tell whether the item inside is damaged because I have not opened the box yet.,"The package arrived with a damaged corner, but I cannot determine if the item inside is also damaged since I have not opened the box yet.",The package arrived with damage on one corner. I cannot determine if the item inside is damaged because I have not yet opened the box.,,,,,,,,,,,,
me-01--qwen3-4b-incumbent-bestof4-raw--coedit-large-research,me-01,meaning_equivalence,"I started using the new study schedule about two weeks ago. It has not made studying easier, but I waste less time deciding what to work on, which is why I plan to keep using it.","About 2 weeks ago, I started using this new study plan, and it hasn't made studying easier, but I've been wasting less time deciding what to do. And that's why I'm going to keep using it.","I started using the new study schedule two weeks ago. It hasn't made studying easier, but I waste less time deciding what to focus on, which is why I plan to continue using it.",,,,,,,,,,,,
me-02--qwen3-4b-incumbent-bestof4-raw--coedit-large-research,me-02,meaning_equivalence,"The update looks smaller than the previous release because most of the changes are behind the scenes. The interface barely changed, but loading large files is noticeably faster on my laptop.","It's a bit smaller than the previous release, because most of the changes were made in the background. The interface hasn't changed much, but loading large files on my laptop is much faster.","The update appears smaller than the previous release because most of the changes are behind the scenes. The interface has changed very little, but loading large files is noticeably faster on my laptop.",,,,,,,,,,,,
me-03--qwen3-4b-incumbent-bestof4-raw--coedit-large-research,me-03,meaning_equivalence,"I liked the presentation overall even though the first section dragged a little. Once the examples started, the argument became much easier to follow and the final recommendation made sense.","I liked the presentation overall, even though the first section was a bit slow. Once the examples began, the argument became much clearer, and the final recommendation made sense.","Even though the first part of the presentation was a bit long, the argument was much easier to understand when the examples began, and the final recommendation made sense to me.",,,,,,,,,,,,
me-04--qwen3-4b-incumbent-bestof4-raw--coedit-large-research,me-04,meaning_equivalence,The class is not difficult because of the amount of reading. The harder part is keeping track of several small assignments that are due on different days each week.,"It's not difficult to read, but keeping track of a couple of small tasks that has to be done on different days in a week is more difficult.",The class isn't difficult because of the amount of reading. The real challenge lies in keeping up with several small assignments that are due on different days each week.,,,,,,,,,,,,
me-05--qwen3-4b-incumbent-bestof4-raw--coedit-large-research,me-05,meaning_equivalence,"My first draft was longer, but it was not actually more detailed. I had repeated the same point in several ways, so cutting those sentences made the explanation clearer without removing evidence.","My first draft was longer, but it wasn't more detailed. I had repeated the same point in several ways, so cutting those sentences made the explanation clearer without removing evidence.","I had written a longer first draft, but it wasn't really more detailed. I had repeated the same idea in a number of ways, so I cut those sentences down so that the explanation didn't lose any evidence.",,,,,,,,,,,,
me-06--qwen3-4b-incumbent-bestof4-raw--coedit-large-research,me-06,meaning_equivalence,"The professor did not say the proposal was wrong. She said the main idea was promising, but the evidence was too limited to support the conclusion yet.","The professor did not say the proposal was incorrect. She noted that the main idea was promising, but the evidence was too limited to fully support the conclusion at this time.","The professor didn't say the proposal was wrong, she said the central idea was promising, but the evidence was too weak to support it.",,,,,,,,,,,,
co-01--qwen3-4b-incumbent-bestof4-raw--coedit-large-research,co-01,cohesion_known_new,The biology lab introduced a new microscope camera last week. The camera can save images directly to the lab computers. Those saved images make it easier for students to compare samples after class.,"The biology lab introduced a new microscope camera last week. The camera allows images to be saved directly to the lab computers, making it easier for students to compare samples after class.","Last week, a new microscope camera was installed in the biology lab, which makes it easier for students to compare their specimens after class.",,,,,,,,,,,,
co-02--qwen3-4b-incumbent-bestof4-raw--coedit-large-research,co-02,cohesion_known_new,"The team found three duplicate records during the audit. Those duplicates came from an old import script. The script had been retired months ago, but its records were still present in the database.","The audit team found three duplicate records in an old import script, which had been retired several months ago, but was still present in the database.","The team identified three duplicate records during the audit. These duplicates originated from an old import script. The script had been retired months ago, but its records remained in the database.",,,,,,,,,,,,
co-03--qwen3-4b-incumbent-bestof4-raw--coedit-large-research,co-03,cohesion_known_new,"A late shipment delayed the first test run. Because the test started late, the team had only one afternoon to review the results. That shorter review period is why several minor issues were not caught until the next day.","A late shipment delayed the first test run. As a result, the team had only one afternoon to review the results. The shorter review period led to several minor issues not being identified until the next day.","The first test had been was delayed by a late delivery, and the team had only one afternoon to examine the results, so that several minor faults had not been discovered until the next day.",,,,,,,,,,,,
co-04--qwen3-4b-incumbent-bestof4-raw--coedit-large-research,co-04,cohesion_known_new,"The survey showed that students wanted more evening tutoring. That preference was strongest among students who work during the day. Their schedules make daytime appointments difficult, so the department is considering a later tutoring block.","Students who worked during the day were most interested in evening tutoring, and their schedules made daytime appointments difficult, so the department is planning a later tutoring block.","The survey indicated that students wanted more evening tutoring. This preference was most pronounced among students who work during the day. Their busy schedules make daytime tutoring appointments challenging, so the department is considering adding a later tutoring block.",,,,,,,,,,,,
co-05--qwen3-4b-incumbent-bestof4-raw--coedit-large-research,co-05,cohesion_known_new,"The app stores approved examples in a local file. That file is loaded when the app starts and provides a small set of writing preferences. Those preferences can change ranking, but they do not override the safety checks.","The app stores approved examples in a local file, which is loaded when the app starts and provides a small set of writing preferences. The preferences can affect the ranking, but they do not override the safety checks.","The app stores approved examples in a local file. This file is loaded when the app starts and offers a limited set of writing preferences. These preferences can affect the ranking, but they do not override the safety checks.",,,,,,,,,,,,
co-06--qwen3-4b-incumbent-bestof4-raw--coedit-large-research,co-06,cohesion_known_new,"The first experiment used a smaller sample than planned. The smaller sample reduced the amount of data available for comparison. That limitation does not invalidate the experiment, but it makes the result less certain.","The first experiment used a smaller sample than planned, which reduced the number of data available for comparison. This limitation does not invalidate the experiment, but makes the result less certain.","The first experiment used a smaller sample than planned. This smaller sample reduced the amount of data available for comparison. While the limitation does not invalidate the experiment, it makes the results less certain.",,,,,,,,,,,,
lr-01--qwen3-4b-incumbent-bestof4-raw--coedit-large-research,lr-01,logical_relations,"The printer was working in the morning, but it stopped after the network settings were changed. Because the other printers stayed online, the technician thinks the problem is local to that machine rather than the whole network.","The printer was working in the morning but stopped after the network settings were changed. Since the other printers remained online, the technician believes the issue is specific to that machine rather than the entire network.","The printer worked in the morning, but it stopped but the network settings were changed. Because the other printers were still online, the tech thinks the problem is with the printer in particular rather than the entire network.",,,,,,,,,,,,
lr-02--qwen3-4b-incumbent-bestof4-raw--coedit-large-research,lr-02,logical_relations,"If the weather stays clear, the field work will begin Thursday. If it rains, the team will use Thursday for equipment checks instead and move the field work to Friday.","If it's clear, the field work will start Thursday, but if it's raining, the team will use Thursday to check the equipment and move the field work to Friday.","If the weather remains clear, the field work will start on Thursday. If it rains, the team will use Thursday for equipment checks and move the field work to Friday.",,,,,,,,,,,,
lr-03--qwen3-4b-incumbent-bestof4-raw--coedit-large-research,lr-03,logical_relations,"The new process takes one extra step at the beginning, yet it usually saves time later because fewer requests are returned for missing information.","The new process includes an additional step at the beginning, but it often saves time later because it results in fewer requests for missing information.","At first, a new procedure takes one more step, but it usually saves time in the long run because fewer requests for missing information are returned.",,,,,,,,,,,,
lr-04--qwen3-4b-incumbent-bestof4-raw--coedit-large-research,lr-04,logical_relations,Maya finished the data cleanup before Jordan ran the analysis. That order matters because the earlier version of the dataset still contained duplicate rows.,Maya completed the data cleanup before Jordan ran the analysis. The order was important because the earlier version of the dataset still had duplicate rows.,"Before Jordan started the analysis, Maya had completed the data cleansing. This was important, since the earlier version of the data had duplicated rows.",,,,,,,,,,,,
lr-05--qwen3-4b-incumbent-bestof4-raw--coedit-large-research,lr-05,logical_relations,"Although the pilot did not reach its enrollment target, the participants who completed it reported fewer scheduling conflicts. The department therefore wants another trial before deciding whether to expand the program.","Although the pilot did not meet its enrollment target, participants who completed it reported fewer scheduling conflicts. The department therefore wants to conduct another trial before deciding whether to expand the program.","Although the pilot has not reached its enrollment target, the participants who have already completed it has reported a smaller number of scheduling conflicts, and the Department wishes to carry out another trial before deciding whether to extend the programme.",,,,,,,,,,,,
lr-06--qwen3-4b-incumbent-bestof4-raw--coedit-large-research,lr-06,logical_relations,"The first draft explains what happened, whereas the second draft explains why it happened. Both are accurate, but the second is more useful for the report because the assignment asks for analysis rather than summary.","The first draft explains what happened; the second draft explains why. Both are precise, but the second is more useful for the report because the assignment calls for analysis rather than summaries.","The first draft describes what happened, while the second draft explains why it happened. Both are accurate, but the second is more useful for the report because the assignment requires analysis rather than a summary.",,,,,,,,,,,,
rc-01--qwen3-4b-incumbent-bestof4-raw--coedit-large-research,rc-01,reference_coreference,"Nina sent Priya the revised chart after Priya noticed the labeling error. She had already fixed the colors, so the only remaining change was the axis label.","After Priya noticed the labeling mistake, Nina sent Priya the revised chart. She had already repaired the colors, so all that remained was the label for the axes.","Nina sent Priya the revised chart after Priya noticed the labeling error. She had already corrected the colors, so the only remaining change was the axis label.",,,,,,,,,,,,
rc-02--qwen3-4b-incumbent-bestof4-raw--coedit-large-research,rc-02,reference_coreference,The advisor told the student that the registrar had not received the form. The student emailed the registrar that afternoon and learned that the attachment had been blocked by the mail system.,The advisor informed the student that the registrar had not received the form. The student then emailed the registrar that afternoon and found out that the attachment had been blocked by the mail system.,The advisor informed the student that the form had not been received. The student emailed the registrar that afternoon and discovered that the attachment had been blocked by the mail system.,,,,,,,,,,,,
rc-03--qwen3-4b-incumbent-bestof4-raw--coedit-large-research,rc-03,reference_coreference,"The battery warning appeared after the laptop was connected to the dock. Removing the dock made the warning disappear, which suggests the dock or its power adapter may be involved.","When the laptop was connected to the dock, the battery warning disappeared when the dock was removed, suggesting the dock or its power adapter was involved.","The battery warning appeared after the laptop was connected to the dock. Removing the dock caused the warning to disappear, suggesting that the dock or its power adapter may be the source of the issue.",,,,,,,,,,,,
rc-04--qwen3-4b-incumbent-bestof4-raw--coedit-large-research,rc-04,reference_coreference,"Ava reviewed Liam's notes before he submitted the report. She corrected two dates in the notes, but he chose not to change the wording of the report itself.","Before Liam submitted the report, Ava checked the notes and corrected two dates, but he did not change the wording of the report itself.","Ava reviewed Liam's notes before he submitted the report. She corrected two dates in the notes, but he decided not to change the wording of the report itself.",,,,,,,,,,,,
rc-05--qwen3-4b-incumbent-bestof4-raw--coedit-large-research,rc-05,reference_coreference,"The first server sends logs to the backup server every hour. If it stops responding, the backup keeps the most recent copy but does not automatically become the primary server.","The first server sends logs to the backup server every hour. If the primary server stops responding, the backup retains the most recent copy but does not automatically become the primary server.","Every hour, the primary server sends logs to the backup server. The backup server keeps the latest copy, but does not automatically become the primary server.",,,,,,,,,,,,
rc-06--qwen3-4b-incumbent-bestof4-raw--coedit-large-research,rc-06,reference_coreference,The committee asked the vendor to revise the estimate because its labor total did not match the hours listed in the proposal. The vendor agreed to check the calculation before the next meeting.,"The Committee requested the supplier to revise the estimate, because its labor total did not match the hours listed in the proposal The supplier agreed to verify the calculation before the next meeting.",The committee requested that the vendor revise the estimate since the total labor cost did not align with the hours listed in the proposal. The vendor agreed to review the calculation before the next meeting.,,,,,,,,,,,,
mp-01--qwen3-4b-incumbent-bestof4-raw--coedit-large-research,mp-01,modality_negation_precision,"The change might reduce startup time, but we do not have enough measurements to say that it definitely does. For now, the result should be treated as promising rather than conclusive.","The change may reduce startup time, but we do not have enough measurements to confirm that it definitely does. For now, the result should be considered promising rather than conclusive.","This change may reduce startup times, but we don't have enough measurements yet to see if this is definitely the case. Until then, it's best to consider this as a promising result rather than a definitive result.",,,,,,,,,,,,
mp-02--qwen3-4b-incumbent-bestof4-raw--coedit-large-research,mp-02,modality_negation_precision,"I would prefer to take the morning section, although I can attend the afternoon section if the morning one is full. I am not asking to be moved unless a seat is actually available.","I'd rather go to the morning part, but if the afternoon part is full, I'll take the afternoon part. I don't want to be moved unless there's a seat available.","I would prefer to take the morning section, but I am willing to attend the afternoon section if the morning one is full. I am not asking to be moved unless a seat actually becomes available.",,,,,,,,,,,,
mp-03--qwen3-4b-incumbent-bestof4-raw--coedit-large-research,mp-03,modality_negation_precision,"The sensor can detect a temperature change, but it cannot tell us what caused that change. A sudden increase could come from the heater, direct sunlight, or another source.","The sensor can detect a change in temperature, but it cannot tell us what caused it. A sudden increase in temperature may be caused by a heat pump, direct sunlight or another source.","The sensor can detect a temperature change, but it cannot determine the cause of that change. A sudden increase could result from the heater, direct sunlight, or another source.",,,,,,,,,,,,
mp-04--qwen3-4b-incumbent-bestof4-raw--coedit-large-research,mp-04,modality_negation_precision,The policy says employees should report suspected errors; it does not say they must prove an error occurred before reporting it.,"The policy states that employees should report suspected errors, but it does not require them to prove an error occurred before reporting it.",It does not say that employees must prove an error has occurred before reporting it.,,,,,,,,,,,,
mp-05--qwen3-4b-incumbent-bestof4-raw--coedit-large-research,mp-05,modality_negation_precision,"There is no evidence that the file was deleted intentionally. It may have been removed during cleanup, but the logs are incomplete, so that explanation is only a possibility.","There is no evidence that the file was intentionally deleted. It could have been removed during cleanup, but the logs are incomplete, so that explanation is only a possibility.","There is no evidence that the file was intentionally deleted. It might have been deleted during the cleaning, but the logs are incomplete, so it is only a possibility.",,,,,,,,,,,,
mp-06--qwen3-4b-incumbent-bestof4-raw--coedit-large-research,mp-06,modality_negation_precision,"The medication is expected to help most patients, but it does not guarantee that every patient will improve. Anyone with questions should speak with a clinician rather than changing the dose on their own.","It is expected that most patients will benefit from this medicine, but it does not guarantee that all patients will improve. Patients who have questions should consult a doctor rather than change the dose alone.","The medication is expected to help most patients, but it does not guarantee that every patient will improve. Those with questions should consult a clinician rather than adjusting the dose on their own.",,,,,,,,,,,,
fa-01--qwen3-4b-incumbent-bestof4-raw--coedit-large-research,fa-01,factual_anchors,"On September 14, 2026, Maya Chen paid $184.75 for the replacement part. The receipt says the part can be returned within 30 days if it has not been installed.","On September 14, 2026, Maya Chen paid $184.75 for a replacement part. The receipt states that the part can be returned within 30 days if it has not been installed.","Maya Chen paid $184.75 for the replacement part on September 14, 2026, and the receipt said that the part could be returned within 30 days if it hadn't been installed.",,,,,,,,,,,,
fa-02--qwen3-4b-incumbent-bestof4-raw--coedit-large-research,fa-02,factual_anchors,The lab recorded a pH of 6.4 before treatment and 7.1 afterward. The report calls the change 'modest but consistent' across the five samples.,"The laboratory recorded a pH of 6.4 before treatment and 7.1 afterward, which was referred to as 'modest but uniform' in all five specimens.","The lab recorded a pH of 6.4 before treatment and 7.1 after treatment. The report describes the change as ""modest but consistent"" across the five samples.",,,,,,,,,,,,
fa-03--qwen3-4b-incumbent-bestof4-raw--coedit-large-research,fa-03,factual_anchors,"Jordan Lee emailed the draft to review@example.org at 3:40 p.m. The subject line was 'Budget revision v2,' and the attachment was 2.8 MB.","Jordan Lee sent the draft to review@example.org at 3:40 p.m. The subject line was ""Budget revision v2,"" and the attachment was 2.8 MB.",At 3:40 p.m. Jordan Lee sent a draft to review@example.org under the heading 'Budget revision v2' and attached a 2.8 MB file.,,,,,,,,,,,,
fa-04--qwen3-4b-incumbent-bestof4-raw--coedit-large-research,fa-04,factual_anchors,"Section 4.2 requires a backup every 12 hours, not once per day. The exception applies only to systems that are offline for maintenance.","Section 4.2 specifies that a backup should occur every 12 hours, not once per day. This exception applies only to systems that are offline for maintenance.",Only systems that is offline for maintenance are covered by Section 4.2.,,,,,,,,,,,,
fa-05--qwen3-4b-incumbent-bestof4-raw--coedit-large-research,fa-05,factual_anchors,"The shipment contained 18 blue units and 7 gray units. Two blue units were damaged, so the usable total was 23 units.","The shipment included 18 blue units and 7 gray units. Two of the blue units were damaged, resulting in a usable total of 23 units.","The shipment included 18 blue units and 7 gray units. Two blue units were damaged, so the total number of usable units were 23.",,,,,,,,,,,,
fa-06--qwen3-4b-incumbent-bestof4-raw--coedit-large-research,fa-06,factual_anchors,"The study ran from January through March 2026 and included 126 participants. Of those participants, 54 completed both follow-up surveys.","The study took place from January through March 2026 and involved 126 participants. Of these participants, 54 completed both follow-up surveys.",The study was carried out between January and March 2026 and 126 participants were involved and 54 completed both of the follow-up surveys.,,,,,,,,,,,,
gm-01--qwen3-4b-incumbent-bestof4-raw--coedit-large-research,gm-01,grammar_minimal_edit,The results was surprising because each of the samples were collected under the same conditions. I don't think the difference come from the equipment.,"The results were astonished, since all the samples had been taken under identical conditions. I don't think the difference has anything to do with the equipment.",The results were surprising because each sample was collected under the same conditions. I don't think the difference came from the equipment.,,,,,,,,,,,,
gm-02--qwen3-4b-incumbent-bestof4-raw--coedit-large-research,gm-02,grammar_minimal_edit,"She has went to the tutoring center twice this week, and both visits has helped her understand the material better.","She's been to the tutoring center twice this week, and both visits have made her understand the subject better.","She has gone to the tutoring center twice this week, and both visits have helped her understand the material better.",,,,,,,,,,,,
gm-03--qwen3-4b-incumbent-bestof4-raw--coedit-large-research,gm-03,grammar_minimal_edit,"There is several reasons the schedule need to change, but the main one are that the current times conflict with lab.","There are several reasons why the schedule needs to change, but the main one is that the current times conflict with lab sessions.","There's a lot of reasons to modify the program, but the main one's the fact that the present time clashes with the lab.",,,,,,,,,,,,
gm-04--qwen3-4b-incumbent-bestof4-raw--coedit-large-research,gm-04,grammar_minimal_edit,The advisor suggested me to wait until the final grade posts before I submit a new request.,The advisor recommended that I wait until the final grades are posted before submitting a new request.,I was advised to wait until my final grade was published before I submitted a new application.,,,,,,,,,,,,
gm-05--qwen3-4b-incumbent-bestof4-raw--coedit-large-research,gm-05,grammar_minimal_edit,Neither the new instructions nor the example explain what happens if a student submit the form late.,Neither the new instructions nor the example clarify what happens if a student submits the form late.,What happens if a student submits the form late does not appear in the new instructions nor in the example.,,,,,,,,,,,,
gm-06--qwen3-4b-incumbent-bestof4-raw--coedit-large-research,gm-06,grammar_minimal_edit,"I was planning on finishing it yesterday, but the files I needed wasn't available until this morning.","I was planning to finish it yesterday, but the files I needed weren't available until this morning.","I planned to finish it yesterday, but the files I needed were not available until this morning.",,,,,,,,,,,,
ss-01--qwen3-4b-incumbent-bestof4-raw--coedit-large-research,ss-01,sentence_structure,The deadline moved to Friday. Because the vendor sent the corrected estimate late. Which gave the team less time to review the numbers.,"The deadline was moved to Friday because the vendor sent the corrected estimate late, which gave the team less time to review the numbers.","The deadline had been moved to Friday, because the supplier had sent the corrected estimate late, which had given the group less time to examine the data.",,,,,,,,,,,,
ss-02--qwen3-4b-incumbent-bestof4-raw--coedit-large-research,ss-02,sentence_structure,I opened the dashboard the totals looked wrong I refreshed the page nothing changed so I checked the raw file and found two duplicated rows.,"I opened the dashboard, and the totals looked wrong. I refreshed the page, but nothing changed. Then I checked the raw file and found two duplicated rows.","When I opened the Dashboard, the totals seemed wrong. I refreshed the page, nothing changed, so I checked the raw file and found two duplicate rows.",,,,,,,,,,,,
ss-03--qwen3-4b-incumbent-bestof4-raw--coedit-large-research,ss-03,sentence_structure,"After reviewing the application, the missing transcript was obvious to the advisor. The student had uploaded the other documents correctly.","After reviewing the application, the advisor found the missing transcript to be obvious. The student had correctly uploaded the other documents.","The advisor realized that the missing transcript was obvious after the application had been reviewed, while the student had correctly submitted the remaining documents.",,,,,,,,,,,,
ss-04--qwen3-4b-incumbent-bestof4-raw--coedit-large-research,ss-04,sentence_structure,"The internship requires writing weekly summaries, to attend a Friday meeting, and completing one final presentation.","The internship involves writing weekly summaries, attending a Friday meeting, and completing one final presentation.","The internship calls for weekly reports, a Friday meeting, and a final presentation.",,,,,,,,,,,,
ss-05--qwen3-4b-incumbent-bestof4-raw--coedit-large-research,ss-05,sentence_structure,"The first meeting was scheduled for Monday, but two people could not attend, and then it moved to Wednesday, and the room was unavailable, so now it is Thursday afternoon.","The first meeting was scheduled for Monday, but two people could not attend, so it was moved to Wednesday. However, the room was unavailable, and now it is scheduled for Thursday afternoon.","The first meeting was scheduled for Monday, but two people were unable to attend, so it was rescheduled for Wednesday and the room was not available, so it was held on Thursday afternoon.",,,,,,,,,,,,
ss-06--qwen3-4b-incumbent-bestof4-raw--coedit-large-research,ss-06,sentence_structure,The report includes the survey results. Along with a short explanation of the sampling method and why the response rate matters.,"The report includes the survey results, along with a brief explanation of the sampling method and the importance of the response rate.",The results of the survey and a brief explanation of the sampling method and the importance of the response rate are included in the report.,,,,,,,,,,,,
lc-01--qwen3-4b-incumbent-bestof4-raw--coedit-large-research,lc-01,lexical_collocation,The new checklist made a strong improvement in how consistently the team records equipment problems. People are now more likely to include the exact error message instead of a general description.,The new checklist significantly improved the team's consistency in recording equipment problems. People are now more likely to include the exact error message rather than a general description.,"The new checklist has made a significant improvement in the consistency of the team's recording of technical problems, and people are more likely to record the exact error description rather than the general description.",,,,,,,,,,,,
lc-02--qwen3-4b-incumbent-bestof4-raw--coedit-large-research,lc-02,lexical_collocation,"The professor gave a heavy warning that late submissions would receive a penalty. The warning was clear, but the exact size of the penalty was not listed.","The professor issued a clear warning that late submissions would incur a penalty. While the warning was straightforward, the specific details of the penalty were not provided.","The professor had given a strong warning that late submissions would be subject to a fine, but the exact amount of the fine was not given.",,,,,,,,,,,,
lc-03--qwen3-4b-incumbent-bestof4-raw--coedit-large-research,lc-03,lexical_collocation,The software performed a decision to close the connection after three failed attempts. That behavior prevents the client from waiting forever for a response.,The software closes the connection after three failed attempts. This behavior prevents the client from waiting indefinitely for a response.,This behaviour prevents the client from waiting forever for a response from the software.,,,,,,,,,,,,
lc-04--qwen3-4b-incumbent-bestof4-raw--coedit-large-research,lc-04,lexical_collocation,"The survey received a large interest from first-year students, especially those looking for evening sections. Interest from returning students was more moderate.","The survey generated significant interest among first-year students, particularly those seeking evening sections. Interest from returning students was more moderate.","First-year students, especially those looking for evening courses, were most interested in the survey.",,,,,,,,,,,,
lc-05--qwen3-4b-incumbent-bestof4-raw--coedit-large-research,lc-05,lexical_collocation,The team made an investigation into why the request failed and discovered that the token had expired. Renewing the token solved the problem immediately.,The team searched for the reason for the error and discovered that the token had expired.,The team investigated the reason for the request failure and found that the token had expired. Renewing the token resolved the issue immediately.,,,,,,,,,,,,
lc-06--qwen3-4b-incumbent-bestof4-raw--coedit-large-research,lc-06,lexical_collocation,"The explanation is technically correct, but the wording feels unusually bookish for a short message to classmates. I want it to sound normal without making it childish.","The explanation is technically correct, but the wording is unusually formal for a short message to classmates. I'd like it to sound normal, but not too childish.","The explanation is technically correct, but the wording feels overly formal for a short message to classmates. I want it to sound natural without coming across as childish.",,,,,,,,,,,,
rt-01--qwen3-4b-incumbent-bestof4-raw--coedit-large-research,rt-01,register_tone,"hey, just checking if friday at 3 still works for you. if not no worries, i can do later that afternoon too.","Hey, I'm checking if Friday at 3 works for you, if not, I can do it later in the afternoon, too.","Just checking if Friday at 3 still works for you. If not, I can adjust to a later time that afternoon.",,,,,,,,,,,,
rt-02--qwen3-4b-incumbent-bestof4-raw--coedit-large-research,rt-02,register_tone,"The whole signup process was honestly kind of a mess, but the staff member who helped me was great and got it sorted out pretty fast.","The whole signup process was a real mess, but the staff member who assisted me was very helpful and resolved it very quickly.","The entire signup process was honestly a bit of a mess, but the staff member who helped me was great and got it sorted out pretty quickly.",,,,,,,,,,,,
rt-03--qwen3-4b-incumbent-bestof4-raw--coedit-large-research,rt-03,register_tone,"I am writing to ask whether it would be possible to take the exam earlier that day. I have a required lab immediately afterward, so an earlier time would help me avoid a conflict.","I'd like to know if it's possible for me to take the exam the day after tomorrow, because I've got a lab appointment right afterward, so an earlier time would be good for me to avoid a conflict.","I am writing to ask if it would be possible to take the exam earlier in the day. I have a required lab immediately after, so an earlier time would help me avoid a conflict.",,,,,,,,,,,,
rt-04--qwen3-4b-incumbent-bestof4-raw--coedit-large-research,rt-04,register_tone,"ngl I thought the tutorial was gonna be useless, but it actually explained the one part I kept getting wrong. I still would not watch the whole thing again.","Honestly, I thought the tutorial would be useless, but it actually clarified the one part I was struggling with. I still wouldn’t watch the whole thing again.","Ngl I'd thought the tutorial was useless, but it actually explained one thing that I'd always made a mistake. And I still wouldn't do it again.",,,,,,,,,,,,
rt-05--qwen3-4b-incumbent-bestof4-raw--coedit-large-research,rt-05,register_tone,"The proposal is solid overall, but the budget section feels a little shaky because several costs are estimates instead of quotes. I would double-check those numbers before sending it.","The proposal is solid, but the budget section is a bit sloppy because the cost of some of the expenditure is estimated rather than quotations. I would double-check those numbers before sending it.","The proposal is generally strong, but the budget section seems a bit uncertain because several costs are estimates rather than confirmed quotes. I would recommend verifying those figures before sending it.",,,,,,,,,,,,
rt-06--qwen3-4b-incumbent-bestof4-raw--coedit-large-research,rt-06,register_tone,"I appreciate the quick response. I am still confused about whether the form goes back to your office or directly to the testing center, so I want to make sure I send it to the right place.","I'm still confused about whether the form should be sent back to your office or directly to the testing centre, so I want to be certain that I send it to the correct place.","I appreciate the quick response. I’m still unsure whether the form should be sent back to your office or directly to the testing center, so I want to make sure I send it to the correct location.",,,,,,,,,,,,
pu-01--qwen3-4b-incumbent-bestof4-raw--coedit-large-research,pu-01,paragraph_unity_redundancy,The main benefit of the new form is that it asks for all required information in one place. That is useful because people no longer have to send a second email with missing details. The form is beneficial because it reduces the need for follow-up messages about information that was left out.,The main benefit of the new form is that it consolidates all required information in one place. This is useful because people no longer need to send a second email with missing details. The form is beneficial because it reduces the need for follow-up messages regarding missing information.,"The main advantage of the new form is that it asks for all the information that is needed in one place, so that people do not have to send a second email with the missing information.",,,,,,,,,,,,
pu-02--qwen3-4b-incumbent-bestof4-raw--coedit-large-research,pu-02,paragraph_unity_redundancy,"The lab report should explain why the result matters, not only list the measurements. The measurements still need to be included because they support the explanation. A good report connects the data to the conclusion instead of treating them as separate pieces.","The laboratory report should explain why the result is important, not just list the measurements. The measurements should still be included in the lab report because they support the explanation. A good lab report links the data to the conclusion rather than treating them separately.","The lab report should explain why the results are significant, not just list the measurements. The measurements are still necessary because they provide support for the explanation. A good report links the data to the conclusion rather than treating them as separate elements.",,,,,,,,,,,,
pu-03--qwen3-4b-incumbent-bestof4-raw--coedit-large-research,pu-03,paragraph_unity_redundancy,I use the calendar mostly to avoid missing small deadlines. It also helps me see when several assignments pile up in the same week. I like dark mode in most apps because bright screens bother me at night.,"I'm mostly using the calendar to avoid missing small deadlines, but also to see when a lot of work takes place at the same time. I like dark mode on most applications, because I don't like bright screens at night.",I use the calendar mainly to avoid missing small deadlines. It also helps me keep track of when multiple assignments accumulate in the same week. I prefer dark mode in most apps because bright screens irritate me at night.,,,,,,,,,,,,
pu-04--qwen3-4b-incumbent-bestof4-raw--coedit-large-research,pu-04,paragraph_unity_redundancy,"The update reduced the time needed to open large projects. Startup is faster now, and opening a large project takes less time than before. The improvement is most noticeable on projects with many files.","The update has made it easier to start large projects, and it takes less time to open a large project than it used to. This improvement is particularly noticeable in projects with a lot of files.","The update reduced the time required to open large projects. Startup is now faster, and opening a large project takes less time than it did before. The improvement is most noticeable in projects with many files.",,,,,,,,,,,,
pu-05--qwen3-4b-incumbent-bestof4-raw--coedit-large-research,pu-05,paragraph_unity_redundancy,The discussion board was more useful once people started responding to specific points instead of posting generic agreement. Those specific replies gave the original writer something concrete to answer. That made the conversation feel more like an actual discussion.,"The discussion board became more useful when people began responding to specific points rather than posting general agreement. These specific replies provided the original writer with something concrete to address, making the conversation feel more like a real discussion.","As soon as people started answering specific questions rather than just agreeing, the discussion board became more useful.",,,,,,,,,,,,
pu-06--qwen3-4b-incumbent-bestof4-raw--coedit-large-research,pu-06,paragraph_unity_redundancy,"The first two steps of the setup are simple, but the third step assumes the user already knows where the configuration file is stored. That missing explanation is the main reason the instructions feel harder than the process actually is.","The first two steps are simple, but the third requires the user to already know where the configuration file is stored. This lack of explanation is the main reason the instructions feel more complicated than it really is.","The first two steps of the setup are straightforward, but the third step assumes the user already knows where the configuration file is stored. This missing explanation is the main reason the instructions feel more complicated than the process actually is.",,,,,,,,,,,,
ai-01--qwen3-4b-incumbent-bestof4-raw--coedit-large-research,ai-01,ambiguity_non_invention,"The meeting did not go the way I expected. Something came up near the end, and we decided to revisit the issue next week.","The meeting did not go as I had expected. Near the end, something arose, and we decided to revisit the issue next week.","The meeting didn't go as I had expected, and at the end something happened that made us think about it again next week.",,,,,,,,,,,,
ai-02--qwen3-4b-incumbent-bestof4-raw--coedit-large-research,ai-02,ambiguity_non_invention,"The file disappeared sometime after lunch. I checked the shared folder and my downloads, but I still do not know whether it was moved, renamed, or deleted.","The file disappeared after lunch. I checked the shared folder and my downloads, but I still don't know if it was moved, renamed, or deleted.","I've looked at the shared folder and downloaded it, but I still don't know whether it was moved, renamed or deleted after lunch.",,,,,,,,,,,,
ai-03--qwen3-4b-incumbent-bestof4-raw--coedit-large-research,ai-03,ambiguity_non_invention,"People have raised concerns about the new process, but the notes do not say how many people complained or which part of the process bothered them.","Concerns have been raised about the new process, but the notes do not specify how many people complained or which aspect of the process was problematic.","People complained about the new procedure, but the reports do not say how many complained or what parts of the procedure were bothering them.",,,,,,,,,,,,
ai-04--qwen3-4b-incumbent-bestof4-raw--coedit-large-research,ai-04,ambiguity_non_invention,"The test failed after the configuration changed, but that timing alone does not prove the configuration caused the failure. No one has reproduced the problem yet.","The test failed after the configuration changed, but the timing alone does not prove that the configuration caused the failure. No one has yet reproduced the problem.","No one has yet reproduced the error after changing the configuration, but the timing alone does not prove the error was caused by the configuration.",,,,,,,,,,,,
ai-05--qwen3-4b-incumbent-bestof4-raw--coedit-large-research,ai-05,ambiguity_non_invention,"The instructor said my explanation needs more support. I am not sure whether she wants another source, a better example, or a clearer connection to the evidence I already used.","The instructor mentioned that my explanation needs more support. I'm not sure if she wants another source, a better example, or a clearer connection to the evidence I already used.","I don't know whether he wants a different source, a better example, or a clearer connection to the evidence I've already used.",,,,,,,,,,,,
ai-06--qwen3-4b-incumbent-bestof4-raw--coedit-large-research,ai-06,ambiguity_non_invention,The package arrived with damage on one corner. I cannot tell whether the item inside is damaged because I have not opened the box yet.,The package arrived with damage on one corner. I cannot determine if the item inside is damaged because I have not yet opened the box.,"I haven't opened the package yet, so I can't see if the contents are damaged.",,,,,,,,,,,,
me-01--qwen3-4b-incumbent-bestof4-raw--minicpm5-2b,me-01,meaning_equivalence,"I started using the new study schedule about two weeks ago. It has not made studying easier, but I waste less time deciding what to work on, which is why I plan to keep using it.","I've been using the new study schedule for about two weeks. It hasn't made studying easier, but I've found that I waste less time deciding what to work on. That's why I plan to keep using it.","I started using the new study schedule two weeks ago. It hasn't made studying easier, but I waste less time deciding what to focus on, which is why I plan to continue using it.",,,,,,,,,,,,
me-02--qwen3-4b-incumbent-bestof4-raw--minicpm5-2b,me-02,meaning_equivalence,"The update looks smaller than the previous release because most of the changes are behind the scenes. The interface barely changed, but loading large files is noticeably faster on my laptop.","The update appears smaller than the previous release because most of the changes are behind the scenes. The interface has changed very little, but loading large files is noticeably faster on my laptop.","The update looks smaller than the previous release because most of the changes are behind the scenes. The interface barely changed, but loading large files are noticeably faster on my laptop.",,,,,,,,,,,,
me-03--qwen3-4b-incumbent-bestof4-raw--minicpm5-2b,me-03,meaning_equivalence,"I liked the presentation overall even though the first section dragged a little. Once the examples started, the argument became much easier to follow and the final recommendation made sense.","I liked the presentation overall, even though the first section dragged a little. Once the examples started, the argument became much easier to follow, and the final recommendation made sense.","I liked the presentation overall, even though the first section was a bit slow. Once the examples began, the argument became much clearer, and the final recommendation made sense.",,,,,,,,,,,,
me-04--qwen3-4b-incumbent-bestof4-raw--minicpm5-2b,me-04,meaning_equivalence,The class is not difficult because of the amount of reading. The harder part is keeping track of several small assignments that are due on different days each week.,The class isn't difficult because of the amount of reading. The real challenge lies in keeping up with several small assignments that are due on different days each week.,The class isn't difficult because of the amount of reading. The harder part is keeping track of several small assignments that is due on different days each week.,,,,,,,,,,,,
me-05--qwen3-4b-incumbent-bestof4-raw--minicpm5-2b,me-05,meaning_equivalence,"My first draft was longer, but it was not actually more detailed. I had repeated the same point in several ways, so cutting those sentences made the explanation clearer without removing evidence.","My first draft was longer, but it wasn't actually more detailed. I had repeated the same point in several ways, so cutting those sentences made the explanation clearer without removing evidence.","My first draft was longer, but it wasn't more detailed. I had repeated the same point in several ways, so cutting those sentences made the explanation clearer without removing evidence.",,,,,,,,,,,,
me-06--qwen3-4b-incumbent-bestof4-raw--minicpm5-2b,me-06,meaning_equivalence,"The professor did not say the proposal was wrong. She said the main idea was promising, but the evidence was too limited to support the conclusion yet.","The professor did not say the proposal was incorrect. She noted that the main idea was promising, but the evidence was too limited to fully support the conclusion at this time.","The professor did not say the proposal was wrong. She said the main idea was promising, but the evidence was too limited to support the conclusion yet.",,,,,,,,,,,,
co-01--qwen3-4b-incumbent-bestof4-raw--minicpm5-2b,co-01,cohesion_known_new,The biology lab introduced a new microscope camera last week. The camera can save images directly to the lab computers. Those saved images make it easier for students to compare samples after class.,The biology lab introduced a new microscope camera last week. The camera can save images directly to the lab computers. Those saved images make it easier for students to compare samples after class.,"The biology lab introduced a new microscope camera last week. The camera allows images to be saved directly to the lab computers, making it easier for students to compare samples after class.",,,,,,,,,,,,
co-02--qwen3-4b-incumbent-bestof4-raw--minicpm5-2b,co-02,cohesion_known_new,"The team found three duplicate records during the audit. Those duplicates came from an old import script. The script had been retired months ago, but its records were still present in the database.","The team identified three duplicate records during the audit. These duplicates originated from an old import script. The script had been retired months ago, but its records remained in the database.","The team found three duplicate records during the audit. Those duplicates came from an old import script. The script had been retired months ago, but its records were still present in the database.",,,,,,,,,,,,
co-03--qwen3-4b-incumbent-bestof4-raw--minicpm5-2b,co-03,cohesion_known_new,"A late shipment delayed the first test run. Because the test started late, the team had only one afternoon to review the results. That shorter review period is why several minor issues were not caught until the next day.","A late shipment was delayed the first test run. Because the test started late, the team had only one afternoon to review the results. That shorter review period is why several minor issues were not caught until the next day.","A late shipment delayed the first test run. As a result, the team had only one afternoon to review the results. The shorter review period led to several minor issues not being identified until the next day.",,,,,,,,,,,,
co-04--qwen3-4b-incumbent-bestof4-raw--minicpm5-2b,co-04,cohesion_known_new,"The survey showed that students wanted more evening tutoring. That preference was strongest among students who work during the day. Their schedules make daytime appointments difficult, so the department is considering a later tutoring block.","The survey indicated that students wanted more evening tutoring. This preference was most pronounced among students who work during the day. Their busy schedules make daytime tutoring appointments challenging, so the department is considering adding a later tutoring block.","The survey showed that students wanted more evening tutoring. That preference was strongest among students who work during the day. Their schedules make daytime appointments difficult, so the department is considering a later tutoring block.",,,,,,,,,,,,
co-05--qwen3-4b-incumbent-bestof4-raw--minicpm5-2b,co-05,cohesion_known_new,"The app stores approved examples in a local file. That file is loaded when the app starts and provides a small set of writing preferences. Those preferences can change ranking, but they do not override the safety checks.","App stores approve examples in a local file. That file is loaded when the app starts and provides a small set of writing preferences. Those preferences can change ranking, but they do not override the safety checks.","The app stores approved examples in a local file. This file is loaded when the app starts and offers a limited set of writing preferences. These preferences can affect the ranking, but they do not override the safety checks.",,,,,,,,,,,,
co-06--qwen3-4b-incumbent-bestof4-raw--minicpm5-2b,co-06,cohesion_known_new,"The first experiment used a smaller sample than planned. The smaller sample reduced the amount of data available for comparison. That limitation does not invalidate the experiment, but it makes the result less certain.","The first experiment used a smaller sample than planned. The smaller sample reduced the amount of data available for comparison. That limitation does not invalidate the experiment, but it makes the result less certain.","The first experiment used a smaller sample than planned. This smaller sample reduced the amount of data available for comparison. While the limitation does not invalidate the experiment, it makes the results less certain.",,,,,,,,,,,,
lr-01--qwen3-4b-incumbent-bestof4-raw--minicpm5-2b,lr-01,logical_relations,"The printer was working in the morning, but it stopped after the network settings were changed. Because the other printers stayed online, the technician thinks the problem is local to that machine rather than the whole network.","The printer was working in the morning, but it stopped after the network settings were changed. Because the other printers stayed online, the technician thinks the problem is local to that machine rather than the whole network.","The printer was working in the morning but stopped after the network settings were changed. Since the other printers remained online, the technician believes the issue is specific to that machine rather than the entire network.",,,,,,,,,,,,
lr-02--qwen3-4b-incumbent-bestof4-raw--minicpm5-2b,lr-02,logical_relations,"If the weather stays clear, the field work will begin Thursday. If it rains, the team will use Thursday for equipment checks instead and move the field work to Friday.","If the weather stays clear, field work will begin Thursday. If it rains, the team will use Thursday for equipment checks instead and move the field work to Friday.","If the weather remains clear, the field work will start on Thursday. If it rains, the team will use Thursday for equipment checks and move the field work to Friday.",,,,,,,,,,,,
lr-03--qwen3-4b-incumbent-bestof4-raw--minicpm5-2b,lr-03,logical_relations,"The new process takes one extra step at the beginning, yet it usually saves time later because fewer requests are returned for missing information.","The new process includes an additional step at the beginning, but it often saves time later because it results in fewer requests for missing information.","The new process adds one extra step at the beginning, yet it usually saves time later because fewer requests are returned for missing information.",,,,,,,,,,,,
lr-04--qwen3-4b-incumbent-bestof4-raw--minicpm5-2b,lr-04,logical_relations,Maya finished the data cleanup before Jordan ran the analysis. That order matters because the earlier version of the dataset still contained duplicate rows.,Maya finished the data cleanup before Jordan ran the analysis. That order matters because the earlier version of the dataset still contained duplicate rows.,Maya completed the data cleanup before Jordan ran the analysis. The order was important because the earlier version of the dataset still had duplicate rows.,,,,,,,,,,,,
lr-05--qwen3-4b-incumbent-bestof4-raw--minicpm5-2b,lr-05,logical_relations,"Although the pilot did not reach its enrollment target, the participants who completed it reported fewer scheduling conflicts. The department therefore wants another trial before deciding whether to expand the program.","Although the pilot did not meet its enrollment target, participants who completed it reported fewer scheduling conflicts. The department therefore wants to conduct another trial before deciding whether to expand the program.","Although the pilot did not reach its enrollment target, the participants who completed it reported fewer scheduling conflicts. The department therefore wants another trial before deciding whether to expand the program.",,,,,,,,,,,,
lr-06--qwen3-4b-incumbent-bestof4-raw--minicpm5-2b,lr-06,logical_relations,"The first draft explains what happened, whereas the second draft explains why it happened. Both are accurate, but the second is more useful for the report because the assignment asks for analysis rather than summary.","The first draft explains what happened, whereas the second draft explains why it happened. Both are accurate, but the second is more useful for the report because the assignment asks for analysis rather than summary.","The first draft describes what happened, while the second draft explains why it happened. Both are accurate, but the second is more useful for the report because the assignment requires analysis rather than a summary.",,,,,,,,,,,,
rc-01--qwen3-4b-incumbent-bestof4-raw--minicpm5-2b,rc-01,reference_coreference,"Nina sent Priya the revised chart after Priya noticed the labeling error. She had already fixed the colors, so the only remaining change was the axis label.","Nina sent Priya the revised chart after Priya noticed the labeling error. She had already fixed the colors, so the only remaining change was the axis label.","Nina sent Priya the revised chart after Priya noticed the labeling error. She had already corrected the colors, so the only remaining change was the axis label.",,,,,,,,,,,,
rc-02--qwen3-4b-incumbent-bestof4-raw--minicpm5-2b,rc-02,reference_coreference,The advisor told the student that the registrar had not received the form. The student emailed the registrar that afternoon and learned that the attachment had been blocked by the mail system.,The advisor informed the student that the registrar had not received the form. The student then emailed the registrar that afternoon and found out that the attachment had been blocked by the mail system.,The advisor told the student that the registrar had not received the form. The student emailed the registrar that afternoon and learned that the attachment had been blocked by the mail system.,,,,,,,,,,,,
rc-03--qwen3-4b-incumbent-bestof4-raw--minicpm5-2b,rc-03,reference_coreference,"The battery warning appeared after the laptop was connected to the dock. Removing the dock made the warning disappear, which suggests the dock or its power adapter may be involved.","The battery warning appeared after the laptop was connected to the dock. Removing the dock made the warning disappear, which suggests the dock or its power adapter may be involved.","The battery warning appeared after the laptop was connected to the dock. Removing the dock caused the warning to disappear, suggesting that the dock or its power adapter may be the source of the issue.",,,,,,,,,,,,
rc-04--qwen3-4b-incumbent-bestof4-raw--minicpm5-2b,rc-04,reference_coreference,"Ava reviewed Liam's notes before he submitted the report. She corrected two dates in the notes, but he chose not to change the wording of the report itself.","Ava reviewed Liam's notes before he submitted the report. She corrected two dates in the notes, but he decided not to change the wording of the report itself.","Ava reviewed Liam's notes before he submitted the report. She corrected two dates in the notes, but he chose not to change the wording of the report itself.",,,,,,,,,,,,
rc-05--qwen3-4b-incumbent-bestof4-raw--minicpm5-2b,rc-05,reference_coreference,"The first server sends logs to the backup server every hour. If it stops responding, the backup keeps the most recent copy but does not automatically become the primary server.","The first server sends logs to the backup server every hour. If it stops responding, the backup keeps the most recent copy but does not automatically become the primary server.","The first server sends logs to the backup server every hour. If the primary server stops responding, the backup retains the most recent copy but does not automatically become the primary server.",,,,,,,,,,,,
rc-06--qwen3-4b-incumbent-bestof4-raw--minicpm5-2b,rc-06,reference_coreference,The committee asked the vendor to revise the estimate because its labor total did not match the hours listed in the proposal. The vendor agreed to check the calculation before the next meeting.,The committee requested that the vendor revise the estimate since the total labor cost did not align with the hours listed in the proposal. The vendor agreed to review the calculation before the next meeting.,The committee asked the vendor to revise the estimate because the labor total did not match the hours listed in the proposal. The vendor agreed to check the calculation before the next meeting.,,,,,,,,,,,,
mp-01--qwen3-4b-incumbent-bestof4-raw--minicpm5-2b,mp-01,modality_negation_precision,"The change might reduce startup time, but we do not have enough measurements to say that it definitely does. For now, the result should be treated as promising rather than conclusive.","The change may reduce startup time, but we do not have enough measurements to confirm that it definitely does. For now, the result should be considered promising rather than conclusive.","The change might reduce startup time, but we do not have enough measurements to say that it definitely does. For now, the result should be treated as promising rather than conclusive.",,,,,,,,,,,,
mp-02--qwen3-4b-incumbent-bestof4-raw--minicpm5-2b,mp-02,modality_negation_precision,"I would prefer to take the morning section, although I can attend the afternoon section if the morning one is full. I am not asking to be moved unless a seat is actually available.","I would prefer to take the morning section, although I can attend the afternoon section if the morning one is full. I am not asking to be moved unless a seat is actually available.","I would prefer to take the morning section, but I am willing to attend the afternoon section if the morning one is full. I am not asking to be moved unless a seat actually becomes available.",,,,,,,,,,,,
mp-03--qwen3-4b-incumbent-bestof4-raw--minicpm5-2b,mp-03,modality_negation_precision,"The sensor can detect a temperature change, but it cannot tell us what caused that change. A sudden increase could come from the heater, direct sunlight, or another source.","The sensor can detect a temperature change, but it cannot determine the cause of that change. A sudden increase could result from the heater, direct sunlight, or another source.","The sensor can detect a temperature change, but it cannot tell us what caused that change. A sudden increase could come from the heater, direct sunlight, or another source.",,,,,,,,,,,,
mp-04--qwen3-4b-incumbent-bestof4-raw--minicpm5-2b,mp-04,modality_negation_precision,The policy says employees should report suspected errors; it does not say they must prove an error occurred before reporting it.,"The policy states that employees should report suspected errors, but it does not require them to prove that an error actually occurred before making the report.","The policy states that employees should report suspected errors, but it does not require them to prove an error occurred before reporting it.",,,,,,,,,,,,
mp-05--qwen3-4b-incumbent-bestof4-raw--minicpm5-2b,mp-05,modality_negation_precision,"There is no evidence that the file was deleted intentionally. It may have been removed during cleanup, but the logs are incomplete, so that explanation is only a possibility.","There is no evidence that the file was intentionally deleted. It could have been removed during cleanup, but the logs are incomplete, so that explanation is only a possibility.","There is no evidence that the file was deleted intentionally. It may have been removed during cleanup, but the logs are incomplete, so that explanation is only a possibility.",,,,,,,,,,,,
mp-06--qwen3-4b-incumbent-bestof4-raw--minicpm5-2b,mp-06,modality_negation_precision,"The medication is expected to help most patients, but it does not guarantee that every patient will improve. Anyone with questions should speak with a clinician rather than changing the dose on their own.","The medication is expected to help most patients, but it does not guarantee that every patient will improve. Those with questions should consult a clinician rather than adjusting the dose on their own.","The medication is expected to help most patients, but it does not guarantee that every patient will improve. Anyone with questions should speak with a clinician rather than changing the dose on their own.",,,,,,,,,,,,
fa-01--qwen3-4b-incumbent-bestof4-raw--minicpm5-2b,fa-01,factual_anchors,"On September 14, 2026, Maya Chen paid $184.75 for the replacement part. The receipt says the part can be returned within 30 days if it has not been installed.","On September 14, 2026, Maya Chen paid $184.75 for a replacement part. The receipt states that the part can be returned within 30 days if it has not been installed.","On September 14, 2026, Maya Chen paid $184.75 for the replacement part. The receipt states that the part can be returned within 30 days if it has not been installed.",,,,,,,,,,,,
fa-02--qwen3-4b-incumbent-bestof4-raw--minicpm5-2b,fa-02,factual_anchors,The lab recorded a pH of 6.4 before treatment and 7.1 afterward. The report calls the change 'modest but consistent' across the five samples.,The lab recorded a pH of 6.4 before treatment and 7.1 afterward. The report calls the change 'modest but consistent' across the five samples.,"The lab recorded a pH of 6.4 before treatment and 7.1 after treatment. The report describes the change as ""modest but consistent"" across the five samples.",,,,,,,,,,,,
fa-03--qwen3-4b-incumbent-bestof4-raw--minicpm5-2b,fa-03,factual_anchors,"Jordan Lee emailed the draft to review@example.org at 3:40 p.m. The subject line was 'Budget revision v2,' and the attachment was 2.8 MB.","Jordan Lee emailed the draft to review@example.org at 3:40 p.m. The subject line was 'Budget revision v2,' and the attachment was 2.8 MB.","Jordan Lee sent the draft to review@example.org at 3:40 p.m. The subject line was ""Budget revision v2,"" and the attachment was 2.8 MB.",,,,,,,,,,,,
fa-04--qwen3-4b-incumbent-bestof4-raw--minicpm5-2b,fa-04,factual_anchors,"Section 4.2 requires a backup every 12 hours, not once per day. The exception applies only to systems that are offline for maintenance.","Section 4.2 specifies that a backup should occur every 12 hours, not once per day. This exception applies only to systems that are offline for maintenance.","Section 4.2 requires a backup every 12 hours, not once per day. The exception applies only to systems that is offline for maintenance.",,,,,,,,,,,,
fa-05--qwen3-4b-incumbent-bestof4-raw--minicpm5-2b,fa-05,factual_anchors,"The shipment contained 18 blue units and 7 gray units. Two blue units were damaged, so the usable total was 23 units.","The shipment contained 18 blue units and 7 gray units. Two blue units were damaged, so the usable total was 23 units.","The shipment included 18 blue units and 7 gray units. Two of the blue units were damaged, resulting in a usable total of 23 units.",,,,,,,,,,,,
fa-06--qwen3-4b-incumbent-bestof4-raw--minicpm5-2b,fa-06,factual_anchors,"The study ran from January through March 2026 and included 126 participants. Of those participants, 54 completed both follow-up surveys.","The study took place from January through March 2026 and involved 126 participants. Of these participants, 54 completed both follow-up surveys.","The study ran from January through March 2026 and included 126 participants. Of those participants, 54 completed both follow-up surveys.",,,,,,,,,,,,
gm-01--qwen3-4b-incumbent-bestof4-raw--minicpm5-2b,gm-01,grammar_minimal_edit,The results was surprising because each of the samples were collected under the same conditions. I don't think the difference come from the equipment.,The results were surprising because each of the samples was collected under the same conditions. I don't think the difference comes from the equipment.,The results were surprising because each sample was collected under the same conditions. I don't think the difference came from the equipment.,,,,,,,,,,,,
gm-02--qwen3-4b-incumbent-bestof4-raw--minicpm5-2b,gm-02,grammar_minimal_edit,"She has went to the tutoring center twice this week, and both visits has helped her understand the material better.","She has gone to the tutoring center twice this week, and both visits have helped her understand the material better.","She has gone to the tutoring center twice this week, and both visits have helped her understand the material better.",,,,,,,,,,,,
gm-03--qwen3-4b-incumbent-bestof4-raw--minicpm5-2b,gm-03,grammar_minimal_edit,"There is several reasons the schedule need to change, but the main one are that the current times conflict with lab.","There are several reasons why the schedule needs to change, but the main one is that the current times conflict with lab sessions.","There are several reasons the schedule needs to change, but the main one is that the current times conflict with the lab.",,,,,,,,,,,,
gm-04--qwen3-4b-incumbent-bestof4-raw--minicpm5-2b,gm-04,grammar_minimal_edit,The advisor suggested me to wait until the final grade posts before I submit a new request.,The advisor suggested that I wait until the final grade posts before I submit a new request.,The advisor recommended that I wait until the final grades are posted before submitting a new request.,,,,,,,,,,,,
gm-05--qwen3-4b-incumbent-bestof4-raw--minicpm5-2b,gm-05,grammar_minimal_edit,Neither the new instructions nor the example explain what happens if a student submit the form late.,Neither the new instructions nor the example clarify what happens if a student submits the form late.,Neither the new instructions nor the example explains what happens if a student submits the form is late.,,,,,,,,,,,,
gm-06--qwen3-4b-incumbent-bestof4-raw--minicpm5-2b,gm-06,grammar_minimal_edit,"I was planning on finishing it yesterday, but the files I needed wasn't available until this morning.","I was planning to finish it yesterday, but the files I needed weren't available until this morning.","I was planning to finish it yesterday, but the files I needed weren't available until this morning.",,,,,,,,,,,,
ss-01--qwen3-4b-incumbent-bestof4-raw--minicpm5-2b,ss-01,sentence_structure,The deadline moved to Friday. Because the vendor sent the corrected estimate late. Which gave the team less time to review the numbers.,"The deadline moved to Friday. Because the vendor sent the corrected estimate late, which gave the team less time to review the numbers.","The deadline was moved to Friday because the vendor sent the corrected estimate late, which gave the team less time to review the numbers.",,,,,,,,,,,,
ss-02--qwen3-4b-incumbent-bestof4-raw--minicpm5-2b,ss-02,sentence_structure,I opened the dashboard the totals looked wrong I refreshed the page nothing changed so I checked the raw file and found two duplicated rows.,"I opened the dashboard and noticed the totals looked wrong. I refreshed the page, but nothing changed, so I checked the raw file and found two duplicated rows.","I opened the dashboard, and the totals looked wrong. I refreshed the page, but nothing changed. Then I checked the raw file and found two duplicated rows.",,,,,,,,,,,,
ss-03--qwen3-4b-incumbent-bestof4-raw--minicpm5-2b,ss-03,sentence_structure,"After reviewing the application, the missing transcript was obvious to the advisor. The student had uploaded the other documents correctly.","After reviewing the application, the missing transcript was obvious to the advisor. The student had uploaded the other documents correctly.","After reviewing the application, the advisor found the missing transcript to be obvious. The student had correctly uploaded the other documents.",,,,,,,,,,,,
ss-04--qwen3-4b-incumbent-bestof4-raw--minicpm5-2b,ss-04,sentence_structure,"The internship requires writing weekly summaries, to attend a Friday meeting, and completing one final presentation.","The internship requires writing weekly summaries, attending a Friday meeting, and completing one final presentation.","The internship involves writing weekly summaries, attending a Friday meeting, and completing one final presentation.",,,,,,,,,,,,
ss-05--qwen3-4b-incumbent-bestof4-raw--minicpm5-2b,ss-05,sentence_structure,"The first meeting was scheduled for Monday, but two people could not attend, and then it moved to Wednesday, and the room was unavailable, so now it is Thursday afternoon.","The first meeting was scheduled for Monday, but two people could not attend, and then it moved to Wednesday, and the room was unavailable, so now it is Thursday afternoon.","The first meeting was scheduled for Monday, but two people could not attend, so it was moved to Wednesday. However, the room was unavailable, and now it is scheduled for Thursday afternoon.",,,,,,,,,,,,
ss-06--qwen3-4b-incumbent-bestof4-raw--minicpm5-2b,ss-06,sentence_structure,The report includes the survey results. Along with a short explanation of the sampling method and why the response rate matters.,"The report includes the survey results, along with a short explanation of the sampling method and why the response rate matters.","The report includes the survey results, along with a brief explanation of the sampling method and the importance of the response rate.",,,,,,,,,,,,
lc-01--qwen3-4b-incumbent-bestof4-raw--minicpm5-2b,lc-01,lexical_collocation,The new checklist made a strong improvement in how consistently the team records equipment problems. People are now more likely to include the exact error message instead of a general description.,The new checklist significantly improved the team's consistency in recording equipment problems. People are now more likely to include the exact error message rather than a general description.,The new checklist has made a strong improvement in how consistently the team records equipment problems. People are now more likely to include the exact error message instead of a general description.,,,,,,,,,,,,
lc-02--qwen3-4b-incumbent-bestof4-raw--minicpm5-2b,lc-02,lexical_collocation,"The professor gave a heavy warning that late submissions would receive a penalty. The warning was clear, but the exact size of the penalty was not listed.","The professor gave a heavy warning that late submissions would receive a penalty. The warning was clear, but the exact size of the penalty was not listed.","The professor issued a clear warning that late submissions would incur a penalty. While the warning was straightforward, the specific details of the penalty were not provided.",,,,,,,,,,,,
lc-03--qwen3-4b-incumbent-bestof4-raw--minicpm5-2b,lc-03,lexical_collocation,The software performed a decision to close the connection after three failed attempts. That behavior prevents the client from waiting forever for a response.,The software closes the connection after three failed attempts. This behavior prevents the client from waiting indefinitely for a response.,The software decided to close the connection after three failed attempts. This behavior prevents the client from waiting indefinitely for a response.,,,,,,,,,,,,
lc-04--qwen3-4b-incumbent-bestof4-raw--minicpm5-2b,lc-04,lexical_collocation,"The survey received a large interest from first-year students, especially those looking for evening sections. Interest from returning students was more moderate.","The survey generated significant interest among first-year students, particularly those seeking evening sections. Interest from returning students was more moderate.","The survey received significant interest from first-year students, particularly those seeking evening sections. Interest from returning students were more moderate.",,,,,,,,,,,,
lc-05--qwen3-4b-incumbent-bestof4-raw--minicpm5-2b,lc-05,lexical_collocation,The team made an investigation into why the request failed and discovered that the token had expired. Renewing the token solved the problem immediately.,The team investigated the reason for the request failure and found that the token had expired. Renewing the token resolved the issue immediately.,The team investigated why the request failed and discovered that the token had expired. Renewing the token solved the problem immediately.,,,,,,,,,,,,
lc-06--qwen3-4b-incumbent-bestof4-raw--minicpm5-2b,lc-06,lexical_collocation,"The explanation is technically correct, but the wording feels unusually bookish for a short message to classmates. I want it to sound normal without making it childish.","The explanation is technically correct, but the wording feels unusually bookish for a short message to classmates. I want it to sound normal without making it childish.","The explanation is technically correct, but the wording feels overly formal for a short message to classmates. I want it to sound natural without coming across as childish.",,,,,,,,,,,,
rt-01--qwen3-4b-incumbent-bestof4-raw--minicpm5-2b,rt-01,register_tone,"hey, just checking if friday at 3 still works for you. if not no worries, i can do later that afternoon too.","Just checking if Friday at 3 still works for you. If not, no worries—I can do later that afternoon too.","Just checking if Friday at 3 still works for you. If not, I can adjust to a later time that afternoon.",,,,,,,,,,,,
rt-02--qwen3-4b-incumbent-bestof4-raw--minicpm5-2b,rt-02,register_tone,"The whole signup process was honestly kind of a mess, but the staff member who helped me was great and got it sorted out pretty fast.","The whole signup process was honestly kind of a mess, but the staff member who helped me was great and got it sorted out pretty fast.","The entire signup process was honestly a bit of a mess, but the staff member who helped me was great and got it sorted out pretty quickly.",,,,,,,,,,,,
rt-03--qwen3-4b-incumbent-bestof4-raw--minicpm5-2b,rt-03,register_tone,"I am writing to ask whether it would be possible to take the exam earlier that day. I have a required lab immediately afterward, so an earlier time would help me avoid a conflict.","I am writing to ask if it would be possible to take the exam earlier in the day. I have a required lab immediately after, so an earlier time would help me avoid a conflict.","I am writing to ask whether it would be possible to take the exam earlier that day. I have a required lab immediately afterward, so an earlier time would help me avoid a conflict.",,,,,,,,,,,,
rt-04--qwen3-4b-incumbent-bestof4-raw--minicpm5-2b,rt-04,register_tone,"ngl I thought the tutorial was gonna be useless, but it actually explained the one part I kept getting wrong. I still would not watch the whole thing again.","Honestly, I thought the tutorial would be useless, but it actually clarified the one part I was struggling with. I still wouldn’t watch the whole thing again.","I figured the tutorial would be useless, but it actually explained the one part I kept getting wrong. I still wouldn't watch the whole thing again.",,,,,,,,,,,,
rt-05--qwen3-4b-incumbent-bestof4-raw--minicpm5-2b,rt-05,register_tone,"The proposal is solid overall, but the budget section feels a little shaky because several costs are estimates instead of quotes. I would double-check those numbers before sending it.","The proposal is solid overall, but the budget section feels a little shaky because several costs are estimates instead of quotes. I would double-check those numbers before sending it.","The proposal is generally strong, but the budget section seems a bit uncertain because several costs are estimates rather than confirmed quotes. I would recommend verifying those figures before sending it.",,,,,,,,,,,,
rt-06--qwen3-4b-incumbent-bestof4-raw--minicpm5-2b,rt-06,register_tone,"I appreciate the quick response. I am still confused about whether the form goes back to your office or directly to the testing center, so I want to make sure I send it to the right place.","I appreciate the quick response. I’m still unsure whether the form should be sent back to your office or directly to the testing center, so I want to make sure I send it to the correct location.","I appreciate the quick response. I'm still a bit confused about whether the form goes back to your office or directly to the testing center, so I want to make sure I send it to the right place.",,,,,,,,,,,,
pu-01--qwen3-4b-incumbent-bestof4-raw--minicpm5-2b,pu-01,paragraph_unity_redundancy,The main benefit of the new form is that it asks for all required information in one place. That is useful because people no longer have to send a second email with missing details. The form is beneficial because it reduces the need for follow-up messages about information that was left out.,The main benefit of the new form is that it consolidates all required information in one place. This is useful because people no longer need to send a second email with missing details. The form is beneficial because it reduces the need for follow-up messages regarding missing information.,The main benefit of the new form is that it asks for all required information in one place. That is useful because people no longer have to send a second email with missing details. The form is beneficial because it reduces the need for follow-up messages about information that was left out.,,,,,,,,,,,,
pu-02--qwen3-4b-incumbent-bestof4-raw--minicpm5-2b,pu-02,paragraph_unity_redundancy,"The lab report should explain why the result matters, not only list the measurements. The measurements still need to be included because they support the explanation. A good report connects the data to the conclusion instead of treating them as separate pieces.","The lab report should explain why the result matters, not only list the measurements. The measurements still need to be included because they support the explanation. A good report connects the data to the conclusion instead of treating them as separate pieces.","The lab report should explain why the results are significant, not just list the measurements. The measurements are still necessary because they provide support for the explanation. A good report links the data to the conclusion rather than treating them as separate elements.",,,,,,,,,,,,
pu-03--qwen3-4b-incumbent-bestof4-raw--minicpm5-2b,pu-03,paragraph_unity_redundancy,I use the calendar mostly to avoid missing small deadlines. It also helps me see when several assignments pile up in the same week. I like dark mode in most apps because bright screens bother me at night.,I use the calendar mostly to avoid missing small deadlines. It also helps me see when several assignments pile up in the same week. I like dark mode in most apps because bright screens bother me at night.,I use the calendar mainly to avoid missing small deadlines. It also helps me keep track of when multiple assignments accumulate in the same week. I prefer dark mode in most apps because bright screens irritate me at night.,,,,,,,,,,,,
pu-04--qwen3-4b-incumbent-bestof4-raw--minicpm5-2b,pu-04,paragraph_unity_redundancy,"The update reduced the time needed to open large projects. Startup is faster now, and opening a large project takes less time than before. The improvement is most noticeable on projects with many files.","The update reduced the time required to open large projects. Startup is now faster, and opening a large project takes less time than it did before. The improvement is most noticeable in projects with many files.","The update made it quicker to open large projects. Startups are now faster, and opening a large project takes less time than before. This improvement is most noticeable on projects with most files.",,,,,,,,,,,,
pu-05--qwen3-4b-incumbent-bestof4-raw--minicpm5-2b,pu-05,paragraph_unity_redundancy,The discussion board was more useful once people started responding to specific points instead of posting generic agreement. Those specific replies gave the original writer something concrete to answer. That made the conversation feel more like an actual discussion.,The discussion board became more useful once people started responding to specific points instead of posting generic agreement. Those specific replies gave the original writer something concrete to answer. That made the conversation feel more like an actual discussion.,"The discussion board became more useful when people began responding to specific points rather than posting general agreement. These specific replies provided the original writer with something concrete to address, making the conversation feel more like a real discussion.",,,,,,,,,,,,
pu-06--qwen3-4b-incumbent-bestof4-raw--minicpm5-2b,pu-06,paragraph_unity_redundancy,"The first two steps of the setup are simple, but the third step assumes the user already knows where the configuration file is stored. That missing explanation is the main reason the instructions feel harder than the process actually is.","The first two steps of the setup are straightforward, but the third step assumes the user already knows where the configuration file is stored. This missing explanation is the main reason the instructions feel more complicated than the process actually is.","The first two steps of the setup are simple, but the third step assumes the user already knows where the configuration file is stored. That missing explanation is the main reason the instructions feel harder than the process actually is.",,,,,,,,,,,,
ai-01--qwen3-4b-incumbent-bestof4-raw--minicpm5-2b,ai-01,ambiguity_non_invention,"The meeting did not go the way I expected. Something came up near the end, and we decided to revisit the issue next week.","The meeting didn't go as I'd expected. Something came up near the end, and we decided to revisit the issue next week.","The meeting did not go as I had expected. Near the end, something arose, and we decided to revisit the issue next week.",,,,,,,,,,,,
ai-02--qwen3-4b-incumbent-bestof4-raw--minicpm5-2b,ai-02,ambiguity_non_invention,"The file disappeared sometime after lunch. I checked the shared folder and my downloads, but I still do not know whether it was moved, renamed, or deleted.","The file disappeared after lunch. I checked the shared folder and my downloads, but I still don't know if it was moved, renamed, or deleted.","The file disappeared sometime after lunch. I checked the shared folder and my downloads, but I still do not know whether it was moved, renamed, or deleted.",,,,,,,,,,,,
ai-03--qwen3-4b-incumbent-bestof4-raw--minicpm5-2b,ai-03,ambiguity_non_invention,"People have raised concerns about the new process, but the notes do not say how many people complained or which part of the process bothered them.","Concerns have been raised about the new process, but the notes do not specify how many people complained or which aspect of the process was problematic.","People have raised concerns about the new process, but the notes do not say how many people complained or which part of the process bothered them.",,,,,,,,,,,,
ai-04--qwen3-4b-incumbent-bestof4-raw--minicpm5-2b,ai-04,ambiguity_non_invention,"The test failed after the configuration changed, but that timing alone does not prove the configuration caused the failure. No one has reproduced the problem yet.","The test failed after the configuration changed, but the timing alone does not prove that the configuration caused the failure. No one has yet reproduced the problem.","The test failed after the configuration changed, but that timing alone does not prove the configuration caused the failure. No one has reproduced the problem yet.",,,,,,,,,,,,
ai-05--qwen3-4b-incumbent-bestof4-raw--minicpm5-2b,ai-05,ambiguity_non_invention,"The instructor said my explanation needs more support. I am not sure whether she wants another source, a better example, or a clearer connection to the evidence I already used.","The instructor mentioned that my explanation needs more support. I'm not sure if she wants another source, a better example, or a clearer connection to the evidence I already used.","The instructor said my explanation needs more support. I am not sure whether she wants another source, a better example, or a clearer connection to the evidence I already used.",,,,,,,,,,,,
ai-06--qwen3-4b-incumbent-bestof4-raw--minicpm5-2b,ai-06,ambiguity_non_invention,The package arrived with damage on one corner. I cannot tell whether the item inside is damaged because I have not opened the box yet.,The package arrived with damage on one corner. I cannot determine if the item inside is damaged because I have not yet opened the box.,The package arrived with damage on one corner. I cannot tell whether the item inside is damaged because I have not opened the box yet.,,,,,,,,,,,,
me-01--qwen3-4b-incumbent--qwen35-4b-control,me-01,meaning_equivalence,"I started using the new study schedule about two weeks ago. It has not made studying easier, but I waste less time deciding what to work on, which is why I plan to keep using it.","I began using the new study schedule about two weeks ago. But it hasn't made studying easier, it has reduced the time I spend deciding what to work on, which is why I plan to continue using it.","I started using the new study schedule two weeks ago. It hasn't made studying easier, but I spend less time deciding what to work on, which is why I plan to keep using it.",,,,,,,,,,,,
me-02--qwen3-4b-incumbent--qwen35-4b-control,me-02,meaning_equivalence,"The update looks smaller than the previous release because most of the changes are behind the scenes. The interface barely changed, but loading large files is noticeably faster on my laptop.","The update appears smaller than the previous release because most of the changes are behind the scenes. The interface has changed very little, but loading large files are noticeably faster on my laptop.","The update appears smaller than the previous release because most of the changes are behind the scenes. But the interface barely changed, loading large files are noticeably faster on my laptop.",,,,,,,,,,,,
me-03--qwen3-4b-incumbent--qwen35-4b-control,me-03,meaning_equivalence,"I liked the presentation overall even though the first section dragged a little. Once the examples started, the argument became much easier to follow and the final recommendation made sense.","I liked the presentation overall, even though the first section dragged a bit. Once the examples began, the argument became much easier to follow, and the final recommendation made sense.","I liked the presentation overall, even though the first section dragged a little. Once the examples began, the argument became much easier to follow, and the final recommendation made sense.",,,,,,,,,,,,
me-04--qwen3-4b-incumbent--qwen35-4b-control,me-04,meaning_equivalence,The class is not difficult because of the amount of reading. The harder part is keeping track of several small assignments that are due on different days each week.,The class isn't difficult because of the amount of reading. The main challenge is keeping up with several small assignments that is due on different days each week.,The class isn't difficult because of the amount of reading; the real challenge is keeping track of several small assignments that is due on different days each week.,,,,,,,,,,,,
me-05--qwen3-4b-incumbent--qwen35-4b-control,me-05,meaning_equivalence,"My first draft was longer, but it was not actually more detailed. I had repeated the same point in several ways, so cutting those sentences made the explanation clearer without removing evidence.","My first draft was longer, though not necessarily more detailed. Because I had repeated the same point in several ways, cutting those redundant sentences made the explanation clearer without removing any evidence.","My first draft was longer, but it wasn't more detailed. I had repeated the same point in several ways, so cutting those sentences made the explanation clearer without removing any evidence.",,,,,,,,,,,,
me-06--qwen3-4b-incumbent--qwen35-4b-control,me-06,meaning_equivalence,"The professor did not say the proposal was wrong. She said the main idea was promising, but the evidence was too limited to support the conclusion yet.","The professor did not say the proposal was incorrect. She noted that the main idea was promising, but the evidence was too limited to fully support the conclusion at this time.","The professor did not say the proposal was wrong; rather, she noted that while the main idea was promising, the evidence was too limited to support the conclusion at this time.",,,,,,,,,,,,
co-01--qwen3-4b-incumbent--qwen35-4b-control,co-01,cohesion_known_new,The biology lab introduced a new microscope camera last week. The camera can save images directly to the lab computers. Those saved images make it easier for students to compare samples after class.,"Last week, the biology lab introduced a new microscope camera that saves images directly to the lab computers, making it easier for students to compare samples after class.","The biology lab introduced a new microscope camera last week. The camera allows images to be saved directly to the lab computers, making it easier for students to compare samples after class.",,,,,,,,,,,,
co-02--qwen3-4b-incumbent--qwen35-4b-control,co-02,cohesion_known_new,"The team found three duplicate records during the audit. Those duplicates came from an old import script. The script had been retired months ago, but its records were still present in the database.","The team identified three duplicate records during the audit. These duplicates originated from an old import script. The script had been retired months ago, but its records remained in the database.","During the audit, the team discovered three duplicate records that originated from an old import script. Although the script had been retired months ago, its data remained in the database.",,,,,,,,,,,,
co-03--qwen3-4b-incumbent--qwen35-4b-control,co-03,cohesion_known_new,"A late shipment delayed the first test run. Because the test started late, the team had only one afternoon to review the results. That shorter review period is why several minor issues were not caught until the next day.","A late shipment was delayed the first test run, leaving the team with only one afternoon to review the results. Consequently, several minor issues were not identified until the following day.","A late shipment was delayed the first test run. Because, the team had only one afternoon to review the results. The shorter review period led to several minor issues not being identified until the next day.",,,,,,,,,,,,
co-04--qwen3-4b-incumbent--qwen35-4b-control,co-04,cohesion_known_new,"The survey showed that students wanted more evening tutoring. That preference was strongest among students who work during the day. Their schedules make daytime appointments difficult, so the department is considering a later tutoring block.","The survey revealed that students expressed a desire for more evening tutoring, with this preference being particularly strong among those who work during the day. Since their schedules make daytime appointments difficult, the department is currently considering offering a later tutoring block.","The survey indicated that students wanted more evening tutoring. This preference was most evident among students who work during the day. Their busy schedules make daytime tutoring appointments challenging, so the department is considering adding a later tutoring block.",,,,,,,,,,,,
co-05--qwen3-4b-incumbent--qwen35-4b-control,co-05,cohesion_known_new,"The app stores approved examples in a local file. That file is loaded when the app starts and provides a small set of writing preferences. Those preferences can change ranking, but they do not override the safety checks.","The app stores approved examples in a local file, which is loaded when the app starts to provide a small set of writing preferences. While these preferences can influence ranking, they do not override safety checks.","The app stores approved examples in a local file. This file is loaded when the app starts and provides a limited set of writing preferences. These preferences can affect the ranking, but they do not override the safety checks.",,,,,,,,,,,,
co-06--qwen3-4b-incumbent--qwen35-4b-control,co-06,cohesion_known_new,"The first experiment used a smaller sample than planned. The smaller sample reduced the amount of data available for comparison. That limitation does not invalidate the experiment, but it makes the result less certain.","The first experiment used a smaller sample than planned. This smaller sample reduced the amount of data available for comparison. But the limitation does not invalidate the experiment, it makes the results less certain.","The first experiment utilized a smaller sample size than originally planned, which reduced the amount of data available for comparison. While this limitation does not invalidate the experiment, it does make the results less certain.",,,,,,,,,,,,
lr-01--qwen3-4b-incumbent--qwen35-4b-control,lr-01,logical_relations,"The printer was working in the morning, but it stopped after the network settings were changed. Because the other printers stayed online, the technician thinks the problem is local to that machine rather than the whole network.","The printer was functioning in the morning but stopped after network settings were changed. Since the other printers remained online, the technician believes the issue is specific to that machine rather than affecting the entire network.","The printer was working in the morning but stopped after the network settings were changed. Since the other printers remained online, the technician believes the issue is specific to that machine rather than the entire network.",,,,,,,,,,,,
lr-02--qwen3-4b-incumbent--qwen35-4b-control,lr-02,logical_relations,"If the weather stays clear, the field work will begin Thursday. If it rains, the team will use Thursday for equipment checks instead and move the field work to Friday.","If the weather remains clear, field work will start on Thursday. If it rains, the team will use Thursday for equipment checks and move the field work to Friday.","If the weather remains clear, field work will begin on Thursday; however, if it rains, the team will use Thursday for equipment checks and move the field work to Friday.",,,,,,,,,,,,
lr-03--qwen3-4b-incumbent--qwen35-4b-control,lr-03,logical_relations,"The new process takes one extra step at the beginning, yet it usually saves time later because fewer requests are returned for missing information.","The new process includes one additional step at the beginning, because it typically saves time later by reducing the number of requests that need to be returned for missing information.","The new process includes an additional step at the beginning, but it often saves time later because it results in fewer requests for missing information.",,,,,,,,,,,,
lr-04--qwen3-4b-incumbent--qwen35-4b-control,lr-04,logical_relations,Maya finished the data cleanup before Jordan ran the analysis. That order matters because the earlier version of the dataset still contained duplicate rows.,"Maya completed the data cleanup before Jordan ran the analysis, as the earlier version of the dataset still contained duplicate rows.",Maya completed the data cleanup before Jordan ran the analysis. The order was important because the earlier version of the dataset still had duplicate rows.,,,,,,,,,,,,
lr-05--qwen3-4b-incumbent--qwen35-4b-control,lr-05,logical_relations,"Although the pilot did not reach its enrollment target, the participants who completed it reported fewer scheduling conflicts. The department therefore wants another trial before deciding whether to expand the program.","Although the pilot did not meet its enrollment target, participants who completed it reported fewer scheduling conflicts, prompting the department to conduct another trial before deciding whether to expand the program.","Although the pilot did not meet its enrollment target, participants who completed it reported fewer scheduling conflicts. The department therefore wants to conduct another trial before deciding whether to expand the program.",,,,,,,,,,,,
lr-06--qwen3-4b-incumbent--qwen35-4b-control,lr-06,logical_relations,"The first draft explains what happened, whereas the second draft explains why it happened. Both are accurate, but the second is more useful for the report because the assignment asks for analysis rather than summary.","The first draft describes what happened, while the second explains why it happened. Because both are accurate, the second is more suitable for the report because the assignment requires analysis rather than a summary.","The first draft describes what happened, while the second draft explains why it happened. Both are accurate, but the second is more useful for the report because the assignment requires analysis rather than a summary.",,,,,,,,,,,,
rc-01--qwen3-4b-incumbent--qwen35-4b-control,rc-01,reference_coreference,"Nina sent Priya the revised chart after Priya noticed the labeling error. She had already fixed the colors, so the only remaining change was the axis label.","Nina sent Priya the revised chart after Priya noticed the labeling error. She had already corrected the colors, so the only remaining change was the axis label.","After Priya noticed a labeling error, Nina sent her the revised chart. She had already corrected the colors, so the only remaining change was updating the axis label.",,,,,,,,,,,,
rc-02--qwen3-4b-incumbent--qwen35-4b-control,rc-02,reference_coreference,The advisor told the student that the registrar had not received the form. The student emailed the registrar that afternoon and learned that the attachment had been blocked by the mail system.,"The advisor informed the student that the registrar had not received the form. Later that afternoon, the student emailed the registrar and discovered that the attachment had been blocked by the mail system.",The advisor informed the student that the registrar had not received the form. The student then emailed the registrar that afternoon and found out that the attachment had been blocked by the mail system.,,,,,,,,,,,,
rc-03--qwen3-4b-incumbent--qwen35-4b-control,rc-03,reference_coreference,"The battery warning appeared after the laptop was connected to the dock. Removing the dock made the warning disappear, which suggests the dock or its power adapter may be involved.","The battery warning appeared after the laptop was connected to the dock. Removing the dock caused the warning to disappear, suggesting that the dock or its power adapter may be the source of the issue.","The battery warning appeared after connecting the laptop to the dock, and removing the dock caused the warning to disappear, suggesting that the dock or its power adapter may be the source of the issue.",,,,,,,,,,,,
rc-04--qwen3-4b-incumbent--qwen35-4b-control,rc-04,reference_coreference,"Ava reviewed Liam's notes before he submitted the report. She corrected two dates in the notes, but he chose not to change the wording of the report itself.","Ava reviewed Liam's notes before he submitted the report, correcting two dates, but he decided not to change the report's wording.","Ava reviewed Liam's notes before he submitted the report. She corrected two dates in the notes, but he chose not to change the wording of the report itself.",,,,,,,,,,,,
rc-05--qwen3-4b-incumbent--qwen35-4b-control,rc-05,reference_coreference,"The first server sends logs to the backup server every hour. If it stops responding, the backup keeps the most recent copy but does not automatically become the primary server.","The primary server sends logs to the backup server every hour; however, if the primary server stops responding, the backup retains the most recent copy without automatically assuming the primary role.","The first server sends logs to the backup server every hour. If the primary server stops responding, the backup retains the most recent copy but does not automatically become the primary server.",,,,,,,,,,,,
rc-06--qwen3-4b-incumbent--qwen35-4b-control,rc-06,reference_coreference,The committee asked the vendor to revise the estimate because its labor total did not match the hours listed in the proposal. The vendor agreed to check the calculation before the next meeting.,The committee requested that the vendor revise its estimate because the labor total did not align with the hours listed in the proposal. The vendor agreed to verify the calculation before the next meeting.,The committee requested the vendor to revise the estimate since the total labor cost did not align with the hours listed in the proposal. The vendor agreed to review the calculation prior to the next meeting.,,,,,,,,,,,,
mp-01--qwen3-4b-incumbent--qwen35-4b-control,mp-01,modality_negation_precision,"The change might reduce startup time, but we do not have enough measurements to say that it definitely does. For now, the result should be treated as promising rather than conclusive.","While the change might reduce startup time, we lack sufficient measurements to confirm this definitively; therefore, the result should currently be viewed as promising rather than conclusive.","The change may reduce startup time, but we do not have enough measurements to confirm that it definitely does. For now, the result should be considered promising rather than conclusive.",,,,,,,,,,,,
mp-02--qwen3-4b-incumbent--qwen35-4b-control,mp-02,modality_negation_precision,"I would prefer to take the morning section, although I can attend the afternoon section if the morning one is full. I am not asking to be moved unless a seat is actually available.","I would prefer to take the morning section, but I am willing to attend the afternoon section if the morning one is full. I am not asking to be moved unless a seat is actually available.","I would prefer to take the morning section, though I am available to attend the afternoon section if the morning one is full. I am not requesting to be moved unless a seat is actually available.",,,,,,,,,,,,
mp-03--qwen3-4b-incumbent--qwen35-4b-control,mp-03,modality_negation_precision,"The sensor can detect a temperature change, but it cannot tell us what caused that change. A sudden increase could come from the heater, direct sunlight, or another source.","The sensor can detect a temperature change, but it cannot determine the cause. A sudden increase could result from the heater, direct sunlight, or another source.","The sensor can detect a temperature change, but it cannot determine the cause of that change. A sudden increase could result from the heater, direct sunlight, or another source.",,,,,,,,,,,,
mp-04--qwen3-4b-incumbent--qwen35-4b-control,mp-04,modality_negation_precision,The policy says employees should report suspected errors; it does not say they must prove an error occurred before reporting it.,"The policy requires employees to report suspected errors, but it does not mandate that they prove an error has occurred before making a report.","The policy states that employees should report suspected errors, but it does not require them to prove an error occurred before reporting it.",,,,,,,,,,,,
mp-05--qwen3-4b-incumbent--qwen35-4b-control,mp-05,modality_negation_precision,"There is no evidence that the file was deleted intentionally. It may have been removed during cleanup, but the logs are incomplete, so that explanation is only a possibility.","There is no evidence that the file was deleted intentionally. It may have been removed during cleanup, but the logs are incomplete, so that explanation is only a possibility.","There is no evidence that the file was deleted intentionally; while it may have been removed during cleanup, the incomplete logs mean this remains only a possibility.",,,,,,,,,,,,
mp-06--qwen3-4b-incumbent--qwen35-4b-control,mp-06,modality_negation_precision,"The medication is expected to help most patients, but it does not guarantee that every patient will improve. Anyone with questions should speak with a clinician rather than changing the dose on their own.","The medication is expected to help most patients, but it does not guarantee improvement for every individual. Those with questions should consult a clinician rather than adjusting the dose on their own.","The medication is expected to help most patients, though it does not guarantee improvement for everyone. Anyone with questions should consult a clinician rather than adjusting the dose on their own.",,,,,,,,,,,,
fa-01--qwen3-4b-incumbent--qwen35-4b-control,fa-01,factual_anchors,"On September 14, 2026, Maya Chen paid $184.75 for the replacement part. The receipt says the part can be returned within 30 days if it has not been installed.","On September 14, 2026, Maya Chen paid $184.75 for a replacement part. The receipt states that the part can be returned within 30 days if it has not been installed.","On September 14, 2026, Maya Chen paid $184.75 for a replacement part. According to the receipt, the part is eligible for return within 30 days, if it has not been installed.",,,,,,,,,,,,
fa-02--qwen3-4b-incumbent--qwen35-4b-control,fa-02,factual_anchors,The lab recorded a pH of 6.4 before treatment and 7.1 afterward. The report calls the change 'modest but consistent' across the five samples.,"The lab recorded a pH of 6.4 before treatment and 7.1 after treatment. The report describes the change as ""modest but consistent"" across the five samples.","The lab recorded a pH of 6.4 before treatment and 7.1 afterward; the report describes this change as ""modest but consistent"" across the five samples.",,,,,,,,,,,,
fa-03--qwen3-4b-incumbent--qwen35-4b-control,fa-03,factual_anchors,"Jordan Lee emailed the draft to review@example.org at 3:40 p.m. The subject line was 'Budget revision v2,' and the attachment was 2.8 MB.","Jordan Lee sent the draft to review@example.org at 3:40 p.m. The subject line was ""Budget revision v2,"" and the attachment was 2.8 MB.","Jordan Lee emailed the draft to review@example.org at 3:40 p.m., with the subject line ""Budget revision v2"" and a 2.8 MB attachment.",,,,,,,,,,,,
fa-04--qwen3-4b-incumbent--qwen35-4b-control,fa-04,factual_anchors,"Section 4.2 requires a backup every 12 hours, not once per day. The exception applies only to systems that are offline for maintenance.","Section 4.2 requires a backup every 12 hours, not once per day; however, this exception applies only to systems that is offline for maintenance.","Section 4.2 specifies that a backup should be performed every 12 hours, not once per day. This requirement applies except for systems that is offline for maintenance.",,,,,,,,,,,,
fa-05--qwen3-4b-incumbent--qwen35-4b-control,fa-05,factual_anchors,"The shipment contained 18 blue units and 7 gray units. Two blue units were damaged, so the usable total was 23 units.","The shipment included 18 blue units and 7 gray units. Two of the blue units were damaged, resulting in an usable total of 23 units.","The shipment included 18 blue units and 7 gray units. After two blue units were damaged, the total number of usable units were 23.",,,,,,,,,,,,
fa-06--qwen3-4b-incumbent--qwen35-4b-control,fa-06,factual_anchors,"The study ran from January through March 2026 and included 126 participants. Of those participants, 54 completed both follow-up surveys.","The study ran from January through March 2026 and included 126 participants, of whom 54 completed both follow-up surveys.","The study took place from January through March 2026 and involved 126 participants. Of these participants, 54 completed both follow-up surveys.",,,,,,,,,,,,
gm-01--qwen3-4b-incumbent--qwen35-4b-control,gm-01,grammar_minimal_edit,The results was surprising because each of the samples were collected under the same conditions. I don't think the difference come from the equipment.,The results were surprising because each sample was collected under the same conditions. I do not believe the differences stem from the equipment.,The results were surprising because each sample was collected under the same conditions. I don't think the difference came from the equipment.,,,,,,,,,,,,
gm-02--qwen3-4b-incumbent--qwen35-4b-control,gm-02,grammar_minimal_edit,"She has went to the tutoring center twice this week, and both visits has helped her understand the material better.","She has visited the tutoring center twice this week, and both trips have helped her understand the material better.","She has gone to the tutoring center twice this week, and both visits have helped her understand the material better.",,,,,,,,,,,,
gm-03--qwen3-4b-incumbent--qwen35-4b-control,gm-03,grammar_minimal_edit,"There is several reasons the schedule need to change, but the main one are that the current times conflict with lab.","There are several reasons the schedule needs to change, but the main one is that the current times conflict with the lab.","There are several reasons why the schedule needs to change, but the main one is that the current times conflict with lab sessions.",,,,,,,,,,,,
gm-04--qwen3-4b-incumbent--qwen35-4b-control,gm-04,grammar_minimal_edit,The advisor suggested me to wait until the final grade posts before I submit a new request.,The advisor recommended that I wait until the final grades are posted before submitting a new request.,The advisor suggested that I wait until the final grades are posted before submitting a new request.,,,,,,,,,,,,
gm-05--qwen3-4b-incumbent--qwen35-4b-control,gm-05,grammar_minimal_edit,Neither the new instructions nor the example explain what happens if a student submit the form late.,Neither the new instructions nor the example clarify what happens if a student submits the form is late.,Neither the new instructions nor the example clarify what happens if a student submits the form is late.,,,,,,,,,,,,
gm-06--qwen3-4b-incumbent--qwen35-4b-control,gm-06,grammar_minimal_edit,"I was planning on finishing it yesterday, but the files I needed wasn't available until this morning.","I was planning to finish it yesterday, but the files I needed weren't available until this morning.","I was planning to finish it yesterday, but the files I needed weren't available until this morning.",,,,,,,,,,,,
ss-01--qwen3-4b-incumbent--qwen35-4b-control,ss-01,sentence_structure,The deadline moved to Friday. Because the vendor sent the corrected estimate late. Which gave the team less time to review the numbers.,"The deadline was moved to Friday because the vendor sent the corrected estimate late, which left the team with less time to review the numbers.","The deadline was moved to Friday because the vendor sent the corrected estimate late, which gave the team less time to review the numbers.",,,,,,,,,,,,
ss-02--qwen3-4b-incumbent--qwen35-4b-control,ss-02,sentence_structure,I opened the dashboard the totals looked wrong I refreshed the page nothing changed so I checked the raw file and found two duplicated rows.,"I opened the dashboard, and the totals looked wrong. I refreshed the page, but nothing changed. Then I checked the raw file and found two duplicated rows.","I opened the dashboard, but the totals looked wrong; after refreshing the page, nothing changed. Upon checking the raw file, I found two duplicated rows.",,,,,,,,,,,,
ss-03--qwen3-4b-incumbent--qwen35-4b-control,ss-03,sentence_structure,"After reviewing the application, the missing transcript was obvious to the advisor. The student had uploaded the other documents correctly.","After reviewing the application, the advisor immediately noticed the missing transcript, noting that the student had correctly uploaded all other documents.","After reviewing the application, the advisor found the missing transcript to be obvious. The student had correctly uploaded the other documents.",,,,,,,,,,,,
ss-04--qwen3-4b-incumbent--qwen35-4b-control,ss-04,sentence_structure,"The internship requires writing weekly summaries, to attend a Friday meeting, and completing one final presentation.","The internship involves writing weekly summaries, attending a Friday meeting, and completing one final presentation.","The internship requires writing weekly summaries, attending a Friday meeting, and completing one final presentation.",,,,,,,,,,,,
ss-05--qwen3-4b-incumbent--qwen35-4b-control,ss-05,sentence_structure,"The first meeting was scheduled for Monday, but two people could not attend, and then it moved to Wednesday, and the room was unavailable, so now it is Thursday afternoon.","The first meeting was scheduled for Monday, but two people could not attend, so it was moved to Wednesday. However, the room was unavailable, and it is now scheduled for Thursday afternoon.","The first meeting was scheduled for Monday, but with two people unable to attend; it was rescheduled to Wednesday. However, since the room was unavailable, the meeting has now been moved to Thursday afternoon.",,,,,,,,,,,,
ss-06--qwen3-4b-incumbent--qwen35-4b-control,ss-06,sentence_structure,The report includes the survey results. Along with a short explanation of the sampling method and why the response rate matters.,"The report includes the survey results, along with a brief explanation of the sampling method and the importance of the response rate.","The report includes the survey results, along with a brief explanation of the sampling method and why the response rate matters.",,,,,,,,,,,,
lc-01--qwen3-4b-incumbent--qwen35-4b-control,lc-01,lexical_collocation,The new checklist made a strong improvement in how consistently the team records equipment problems. People are now more likely to include the exact error message instead of a general description.,The new checklist significantly improved the team's consistency in recording equipment issues. People are now more likely to include the exact error message rather than a general description.,The new checklist has significantly improved the team's consistency in recording equipment problems. People are now more likely to include the exact error message rather than providing a general description.,,,,,,,,,,,,
lc-02--qwen3-4b-incumbent--qwen35-4b-control,lc-02,lexical_collocation,"The professor gave a heavy warning that late submissions would receive a penalty. The warning was clear, but the exact size of the penalty was not listed.","The professor issued a stern warning that late submissions would incur a penalty, though the exact amount was not specified.","The professor issued a clear warning that late submissions would incur a penalty. But the warning was straightforward, the specific details of the penalty were not provided.",,,,,,,,,,,,
lc-03--qwen3-4b-incumbent--qwen35-4b-control,lc-03,lexical_collocation,The software performed a decision to close the connection after three failed attempts. That behavior prevents the client from waiting forever for a response.,"The software automatically closes the connection after three failed attempts, preventing the client from waiting indefinitely for a response.",The software closes the connection after three failed attempts. This behavior prevents the client from waiting indefinitely for a response.,,,,,,,,,,,,
lc-04--qwen3-4b-incumbent--qwen35-4b-control,lc-04,lexical_collocation,"The survey received a large interest from first-year students, especially those looking for evening sections. Interest from returning students was more moderate.","The survey garnered significant interest from first-year students, particularly those seeking evening sections, while interest from returning students were more moderate.","The survey generated significant interest among first-year students, particularly those seeking evening sections. Interest from returning students were more moderate.",,,,,,,,,,,,
lc-05--qwen3-4b-incumbent--qwen35-4b-control,lc-05,lexical_collocation,The team made an investigation into why the request failed and discovered that the token had expired. Renewing the token solved the problem immediately.,The team investigated the failed request and discovered that the token had expired; renewing it resolved the issue immediately.,The team investigated the reason for the request failure and found that the token had expired. Renewing the token resolved the issue immediately.,,,,,,,,,,,,
lc-06--qwen3-4b-incumbent--qwen35-4b-control,lc-06,lexical_collocation,"The explanation is technically correct, but the wording feels unusually bookish for a short message to classmates. I want it to sound normal without making it childish.","The explanation is technically correct, but the wording feels overly formal for a short message to classmates. I want it to sound natural without coming across as childish.","The explanation is technically correct, but the wording feels unusually formal for a quick message to classmates. I'd like it to sound natural without sounding childish.",,,,,,,,,,,,
rt-01--qwen3-4b-incumbent--qwen35-4b-control,rt-01,register_tone,"hey, just checking if friday at 3 still works for you. if not no worries, i can do later that afternoon too.","Hey, just checking to see if Friday at 3 still works for you. If not, no worries—I can if do something later that afternoon.","Just checking if Friday at 3 still works for you. If not, I can adjust to a later time that afternoon.",,,,,,,,,,,,
rt-02--qwen3-4b-incumbent--qwen35-4b-control,rt-02,register_tone,"The whole signup process was honestly kind of a mess, but the staff member who helped me was great and got it sorted out pretty fast.","The signup process was honestly quite chaotic, but the staff member who assisted me was excellent and got it sorted out pretty quickly.","The entire signup process was honestly a bit of a mess, but the staff member who helped me was great and got it sorted out pretty quickly.",,,,,,,,,,,,
rt-03--qwen3-4b-incumbent--qwen35-4b-control,rt-03,register_tone,"I am writing to ask whether it would be possible to take the exam earlier that day. I have a required lab immediately afterward, so an earlier time would help me avoid a conflict.","I am writing to inquire whether it would be possible to schedule the exam earlier on that day. Since I have a required lab immediately following it, an earlier time would help me avoid a scheduling conflict.","I am writing to ask if it would be possible to take the exam earlier in the day. I have a required lab immediately after, so an earlier time would help me avoid a conflict.",,,,,,,,,,,,
rt-04--qwen3-4b-incumbent--qwen35-4b-control,rt-04,register_tone,"ngl I thought the tutorial was gonna be useless, but it actually explained the one part I kept getting wrong. I still would not watch the whole thing again.","Honestly, I thought the tutorial would be useless, but it actually clarified the one part I was struggling with. I still wouldn’t watch the whole thing again.","I initially thought the tutorial would be useless, but it actually clarified the one part I kept getting wrong. However, I still wouldn't watch it all over again.",,,,,,,,,,,,
rt-05--qwen3-4b-incumbent--qwen35-4b-control,rt-05,register_tone,"The proposal is solid overall, but the budget section feels a little shaky because several costs are estimates instead of quotes. I would double-check those numbers before sending it.","The proposal is generally strong, but the budget section appears a bit uncertain because several costs are estimates rather than confirmed quotes. I would recommend verifying those figures before finalizing the document.","The proposal is solid overall, but the budget section feels a bit shaky because several costs are estimates rather than quotes. I recommend double-checking those numbers before sending it.",,,,,,,,,,,,
rt-06--qwen3-4b-incumbent--qwen35-4b-control,rt-06,register_tone,"I appreciate the quick response. I am still confused about whether the form goes back to your office or directly to the testing center, so I want to make sure I send it to the right place.","I appreciate the quick response. I'm still unsure whether the form should be returned to your office or sent directly to the testing center, so I want to ensure I send it to the correct location.","I appreciate the quick response. I'm still unsure whether the form should be sent back to your office or directly to the testing center, so I want to make sure I send it to the correct location.",,,,,,,,,,,,
pu-01--qwen3-4b-incumbent--qwen35-4b-control,pu-01,paragraph_unity_redundancy,The main benefit of the new form is that it asks for all required information in one place. That is useful because people no longer have to send a second email with missing details. The form is beneficial because it reduces the need for follow-up messages about information that was left out.,"The primary advantage of the new form is that it collects all required information in a single location. This is particularly useful, because people no longer have to send a second email with missing details because, the form reduces the necessity for follow-up messages regarding omitted information.",The main benefit of the new form is that it consolidates all required information in one place. This is useful because people no longer need to send a second email with missing details. The form is beneficial because it reduces the need for follow-up messages regarding missing information.,,,,,,,,,,,,
pu-02--qwen3-4b-incumbent--qwen35-4b-control,pu-02,paragraph_unity_redundancy,"The lab report should explain why the result matters, not only list the measurements. The measurements still need to be included because they support the explanation. A good report connects the data to the conclusion instead of treating them as separate pieces.","The lab report should explain why the results matter, not merely list the measurements. Because, the measurements must still be included, as they support the explanation. A good report connects the data to the conclusion rather than treating them as separate elements.","The lab report should explain why the results are significant, not just list the measurements. The measurements are still necessary because they provide support for the explanation. A good report links the data to the conclusion rather than treating them as separate elements.",,,,,,,,,,,,
pu-03--qwen3-4b-incumbent--qwen35-4b-control,pu-03,paragraph_unity_redundancy,I use the calendar mostly to avoid missing small deadlines. It also helps me see when several assignments pile up in the same week. I like dark mode in most apps because bright screens bother me at night.,I use the calendar mainly to avoid missing small deadlines. It also helps me track when multiple assignments accumulate in the same week. I prefer dark mode in most apps because bright screens bother me at night.,"I use the calendar primarily to avoid missing small deadlines, though it also helps me spot when several assignments pile up in the same week. I prefer dark mode in most apps because bright screens bother me at night.",,,,,,,,,,,,
pu-04--qwen3-4b-incumbent--qwen35-4b-control,pu-04,paragraph_unity_redundancy,"The update reduced the time needed to open large projects. Startup is faster now, and opening a large project takes less time than before. The improvement is most noticeable on projects with many files.","The update decreased the time required to open large projects. Startup is now faster, and opening a large project takes less time than it did before. The improvement is most noticeable in projects with most files.","The update has reduced the time required to open large projects. Startup is now faster, and opening a large project takes less time than before. This improvement is most noticeable on projects containing most files.",,,,,,,,,,,,
pu-05--qwen3-4b-incumbent--qwen35-4b-control,pu-05,paragraph_unity_redundancy,The discussion board was more useful once people started responding to specific points instead of posting generic agreement. Those specific replies gave the original writer something concrete to answer. That made the conversation feel more like an actual discussion.,"The discussion board became more useful when people began responding to specific points instead of just posting general agreement. These specific replies provided the original writer with something concrete to address, making the conversation feel more like a real discussion.","The discussion board became more useful once participants began responding to specific points rather than posting generic agreement. These targeted replies provided the original writer with concrete material to address, transforming the exchange into a genuine discussion.",,,,,,,,,,,,
pu-06--qwen3-4b-incumbent--qwen35-4b-control,pu-06,paragraph_unity_redundancy,"The first two steps of the setup are simple, but the third step assumes the user already knows where the configuration file is stored. That missing explanation is the main reason the instructions feel harder than the process actually is.","The first two steps of the setup are straightforward, but the third step assumes the user already knows where the configuration file is stored. This missing explanation is the main reason the instructions feel more complicated than the process truly is.","The first two setup steps are straightforward, but the third assumes the user already knows where the configuration file is stored. This lack of explanation is the primary reason the instructions feel more difficult than the process actually is.",,,,,,,,,,,,
ai-01--qwen3-4b-incumbent--qwen35-4b-control,ai-01,ambiguity_non_invention,"The meeting did not go the way I expected. Something came up near the end, and we decided to revisit the issue next week.","The meeting did not go as I had expected. Towards the end, something arose, and we decided to revisit the issue next week.","The meeting didn't go as I expected. Something came up near the end, so we decided to revisit the issue next week.",,,,,,,,,,,,
ai-02--qwen3-4b-incumbent--qwen35-4b-control,ai-02,ambiguity_non_invention,"The file disappeared sometime after lunch. I checked the shared folder and my downloads, but I still do not know whether it was moved, renamed, or deleted.","The file disappeared after lunch. I checked the shared folder and my downloads, but I still don't know if it was moved, renamed, or deleted.","The file disappeared sometime after lunch. Although I checked both the shared folder and my downloads, I still do not know whether it was moved, renamed, or deleted.",,,,,,,,,,,,
ai-03--qwen3-4b-incumbent--qwen35-4b-control,ai-03,ambiguity_non_invention,"People have raised concerns about the new process, but the notes do not say how many people complained or which part of the process bothered them.","Concerns have been raised about the new process, but the notes do not specify how many people complained or which aspect of the process was problematic.","People have raised concerns about the new process, but the notes do not specify how many people complained or which aspects of the process were most problematic.",,,,,,,,,,,,
ai-04--qwen3-4b-incumbent--qwen35-4b-control,ai-04,ambiguity_non_invention,"The test failed after the configuration changed, but that timing alone does not prove the configuration caused the failure. No one has reproduced the problem yet.","The test failed after the configuration was changed, but the timing alone does not prove that the configuration caused the failure. No one has yet reproduced the problem.","The test failed after the configuration changed, but the timing alone does not prove that the configuration caused the failure. Additionally, no one has yet reproduced the problem.",,,,,,,,,,,,
ai-05--qwen3-4b-incumbent--qwen35-4b-control,ai-05,ambiguity_non_invention,"The instructor said my explanation needs more support. I am not sure whether she wants another source, a better example, or a clearer connection to the evidence I already used.","The instructor said my explanation needs more support. I'm not sure whether she wants another source, a better example, or a clearer connection to the evidence I already used.","The instructor indicated that my explanation requires more support. I am unsure whether she is looking for an additional source, a better example, or a clearer connection to the evidence I have already used.",,,,,,,,,,,,
ai-06--qwen3-4b-incumbent--qwen35-4b-control,ai-06,ambiguity_non_invention,The package arrived with damage on one corner. I cannot tell whether the item inside is damaged because I have not opened the box yet.,"The package arrived with a damaged corner, but I cannot determine if the item inside is also damaged since I have not opened the box yet.",The package arrived with damage on one corner. I cannot determine if the item inside is damaged because I have not yet opened the box.,,,,,,,,,,,,
me-01--qwen3-4b-incumbent--coedit-large-research,me-01,meaning_equivalence,"I started using the new study schedule about two weeks ago. It has not made studying easier, but I waste less time deciding what to work on, which is why I plan to keep using it.","About 2 weeks ago, I started using this new study plan, and it hasn't made studying easier, but I've been wasting less time deciding what to do. And that's why I'm going to keep using it.","I started using the new study schedule two weeks ago. It hasn't made studying easier, but I spend less time deciding what to work on, which is why I plan to keep using it.",,,,,,,,,,,,
me-02--qwen3-4b-incumbent--coedit-large-research,me-02,meaning_equivalence,"The update looks smaller than the previous release because most of the changes are behind the scenes. The interface barely changed, but loading large files is noticeably faster on my laptop.","It's a bit smaller than the previous release, because most of the changes were made in the background. The interface hasn't changed much, but loading large files on my laptop is much faster.","The update appears smaller than the previous release because most of the changes are behind the scenes. The interface has changed very little, but loading large files are noticeably faster on my laptop.",,,,,,,,,,,,
me-03--qwen3-4b-incumbent--coedit-large-research,me-03,meaning_equivalence,"I liked the presentation overall even though the first section dragged a little. Once the examples started, the argument became much easier to follow and the final recommendation made sense.","I liked the presentation overall, even though the first section dragged a little. Once the examples began, the argument became much easier to follow, and the final recommendation made sense.","Even though the first part of the presentation was a bit long, the argument was much easier to understand when the examples began, and the final recommendation made sense to me.",,,,,,,,,,,,
me-04--qwen3-4b-incumbent--coedit-large-research,me-04,meaning_equivalence,The class is not difficult because of the amount of reading. The harder part is keeping track of several small assignments that are due on different days each week.,"It's not difficult to read, but keeping track of a couple of small tasks that has to be done on different days in a week is more difficult.",The class isn't difficult because of the amount of reading. The main challenge is keeping up with several small assignments that is due on different days each week.,,,,,,,,,,,,
me-05--qwen3-4b-incumbent--coedit-large-research,me-05,meaning_equivalence,"My first draft was longer, but it was not actually more detailed. I had repeated the same point in several ways, so cutting those sentences made the explanation clearer without removing evidence.","I had written a longer first draft, but it wasn't really more detailed. I had repeated the same idea in a number of ways, so I cut those sentences down so that the explanation didn't lose any evidence.","My first draft was longer, but it wasn't more detailed. I had repeated the same point in several ways, so cutting those sentences made the explanation clearer without removing any evidence.",,,,,,,,,,,,
me-06--qwen3-4b-incumbent--coedit-large-research,me-06,meaning_equivalence,"The professor did not say the proposal was wrong. She said the main idea was promising, but the evidence was too limited to support the conclusion yet.","The professor did not say the proposal was incorrect. She noted that the main idea was promising, but the evidence was too limited to fully support the conclusion at this time.","The professor didn't say the proposal was wrong, she said the central idea was promising, but the evidence was too weak to support it.",,,,,,,,,,,,
co-01--qwen3-4b-incumbent--coedit-large-research,co-01,cohesion_known_new,The biology lab introduced a new microscope camera last week. The camera can save images directly to the lab computers. Those saved images make it easier for students to compare samples after class.,"The biology lab introduced a new microscope camera last week. The camera allows images to be saved directly to the lab computers, making it easier for students to compare samples after class.","Last week, a new microscope camera was installed in the biology lab, which makes it easier for students to compare their specimens after class.",,,,,,,,,,,,
co-02--qwen3-4b-incumbent--coedit-large-research,co-02,cohesion_known_new,"The team found three duplicate records during the audit. Those duplicates came from an old import script. The script had been retired months ago, but its records were still present in the database.","The audit team found three duplicate records in an old import script, which had been retired several months ago, but was still present in the database.","The team identified three duplicate records during the audit. These duplicates originated from an old import script. The script had been retired months ago, but its records remained in the database.",,,,,,,,,,,,
co-03--qwen3-4b-incumbent--coedit-large-research,co-03,cohesion_known_new,"A late shipment delayed the first test run. Because the test started late, the team had only one afternoon to review the results. That shorter review period is why several minor issues were not caught until the next day.","A late shipment was delayed the first test run. Because, the team had only one afternoon to review the results. The shorter review period led to several minor issues not being identified until the next day.","The first test had been was delayed by a late delivery, and the team had only one afternoon to examine the results, so that several minor faults had not been discovered until the next day.",,,,,,,,,,,,
co-04--qwen3-4b-incumbent--coedit-large-research,co-04,cohesion_known_new,"The survey showed that students wanted more evening tutoring. That preference was strongest among students who work during the day. Their schedules make daytime appointments difficult, so the department is considering a later tutoring block.","Students who worked during the day were most interested in evening tutoring, and their schedules made daytime appointments difficult, so the department is planning a later tutoring block.","The survey indicated that students wanted more evening tutoring. This preference was most evident among students who work during the day. Their busy schedules make daytime tutoring appointments challenging, so the department is considering adding a later tutoring block.",,,,,,,,,,,,
co-05--qwen3-4b-incumbent--coedit-large-research,co-05,cohesion_known_new,"The app stores approved examples in a local file. That file is loaded when the app starts and provides a small set of writing preferences. Those preferences can change ranking, but they do not override the safety checks.","The app stores approved examples in a local file, which is loaded when the app starts and provides a small set of writing preferences. The preferences can affect the ranking, but they do not override the safety checks.","The app stores approved examples in a local file. This file is loaded when the app starts and provides a limited set of writing preferences. These preferences can affect the ranking, but they do not override the safety checks.",,,,,,,,,,,,
co-06--qwen3-4b-incumbent--coedit-large-research,co-06,cohesion_known_new,"The first experiment used a smaller sample than planned. The smaller sample reduced the amount of data available for comparison. That limitation does not invalidate the experiment, but it makes the result less certain.","The first experiment used a smaller sample than planned. This smaller sample reduced the amount of data available for comparison. But the limitation does not invalidate the experiment, it makes the results less certain.","The first experiment used a smaller sample than planned, which reduced the number of data available for comparison. This limitation does not invalidate the experiment, but makes the result less certain.",,,,,,,,,,,,
lr-01--qwen3-4b-incumbent--coedit-large-research,lr-01,logical_relations,"The printer was working in the morning, but it stopped after the network settings were changed. Because the other printers stayed online, the technician thinks the problem is local to that machine rather than the whole network.","The printer worked in the morning, but it stopped but the network settings were changed. Because the other printers were still online, the tech thinks the problem is with the printer in particular rather than the entire network.","The printer was working in the morning but stopped after the network settings were changed. Since the other printers remained online, the technician believes the issue is specific to that machine rather than the entire network.",,,,,,,,,,,,
lr-02--qwen3-4b-incumbent--coedit-large-research,lr-02,logical_relations,"If the weather stays clear, the field work will begin Thursday. If it rains, the team will use Thursday for equipment checks instead and move the field work to Friday.","If it's clear, the field work will start Thursday, but if it's raining, the team will use Thursday to check the equipment and move the field work to Friday.","If the weather remains clear, field work will start on Thursday. If it rains, the team will use Thursday for equipment checks and move the field work to Friday.",,,,,,,,,,,,
lr-03--qwen3-4b-incumbent--coedit-large-research,lr-03,logical_relations,"The new process takes one extra step at the beginning, yet it usually saves time later because fewer requests are returned for missing information.","The new process includes an additional step at the beginning, but it often saves time later because it results in fewer requests for missing information.","At first, a new procedure takes one more step, but it usually saves time in the long run because fewer requests for missing information are returned.",,,,,,,,,,,,
lr-04--qwen3-4b-incumbent--coedit-large-research,lr-04,logical_relations,Maya finished the data cleanup before Jordan ran the analysis. That order matters because the earlier version of the dataset still contained duplicate rows.,"Before Jordan started the analysis, Maya had completed the data cleansing. This was important, since the earlier version of the data had duplicated rows.",Maya completed the data cleanup before Jordan ran the analysis. The order was important because the earlier version of the dataset still had duplicate rows.,,,,,,,,,,,,
lr-05--qwen3-4b-incumbent--coedit-large-research,lr-05,logical_relations,"Although the pilot did not reach its enrollment target, the participants who completed it reported fewer scheduling conflicts. The department therefore wants another trial before deciding whether to expand the program.","Although the pilot did not meet its enrollment target, participants who completed it reported fewer scheduling conflicts. The department therefore wants to conduct another trial before deciding whether to expand the program.","Although the pilot has not reached its enrollment target, the participants who have already completed it has reported a smaller number of scheduling conflicts, and the Department wishes to carry out another trial before deciding whether to extend the programme.",,,,,,,,,,,,
lr-06--qwen3-4b-incumbent--coedit-large-research,lr-06,logical_relations,"The first draft explains what happened, whereas the second draft explains why it happened. Both are accurate, but the second is more useful for the report because the assignment asks for analysis rather than summary.","The first draft describes what happened, while the second draft explains why it happened. Both are accurate, but the second is more useful for the report because the assignment requires analysis rather than a summary.","The first draft explains what happened; the second draft explains why. Both are precise, but the second is more useful for the report because the assignment calls for analysis rather than summaries.",,,,,,,,,,,,
rc-01--qwen3-4b-incumbent--coedit-large-research,rc-01,reference_coreference,"Nina sent Priya the revised chart after Priya noticed the labeling error. She had already fixed the colors, so the only remaining change was the axis label.","Nina sent Priya the revised chart after Priya noticed the labeling error. She had already corrected the colors, so the only remaining change was the axis label.","After Priya noticed the labeling mistake, Nina sent Priya the revised chart. She had already repaired the colors, so all that remained was the label for the axes.",,,,,,,,,,,,
rc-02--qwen3-4b-incumbent--coedit-large-research,rc-02,reference_coreference,The advisor told the student that the registrar had not received the form. The student emailed the registrar that afternoon and learned that the attachment had been blocked by the mail system.,The advisor informed the student that the form had not been received. The student emailed the registrar that afternoon and discovered that the attachment had been blocked by the mail system.,The advisor informed the student that the registrar had not received the form. The student then emailed the registrar that afternoon and found out that the attachment had been blocked by the mail system.,,,,,,,,,,,,
rc-03--qwen3-4b-incumbent--coedit-large-research,rc-03,reference_coreference,"The battery warning appeared after the laptop was connected to the dock. Removing the dock made the warning disappear, which suggests the dock or its power adapter may be involved.","When the laptop was connected to the dock, the battery warning disappeared when the dock was removed, suggesting the dock or its power adapter was involved.","The battery warning appeared after the laptop was connected to the dock. Removing the dock caused the warning to disappear, suggesting that the dock or its power adapter may be the source of the issue.",,,,,,,,,,,,
rc-04--qwen3-4b-incumbent--coedit-large-research,rc-04,reference_coreference,"Ava reviewed Liam's notes before he submitted the report. She corrected two dates in the notes, but he chose not to change the wording of the report itself.","Ava reviewed Liam's notes before he submitted the report. She corrected two dates in the notes, but he chose not to change the wording of the report itself.","Before Liam submitted the report, Ava checked the notes and corrected two dates, but he did not change the wording of the report itself.",,,,,,,,,,,,
rc-05--qwen3-4b-incumbent--coedit-large-research,rc-05,reference_coreference,"The first server sends logs to the backup server every hour. If it stops responding, the backup keeps the most recent copy but does not automatically become the primary server.","The first server sends logs to the backup server every hour. If the primary server stops responding, the backup retains the most recent copy but does not automatically become the primary server.","Every hour, the primary server sends logs to the backup server. The backup server keeps the latest copy, but does not automatically become the primary server.",,,,,,,,,,,,
rc-06--qwen3-4b-incumbent--coedit-large-research,rc-06,reference_coreference,The committee asked the vendor to revise the estimate because its labor total did not match the hours listed in the proposal. The vendor agreed to check the calculation before the next meeting.,"The Committee requested the supplier to revise the estimate, because its labor total did not match the hours listed in the proposal The supplier agreed to verify the calculation before the next meeting.",The committee requested the vendor to revise the estimate since the total labor cost did not align with the hours listed in the proposal. The vendor agreed to review the calculation prior to the next meeting.,,,,,,,,,,,,
mp-01--qwen3-4b-incumbent--coedit-large-research,mp-01,modality_negation_precision,"The change might reduce startup time, but we do not have enough measurements to say that it definitely does. For now, the result should be treated as promising rather than conclusive.","This change may reduce startup times, but we don't have enough measurements yet to see if this is definitely the case. Until then, it's best to consider this as a promising result rather than a definitive result.","The change may reduce startup time, but we do not have enough measurements to confirm that it definitely does. For now, the result should be considered promising rather than conclusive.",,,,,,,,,,,,
mp-02--qwen3-4b-incumbent--coedit-large-research,mp-02,modality_negation_precision,"I would prefer to take the morning section, although I can attend the afternoon section if the morning one is full. I am not asking to be moved unless a seat is actually available.","I'd rather go to the morning part, but if the afternoon part is full, I'll take the afternoon part. I don't want to be moved unless there's a seat available.","I would prefer to take the morning section, but I am willing to attend the afternoon section if the morning one is full. I am not asking to be moved unless a seat is actually available.",,,,,,,,,,,,
mp-03--qwen3-4b-incumbent--coedit-large-research,mp-03,modality_negation_precision,"The sensor can detect a temperature change, but it cannot tell us what caused that change. A sudden increase could come from the heater, direct sunlight, or another source.","The sensor can detect a change in temperature, but it cannot tell us what caused it. A sudden increase in temperature may be caused by a heat pump, direct sunlight or another source.","The sensor can detect a temperature change, but it cannot determine the cause of that change. A sudden increase could result from the heater, direct sunlight, or another source.",,,,,,,,,,,,
mp-04--qwen3-4b-incumbent--coedit-large-research,mp-04,modality_negation_precision,The policy says employees should report suspected errors; it does not say they must prove an error occurred before reporting it.,It does not say that employees must prove an error has occurred before reporting it.,"The policy states that employees should report suspected errors, but it does not require them to prove an error occurred before reporting it.",,,,,,,,,,,,
mp-05--qwen3-4b-incumbent--coedit-large-research,mp-05,modality_negation_precision,"There is no evidence that the file was deleted intentionally. It may have been removed during cleanup, but the logs are incomplete, so that explanation is only a possibility.","There is no evidence that the file was intentionally deleted. It might have been deleted during the cleaning, but the logs are incomplete, so it is only a possibility.","There is no evidence that the file was deleted intentionally. It may have been removed during cleanup, but the logs are incomplete, so that explanation is only a possibility.",,,,,,,,,,,,
mp-06--qwen3-4b-incumbent--coedit-large-research,mp-06,modality_negation_precision,"The medication is expected to help most patients, but it does not guarantee that every patient will improve. Anyone with questions should speak with a clinician rather than changing the dose on their own.","It is expected that most patients will benefit from this medicine, but it does not guarantee that all patients will improve. Patients who have questions should consult a doctor rather than change the dose alone.","The medication is expected to help most patients, but it does not guarantee improvement for every individual. Those with questions should consult a clinician rather than adjusting the dose on their own.",,,,,,,,,,,,
fa-01--qwen3-4b-incumbent--coedit-large-research,fa-01,factual_anchors,"On September 14, 2026, Maya Chen paid $184.75 for the replacement part. The receipt says the part can be returned within 30 days if it has not been installed.","Maya Chen paid $184.75 for the replacement part on September 14, 2026, and the receipt said that the part could be returned within 30 days if it hadn't been installed.","On September 14, 2026, Maya Chen paid $184.75 for a replacement part. The receipt states that the part can be returned within 30 days if it has not been installed.",,,,,,,,,,,,
fa-02--qwen3-4b-incumbent--coedit-large-research,fa-02,factual_anchors,The lab recorded a pH of 6.4 before treatment and 7.1 afterward. The report calls the change 'modest but consistent' across the five samples.,"The laboratory recorded a pH of 6.4 before treatment and 7.1 afterward, which was referred to as 'modest but uniform' in all five specimens.","The lab recorded a pH of 6.4 before treatment and 7.1 after treatment. The report describes the change as ""modest but consistent"" across the five samples.",,,,,,,,,,,,
fa-03--qwen3-4b-incumbent--coedit-large-research,fa-03,factual_anchors,"Jordan Lee emailed the draft to review@example.org at 3:40 p.m. The subject line was 'Budget revision v2,' and the attachment was 2.8 MB.","Jordan Lee sent the draft to review@example.org at 3:40 p.m. The subject line was ""Budget revision v2,"" and the attachment was 2.8 MB.",At 3:40 p.m. Jordan Lee sent a draft to review@example.org under the heading 'Budget revision v2' and attached a 2.8 MB file.,,,,,,,,,,,,
fa-04--qwen3-4b-incumbent--coedit-large-research,fa-04,factual_anchors,"Section 4.2 requires a backup every 12 hours, not once per day. The exception applies only to systems that are offline for maintenance.",Only systems that is offline for maintenance are covered by Section 4.2.,"Section 4.2 specifies that a backup should be performed every 12 hours, not once per day. This requirement applies except for systems that is offline for maintenance.",,,,,,,,,,,,
fa-05--qwen3-4b-incumbent--coedit-large-research,fa-05,factual_anchors,"The shipment contained 18 blue units and 7 gray units. Two blue units were damaged, so the usable total was 23 units.","The shipment included 18 blue units and 7 gray units. Two of the blue units were damaged, resulting in an usable total of 23 units.","The shipment included 18 blue units and 7 gray units. Two blue units were damaged, so the total number of usable units were 23.",,,,,,,,,,,,
fa-06--qwen3-4b-incumbent--coedit-large-research,fa-06,factual_anchors,"The study ran from January through March 2026 and included 126 participants. Of those participants, 54 completed both follow-up surveys.","The study took place from January through March 2026 and involved 126 participants. Of these participants, 54 completed both follow-up surveys.",The study was carried out between January and March 2026 and 126 participants were involved and 54 completed both of the follow-up surveys.,,,,,,,,,,,,
gm-01--qwen3-4b-incumbent--coedit-large-research,gm-01,grammar_minimal_edit,The results was surprising because each of the samples were collected under the same conditions. I don't think the difference come from the equipment.,"The results were astonished, since all the samples had been taken under identical conditions. I don't think the difference has anything to do with the equipment.",The results were surprising because each sample was collected under the same conditions. I don't think the difference came from the equipment.,,,,,,,,,,,,
gm-02--qwen3-4b-incumbent--coedit-large-research,gm-02,grammar_minimal_edit,"She has went to the tutoring center twice this week, and both visits has helped her understand the material better.","She's been to the tutoring center twice this week, and both visits have made her understand the subject better.","She has gone to the tutoring center twice this week, and both visits have helped her understand the material better.",,,,,,,,,,,,
gm-03--qwen3-4b-incumbent--coedit-large-research,gm-03,grammar_minimal_edit,"There is several reasons the schedule need to change, but the main one are that the current times conflict with lab.","There's a lot of reasons to modify the program, but the main one's the fact that the present time clashes with the lab.","There are several reasons why the schedule needs to change, but the main one is that the current times conflict with lab sessions.",,,,,,,,,,,,
gm-04--qwen3-4b-incumbent--coedit-large-research,gm-04,grammar_minimal_edit,The advisor suggested me to wait until the final grade posts before I submit a new request.,I was advised to wait until my final grade was published before I submitted a new application.,The advisor recommended that I wait until the final grades are posted before submitting a new request.,,,,,,,,,,,,
gm-05--qwen3-4b-incumbent--coedit-large-research,gm-05,grammar_minimal_edit,Neither the new instructions nor the example explain what happens if a student submit the form late.,Neither the new instructions nor the example clarify what happens if a student submits the form is late.,What happens if a student submits the form late does not appear in the new instructions nor in the example.,,,,,,,,,,,,
gm-06--qwen3-4b-incumbent--coedit-large-research,gm-06,grammar_minimal_edit,"I was planning on finishing it yesterday, but the files I needed wasn't available until this morning.","I planned to finish it yesterday, but the files I needed were not available until this morning.","I was planning to finish it yesterday, but the files I needed weren't available until this morning.",,,,,,,,,,,,
ss-01--qwen3-4b-incumbent--coedit-large-research,ss-01,sentence_structure,The deadline moved to Friday. Because the vendor sent the corrected estimate late. Which gave the team less time to review the numbers.,"The deadline was moved to Friday because the vendor sent the corrected estimate late, which gave the team less time to review the numbers.","The deadline had been moved to Friday, because the supplier had sent the corrected estimate late, which had given the group less time to examine the data.",,,,,,,,,,,,
ss-02--qwen3-4b-incumbent--coedit-large-research,ss-02,sentence_structure,I opened the dashboard the totals looked wrong I refreshed the page nothing changed so I checked the raw file and found two duplicated rows.,"I opened the dashboard, and the totals looked wrong. I refreshed the page, but nothing changed. Then I checked the raw file and found two duplicated rows.","When I opened the Dashboard, the totals seemed wrong. I refreshed the page, nothing changed, so I checked the raw file and found two duplicate rows.",,,,,,,,,,,,
ss-03--qwen3-4b-incumbent--coedit-large-research,ss-03,sentence_structure,"After reviewing the application, the missing transcript was obvious to the advisor. The student had uploaded the other documents correctly.","After reviewing the application, the advisor found the missing transcript to be obvious. The student had correctly uploaded the other documents.","The advisor realized that the missing transcript was obvious after the application had been reviewed, while the student had correctly submitted the remaining documents.",,,,,,,,,,,,
ss-04--qwen3-4b-incumbent--coedit-large-research,ss-04,sentence_structure,"The internship requires writing weekly summaries, to attend a Friday meeting, and completing one final presentation.","The internship involves writing weekly summaries, attending a Friday meeting, and completing one final presentation.","The internship calls for weekly reports, a Friday meeting, and a final presentation.",,,,,,,,,,,,
ss-05--qwen3-4b-incumbent--coedit-large-research,ss-05,sentence_structure,"The first meeting was scheduled for Monday, but two people could not attend, and then it moved to Wednesday, and the room was unavailable, so now it is Thursday afternoon.","The first meeting was scheduled for Monday, but two people were unable to attend, so it was rescheduled for Wednesday and the room was not available, so it was held on Thursday afternoon.","The first meeting was scheduled for Monday, but two people could not attend, so it was moved to Wednesday. However, the room was unavailable, and it is now scheduled for Thursday afternoon.",,,,,,,,,,,,
ss-06--qwen3-4b-incumbent--coedit-large-research,ss-06,sentence_structure,The report includes the survey results. Along with a short explanation of the sampling method and why the response rate matters.,The results of the survey and a brief explanation of the sampling method and the importance of the response rate are included in the report.,"The report includes the survey results, along with a brief explanation of the sampling method and the importance of the response rate.",,,,,,,,,,,,
lc-01--qwen3-4b-incumbent--coedit-large-research,lc-01,lexical_collocation,The new checklist made a strong improvement in how consistently the team records equipment problems. People are now more likely to include the exact error message instead of a general description.,"The new checklist has made a significant improvement in the consistency of the team's recording of technical problems, and people are more likely to record the exact error description rather than the general description.",The new checklist significantly improved the team's consistency in recording equipment issues. People are now more likely to include the exact error message rather than a general description.,,,,,,,,,,,,
lc-02--qwen3-4b-incumbent--coedit-large-research,lc-02,lexical_collocation,"The professor gave a heavy warning that late submissions would receive a penalty. The warning was clear, but the exact size of the penalty was not listed.","The professor issued a clear warning that late submissions would incur a penalty. But the warning was straightforward, the specific details of the penalty were not provided.","The professor had given a strong warning that late submissions would be subject to a fine, but the exact amount of the fine was not given.",,,,,,,,,,,,
lc-03--qwen3-4b-incumbent--coedit-large-research,lc-03,lexical_collocation,The software performed a decision to close the connection after three failed attempts. That behavior prevents the client from waiting forever for a response.,This behaviour prevents the client from waiting forever for a response from the software.,The software closes the connection after three failed attempts. This behavior prevents the client from waiting indefinitely for a response.,,,,,,,,,,,,
lc-04--qwen3-4b-incumbent--coedit-large-research,lc-04,lexical_collocation,"The survey received a large interest from first-year students, especially those looking for evening sections. Interest from returning students was more moderate.","First-year students, especially those looking for evening courses, were most interested in the survey.","The survey generated significant interest among first-year students, particularly those seeking evening sections. Interest from returning students were more moderate.",,,,,,,,,,,,
lc-05--qwen3-4b-incumbent--coedit-large-research,lc-05,lexical_collocation,The team made an investigation into why the request failed and discovered that the token had expired. Renewing the token solved the problem immediately.,The team searched for the reason for the error and discovered that the token had expired.,The team investigated the reason for the request failure and found that the token had expired. Renewing the token resolved the issue immediately.,,,,,,,,,,,,
lc-06--qwen3-4b-incumbent--coedit-large-research,lc-06,lexical_collocation,"The explanation is technically correct, but the wording feels unusually bookish for a short message to classmates. I want it to sound normal without making it childish.","The explanation is technically correct, but the wording feels overly formal for a short message to classmates. I want it to sound natural without coming across as childish.","The explanation is technically correct, but the wording is unusually formal for a short message to classmates. I'd like it to sound normal, but not too childish.",,,,,,,,,,,,
rt-01--qwen3-4b-incumbent--coedit-large-research,rt-01,register_tone,"hey, just checking if friday at 3 still works for you. if not no worries, i can do later that afternoon too.","Just checking if Friday at 3 still works for you. If not, I can adjust to a later time that afternoon.","Hey, I'm checking if Friday at 3 works for you, if not, I can do it later in the afternoon, too.",,,,,,,,,,,,
rt-02--qwen3-4b-incumbent--coedit-large-research,rt-02,register_tone,"The whole signup process was honestly kind of a mess, but the staff member who helped me was great and got it sorted out pretty fast.","The whole signup process was a real mess, but the staff member who assisted me was very helpful and resolved it very quickly.","The entire signup process was honestly a bit of a mess, but the staff member who helped me was great and got it sorted out pretty quickly.",,,,,,,,,,,,
rt-03--qwen3-4b-incumbent--coedit-large-research,rt-03,register_tone,"I am writing to ask whether it would be possible to take the exam earlier that day. I have a required lab immediately afterward, so an earlier time would help me avoid a conflict.","I'd like to know if it's possible for me to take the exam the day after tomorrow, because I've got a lab appointment right afterward, so an earlier time would be good for me to avoid a conflict.","I am writing to ask if it would be possible to take the exam earlier in the day. I have a required lab immediately after, so an earlier time would help me avoid a conflict.",,,,,,,,,,,,
rt-04--qwen3-4b-incumbent--coedit-large-research,rt-04,register_tone,"ngl I thought the tutorial was gonna be useless, but it actually explained the one part I kept getting wrong. I still would not watch the whole thing again.","Honestly, I thought the tutorial would be useless, but it actually clarified the one part I was struggling with. I still wouldn’t watch the whole thing again.","Ngl I'd thought the tutorial was useless, but it actually explained one thing that I'd always made a mistake. And I still wouldn't do it again.",,,,,,,,,,,,
rt-05--qwen3-4b-incumbent--coedit-large-research,rt-05,register_tone,"The proposal is solid overall, but the budget section feels a little shaky because several costs are estimates instead of quotes. I would double-check those numbers before sending it.","The proposal is generally strong, but the budget section appears a bit uncertain because several costs are estimates rather than confirmed quotes. I would recommend verifying those figures before finalizing the document.","The proposal is solid, but the budget section is a bit sloppy because the cost of some of the expenditure is estimated rather than quotations. I would double-check those numbers before sending it.",,,,,,,,,,,,
rt-06--qwen3-4b-incumbent--coedit-large-research,rt-06,register_tone,"I appreciate the quick response. I am still confused about whether the form goes back to your office or directly to the testing center, so I want to make sure I send it to the right place.","I appreciate the quick response. I'm still unsure whether the form should be sent back to your office or directly to the testing center, so I want to make sure I send it to the correct location.","I'm still confused about whether the form should be sent back to your office or directly to the testing centre, so I want to be certain that I send it to the correct place.",,,,,,,,,,,,
pu-01--qwen3-4b-incumbent--coedit-large-research,pu-01,paragraph_unity_redundancy,The main benefit of the new form is that it asks for all required information in one place. That is useful because people no longer have to send a second email with missing details. The form is beneficial because it reduces the need for follow-up messages about information that was left out.,The main benefit of the new form is that it consolidates all required information in one place. This is useful because people no longer need to send a second email with missing details. The form is beneficial because it reduces the need for follow-up messages regarding missing information.,"The main advantage of the new form is that it asks for all the information that is needed in one place, so that people do not have to send a second email with the missing information.",,,,,,,,,,,,
pu-02--qwen3-4b-incumbent--coedit-large-research,pu-02,paragraph_unity_redundancy,"The lab report should explain why the result matters, not only list the measurements. The measurements still need to be included because they support the explanation. A good report connects the data to the conclusion instead of treating them as separate pieces.","The laboratory report should explain why the result is important, not just list the measurements. The measurements should still be included in the lab report because they support the explanation. A good lab report links the data to the conclusion rather than treating them separately.","The lab report should explain why the results are significant, not just list the measurements. The measurements are still necessary because they provide support for the explanation. A good report links the data to the conclusion rather than treating them as separate elements.",,,,,,,,,,,,
pu-03--qwen3-4b-incumbent--coedit-large-research,pu-03,paragraph_unity_redundancy,I use the calendar mostly to avoid missing small deadlines. It also helps me see when several assignments pile up in the same week. I like dark mode in most apps because bright screens bother me at night.,"I'm mostly using the calendar to avoid missing small deadlines, but also to see when a lot of work takes place at the same time. I like dark mode on most applications, because I don't like bright screens at night.",I use the calendar mainly to avoid missing small deadlines. It also helps me track when multiple assignments accumulate in the same week. I prefer dark mode in most apps because bright screens bother me at night.,,,,,,,,,,,,
pu-04--qwen3-4b-incumbent--coedit-large-research,pu-04,paragraph_unity_redundancy,"The update reduced the time needed to open large projects. Startup is faster now, and opening a large project takes less time than before. The improvement is most noticeable on projects with many files.","The update decreased the time required to open large projects. Startup is now faster, and opening a large project takes less time than it did before. The improvement is most noticeable in projects with most files.","The update has made it easier to start large projects, and it takes less time to open a large project than it used to. This improvement is particularly noticeable in projects with a lot of files.",,,,,,,,,,,,
pu-05--qwen3-4b-incumbent--coedit-large-research,pu-05,paragraph_unity_redundancy,The discussion board was more useful once people started responding to specific points instead of posting generic agreement. Those specific replies gave the original writer something concrete to answer. That made the conversation feel more like an actual discussion.,"The discussion board became more useful when people began responding to specific points instead of just posting general agreement. These specific replies provided the original writer with something concrete to address, making the conversation feel more like a real discussion.","As soon as people started answering specific questions rather than just agreeing, the discussion board became more useful.",,,,,,,,,,,,
pu-06--qwen3-4b-incumbent--coedit-large-research,pu-06,paragraph_unity_redundancy,"The first two steps of the setup are simple, but the third step assumes the user already knows where the configuration file is stored. That missing explanation is the main reason the instructions feel harder than the process actually is.","The first two steps of the setup are straightforward, but the third step assumes the user already knows where the configuration file is stored. This missing explanation is the main reason the instructions feel more complicated than the process truly is.","The first two steps are simple, but the third requires the user to already know where the configuration file is stored. This lack of explanation is the main reason the instructions feel more complicated than it really is.",,,,,,,,,,,,
ai-01--qwen3-4b-incumbent--coedit-large-research,ai-01,ambiguity_non_invention,"The meeting did not go the way I expected. Something came up near the end, and we decided to revisit the issue next week.","The meeting did not go as I had expected. Towards the end, something arose, and we decided to revisit the issue next week.","The meeting didn't go as I had expected, and at the end something happened that made us think about it again next week.",,,,,,,,,,,,
ai-02--qwen3-4b-incumbent--coedit-large-research,ai-02,ambiguity_non_invention,"The file disappeared sometime after lunch. I checked the shared folder and my downloads, but I still do not know whether it was moved, renamed, or deleted.","The file disappeared after lunch. I checked the shared folder and my downloads, but I still don't know if it was moved, renamed, or deleted.","I've looked at the shared folder and downloaded it, but I still don't know whether it was moved, renamed or deleted after lunch.",,,,,,,,,,,,
ai-03--qwen3-4b-incumbent--coedit-large-research,ai-03,ambiguity_non_invention,"People have raised concerns about the new process, but the notes do not say how many people complained or which part of the process bothered them.","Concerns have been raised about the new process, but the notes do not specify how many people complained or which aspect of the process was problematic.","People complained about the new procedure, but the reports do not say how many complained or what parts of the procedure were bothering them.",,,,,,,,,,,,
ai-04--qwen3-4b-incumbent--coedit-large-research,ai-04,ambiguity_non_invention,"The test failed after the configuration changed, but that timing alone does not prove the configuration caused the failure. No one has reproduced the problem yet.","The test failed after the configuration was changed, but the timing alone does not prove that the configuration caused the failure. No one has yet reproduced the problem.","No one has yet reproduced the error after changing the configuration, but the timing alone does not prove the error was caused by the configuration.",,,,,,,,,,,,
ai-05--qwen3-4b-incumbent--coedit-large-research,ai-05,ambiguity_non_invention,"The instructor said my explanation needs more support. I am not sure whether she wants another source, a better example, or a clearer connection to the evidence I already used.","I don't know whether he wants a different source, a better example, or a clearer connection to the evidence I've already used.","The instructor said my explanation needs more support. I'm not sure whether she wants another source, a better example, or a clearer connection to the evidence I already used.",,,,,,,,,,,,
ai-06--qwen3-4b-incumbent--coedit-large-research,ai-06,ambiguity_non_invention,The package arrived with damage on one corner. I cannot tell whether the item inside is damaged because I have not opened the box yet.,"I haven't opened the package yet, so I can't see if the contents are damaged.",The package arrived with damage on one corner. I cannot determine if the item inside is damaged because I have not yet opened the box.,,,,,,,,,,,,
me-01--qwen3-4b-incumbent--minicpm5-2b,me-01,meaning_equivalence,"I started using the new study schedule about two weeks ago. It has not made studying easier, but I waste less time deciding what to work on, which is why I plan to keep using it.","I started using the new study schedule two weeks ago. It hasn't made studying easier, but I spend less time deciding what to work on, which is why I plan to keep using it.","I've been using the new study schedule for about two weeks. It hasn't made studying easier, but I've found that I waste less time deciding what to work on. That's why I plan to keep using it.",,,,,,,,,,,,
me-02--qwen3-4b-incumbent--minicpm5-2b,me-02,meaning_equivalence,"The update looks smaller than the previous release because most of the changes are behind the scenes. The interface barely changed, but loading large files is noticeably faster on my laptop.","The update looks smaller than the previous release because most of the changes are behind the scenes. The interface barely changed, but loading large files are noticeably faster on my laptop.","The update appears smaller than the previous release because most of the changes are behind the scenes. The interface has changed very little, but loading large files are noticeably faster on my laptop.",,,,,,,,,,,,
me-03--qwen3-4b-incumbent--minicpm5-2b,me-03,meaning_equivalence,"I liked the presentation overall even though the first section dragged a little. Once the examples started, the argument became much easier to follow and the final recommendation made sense.","I liked the presentation overall, even though the first section dragged a little. Once the examples began, the argument became much easier to follow, and the final recommendation made sense.","I liked the presentation overall, even though the first section dragged a little. Once the examples started, the argument became much easier to follow, and the final recommendation made sense.",,,,,,,,,,,,
me-04--qwen3-4b-incumbent--minicpm5-2b,me-04,meaning_equivalence,The class is not difficult because of the amount of reading. The harder part is keeping track of several small assignments that are due on different days each week.,The class isn't difficult because of the amount of reading. The main challenge is keeping up with several small assignments that is due on different days each week.,The class isn't difficult because of the amount of reading. The harder part is keeping track of several small assignments that is due on different days each week.,,,,,,,,,,,,
me-05--qwen3-4b-incumbent--minicpm5-2b,me-05,meaning_equivalence,"My first draft was longer, but it was not actually more detailed. I had repeated the same point in several ways, so cutting those sentences made the explanation clearer without removing evidence.","My first draft was longer, but it wasn't more detailed. I had repeated the same point in several ways, so cutting those sentences made the explanation clearer without removing any evidence.","My first draft was longer, but it wasn't actually more detailed. I had repeated the same point in several ways, so cutting those sentences made the explanation clearer without removing evidence.",,,,,,,,,,,,
me-06--qwen3-4b-incumbent--minicpm5-2b,me-06,meaning_equivalence,"The professor did not say the proposal was wrong. She said the main idea was promising, but the evidence was too limited to support the conclusion yet.","The professor did not say the proposal was wrong. She said the main idea was promising, but the evidence was too limited to support the conclusion yet.","The professor did not say the proposal was incorrect. She noted that the main idea was promising, but the evidence was too limited to fully support the conclusion at this time.",,,,,,,,,,,,
co-01--qwen3-4b-incumbent--minicpm5-2b,co-01,cohesion_known_new,The biology lab introduced a new microscope camera last week. The camera can save images directly to the lab computers. Those saved images make it easier for students to compare samples after class.,The biology lab introduced a new microscope camera last week. The camera can save images directly to the lab computers. Those saved images make it easier for students to compare samples after class.,"The biology lab introduced a new microscope camera last week. The camera allows images to be saved directly to the lab computers, making it easier for students to compare samples after class.",,,,,,,,,,,,
co-02--qwen3-4b-incumbent--minicpm5-2b,co-02,cohesion_known_new,"The team found three duplicate records during the audit. Those duplicates came from an old import script. The script had been retired months ago, but its records were still present in the database.","The team identified three duplicate records during the audit. These duplicates originated from an old import script. The script had been retired months ago, but its records remained in the database.","The team found three duplicate records during the audit. Those duplicates came from an old import script. The script had been retired months ago, but its records were still present in the database.",,,,,,,,,,,,
co-03--qwen3-4b-incumbent--minicpm5-2b,co-03,cohesion_known_new,"A late shipment delayed the first test run. Because the test started late, the team had only one afternoon to review the results. That shorter review period is why several minor issues were not caught until the next day.","A late shipment was delayed the first test run. Because the test started late, the team had only one afternoon to review the results. That shorter review period is why several minor issues were not caught until the next day.","A late shipment was delayed the first test run. Because, the team had only one afternoon to review the results. The shorter review period led to several minor issues not being identified until the next day.",,,,,,,,,,,,
co-04--qwen3-4b-incumbent--minicpm5-2b,co-04,cohesion_known_new,"The survey showed that students wanted more evening tutoring. That preference was strongest among students who work during the day. Their schedules make daytime appointments difficult, so the department is considering a later tutoring block.","The survey showed that students wanted more evening tutoring. That preference was strongest among students who work during the day. Their schedules make daytime appointments difficult, so the department is considering a later tutoring block.","The survey indicated that students wanted more evening tutoring. This preference was most evident among students who work during the day. Their busy schedules make daytime tutoring appointments challenging, so the department is considering adding a later tutoring block.",,,,,,,,,,,,
co-05--qwen3-4b-incumbent--minicpm5-2b,co-05,cohesion_known_new,"The app stores approved examples in a local file. That file is loaded when the app starts and provides a small set of writing preferences. Those preferences can change ranking, but they do not override the safety checks.","App stores approve examples in a local file. That file is loaded when the app starts and provides a small set of writing preferences. Those preferences can change ranking, but they do not override the safety checks.","The app stores approved examples in a local file. This file is loaded when the app starts and provides a limited set of writing preferences. These preferences can affect the ranking, but they do not override the safety checks.",,,,,,,,,,,,
co-06--qwen3-4b-incumbent--minicpm5-2b,co-06,cohesion_known_new,"The first experiment used a smaller sample than planned. The smaller sample reduced the amount of data available for comparison. That limitation does not invalidate the experiment, but it makes the result less certain.","The first experiment used a smaller sample than planned. The smaller sample reduced the amount of data available for comparison. That limitation does not invalidate the experiment, but it makes the result less certain.","The first experiment used a smaller sample than planned. This smaller sample reduced the amount of data available for comparison. But the limitation does not invalidate the experiment, it makes the results less certain.",,,,,,,,,,,,
lr-01--qwen3-4b-incumbent--minicpm5-2b,lr-01,logical_relations,"The printer was working in the morning, but it stopped after the network settings were changed. Because the other printers stayed online, the technician thinks the problem is local to that machine rather than the whole network.","The printer was working in the morning, but it stopped after the network settings were changed. Because the other printers stayed online, the technician thinks the problem is local to that machine rather than the whole network.","The printer was working in the morning but stopped after the network settings were changed. Since the other printers remained online, the technician believes the issue is specific to that machine rather than the entire network.",,,,,,,,,,,,
lr-02--qwen3-4b-incumbent--minicpm5-2b,lr-02,logical_relations,"If the weather stays clear, the field work will begin Thursday. If it rains, the team will use Thursday for equipment checks instead and move the field work to Friday.","If the weather remains clear, field work will start on Thursday. If it rains, the team will use Thursday for equipment checks and move the field work to Friday.","If the weather stays clear, field work will begin Thursday. If it rains, the team will use Thursday for equipment checks instead and move the field work to Friday.",,,,,,,,,,,,
lr-03--qwen3-4b-incumbent--minicpm5-2b,lr-03,logical_relations,"The new process takes one extra step at the beginning, yet it usually saves time later because fewer requests are returned for missing information.","The new process adds one extra step at the beginning, yet it usually saves time later because fewer requests are returned for missing information.","The new process includes an additional step at the beginning, but it often saves time later because it results in fewer requests for missing information.",,,,,,,,,,,,
lr-04--qwen3-4b-incumbent--minicpm5-2b,lr-04,logical_relations,Maya finished the data cleanup before Jordan ran the analysis. That order matters because the earlier version of the dataset still contained duplicate rows.,Maya completed the data cleanup before Jordan ran the analysis. The order was important because the earlier version of the dataset still had duplicate rows.,Maya finished the data cleanup before Jordan ran the analysis. That order matters because the earlier version of the dataset still contained duplicate rows.,,,,,,,,,,,,
lr-05--qwen3-4b-incumbent--minicpm5-2b,lr-05,logical_relations,"Although the pilot did not reach its enrollment target, the participants who completed it reported fewer scheduling conflicts. The department therefore wants another trial before deciding whether to expand the program.","Although the pilot did not meet its enrollment target, participants who completed it reported fewer scheduling conflicts. The department therefore wants to conduct another trial before deciding whether to expand the program.","Although the pilot did not reach its enrollment target, the participants who completed it reported fewer scheduling conflicts. The department therefore wants another trial before deciding whether to expand the program.",,,,,,,,,,,,
lr-06--qwen3-4b-incumbent--minicpm5-2b,lr-06,logical_relations,"The first draft explains what happened, whereas the second draft explains why it happened. Both are accurate, but the second is more useful for the report because the assignment asks for analysis rather than summary.","The first draft explains what happened, whereas the second draft explains why it happened. Both are accurate, but the second is more useful for the report because the assignment asks for analysis rather than summary.","The first draft describes what happened, while the second draft explains why it happened. Both are accurate, but the second is more useful for the report because the assignment requires analysis rather than a summary.",,,,,,,,,,,,
rc-01--qwen3-4b-incumbent--minicpm5-2b,rc-01,reference_coreference,"Nina sent Priya the revised chart after Priya noticed the labeling error. She had already fixed the colors, so the only remaining change was the axis label.","Nina sent Priya the revised chart after Priya noticed the labeling error. She had already corrected the colors, so the only remaining change was the axis label.","Nina sent Priya the revised chart after Priya noticed the labeling error. She had already fixed the colors, so the only remaining change was the axis label.",,,,,,,,,,,,
rc-02--qwen3-4b-incumbent--minicpm5-2b,rc-02,reference_coreference,The advisor told the student that the registrar had not received the form. The student emailed the registrar that afternoon and learned that the attachment had been blocked by the mail system.,The advisor informed the student that the registrar had not received the form. The student then emailed the registrar that afternoon and found out that the attachment had been blocked by the mail system.,The advisor told the student that the registrar had not received the form. The student emailed the registrar that afternoon and learned that the attachment had been blocked by the mail system.,,,,,,,,,,,,
rc-03--qwen3-4b-incumbent--minicpm5-2b,rc-03,reference_coreference,"The battery warning appeared after the laptop was connected to the dock. Removing the dock made the warning disappear, which suggests the dock or its power adapter may be involved.","The battery warning appeared after the laptop was connected to the dock. Removing the dock made the warning disappear, which suggests the dock or its power adapter may be involved.","The battery warning appeared after the laptop was connected to the dock. Removing the dock caused the warning to disappear, suggesting that the dock or its power adapter may be the source of the issue.",,,,,,,,,,,,
rc-04--qwen3-4b-incumbent--minicpm5-2b,rc-04,reference_coreference,"Ava reviewed Liam's notes before he submitted the report. She corrected two dates in the notes, but he chose not to change the wording of the report itself.","Ava reviewed Liam's notes before he submitted the report. She corrected two dates in the notes, but he chose not to change the wording of the report itself.","Ava reviewed Liam's notes before he submitted the report. She corrected two dates in the notes, but he chose not to change the wording of the report itself.",,,,,,,,,,,,
rc-05--qwen3-4b-incumbent--minicpm5-2b,rc-05,reference_coreference,"The first server sends logs to the backup server every hour. If it stops responding, the backup keeps the most recent copy but does not automatically become the primary server.","The first server sends logs to the backup server every hour. If it stops responding, the backup keeps the most recent copy but does not automatically become the primary server.","The first server sends logs to the backup server every hour. If the primary server stops responding, the backup retains the most recent copy but does not automatically become the primary server.",,,,,,,,,,,,
rc-06--qwen3-4b-incumbent--minicpm5-2b,rc-06,reference_coreference,The committee asked the vendor to revise the estimate because its labor total did not match the hours listed in the proposal. The vendor agreed to check the calculation before the next meeting.,The committee asked the vendor to revise the estimate because the labor total did not match the hours listed in the proposal. The vendor agreed to check the calculation before the next meeting.,The committee requested the vendor to revise the estimate since the total labor cost did not align with the hours listed in the proposal. The vendor agreed to review the calculation prior to the next meeting.,,,,,,,,,,,,
mp-01--qwen3-4b-incumbent--minicpm5-2b,mp-01,modality_negation_precision,"The change might reduce startup time, but we do not have enough measurements to say that it definitely does. For now, the result should be treated as promising rather than conclusive.","The change may reduce startup time, but we do not have enough measurements to confirm that it definitely does. For now, the result should be considered promising rather than conclusive.","The change might reduce startup time, but we do not have enough measurements to say that it definitely does. For now, the result should be treated as promising rather than conclusive.",,,,,,,,,,,,
mp-02--qwen3-4b-incumbent--minicpm5-2b,mp-02,modality_negation_precision,"I would prefer to take the morning section, although I can attend the afternoon section if the morning one is full. I am not asking to be moved unless a seat is actually available.","I would prefer to take the morning section, although I can attend the afternoon section if the morning one is full. I am not asking to be moved unless a seat is actually available.","I would prefer to take the morning section, but I am willing to attend the afternoon section if the morning one is full. I am not asking to be moved unless a seat is actually available.",,,,,,,,,,,,
mp-03--qwen3-4b-incumbent--minicpm5-2b,mp-03,modality_negation_precision,"The sensor can detect a temperature change, but it cannot tell us what caused that change. A sudden increase could come from the heater, direct sunlight, or another source.","The sensor can detect a temperature change, but it cannot determine the cause of that change. A sudden increase could result from the heater, direct sunlight, or another source.","The sensor can detect a temperature change, but it cannot tell us what caused that change. A sudden increase could come from the heater, direct sunlight, or another source.",,,,,,,,,,,,
mp-04--qwen3-4b-incumbent--minicpm5-2b,mp-04,modality_negation_precision,The policy says employees should report suspected errors; it does not say they must prove an error occurred before reporting it.,"The policy states that employees should report suspected errors, but it does not require them to prove that an error actually occurred before making the report.","The policy states that employees should report suspected errors, but it does not require them to prove an error occurred before reporting it.",,,,,,,,,,,,
mp-05--qwen3-4b-incumbent--minicpm5-2b,mp-05,modality_negation_precision,"There is no evidence that the file was deleted intentionally. It may have been removed during cleanup, but the logs are incomplete, so that explanation is only a possibility.","There is no evidence that the file was deleted intentionally. It may have been removed during cleanup, but the logs are incomplete, so that explanation is only a possibility.","There is no evidence that the file was deleted intentionally. It may have been removed during cleanup, but the logs are incomplete, so that explanation is only a possibility.",,,,,,,,,,,,
mp-06--qwen3-4b-incumbent--minicpm5-2b,mp-06,modality_negation_precision,"The medication is expected to help most patients, but it does not guarantee that every patient will improve. Anyone with questions should speak with a clinician rather than changing the dose on their own.","The medication is expected to help most patients, but it does not guarantee that every patient will improve. Anyone with questions should speak with a clinician rather than changing the dose on their own.","The medication is expected to help most patients, but it does not guarantee improvement for every individual. Those with questions should consult a clinician rather than adjusting the dose on their own.",,,,,,,,,,,,
fa-01--qwen3-4b-incumbent--minicpm5-2b,fa-01,factual_anchors,"On September 14, 2026, Maya Chen paid $184.75 for the replacement part. The receipt says the part can be returned within 30 days if it has not been installed.","On September 14, 2026, Maya Chen paid $184.75 for the replacement part. The receipt states that the part can be returned within 30 days if it has not been installed.","On September 14, 2026, Maya Chen paid $184.75 for a replacement part. The receipt states that the part can be returned within 30 days if it has not been installed.",,,,,,,,,,,,
fa-02--qwen3-4b-incumbent--minicpm5-2b,fa-02,factual_anchors,The lab recorded a pH of 6.4 before treatment and 7.1 afterward. The report calls the change 'modest but consistent' across the five samples.,"The lab recorded a pH of 6.4 before treatment and 7.1 after treatment. The report describes the change as ""modest but consistent"" across the five samples.",The lab recorded a pH of 6.4 before treatment and 7.1 afterward. The report calls the change 'modest but consistent' across the five samples.,,,,,,,,,,,,
fa-03--qwen3-4b-incumbent--minicpm5-2b,fa-03,factual_anchors,"Jordan Lee emailed the draft to review@example.org at 3:40 p.m. The subject line was 'Budget revision v2,' and the attachment was 2.8 MB.","Jordan Lee sent the draft to review@example.org at 3:40 p.m. The subject line was ""Budget revision v2,"" and the attachment was 2.8 MB.","Jordan Lee emailed the draft to review@example.org at 3:40 p.m. The subject line was 'Budget revision v2,' and the attachment was 2.8 MB.",,,,,,,,,,,,
fa-04--qwen3-4b-incumbent--minicpm5-2b,fa-04,factual_anchors,"Section 4.2 requires a backup every 12 hours, not once per day. The exception applies only to systems that are offline for maintenance.","Section 4.2 specifies that a backup should be performed every 12 hours, not once per day. This requirement applies except for systems that is offline for maintenance.","Section 4.2 requires a backup every 12 hours, not once per day. The exception applies only to systems that is offline for maintenance.",,,,,,,,,,,,
fa-05--qwen3-4b-incumbent--minicpm5-2b,fa-05,factual_anchors,"The shipment contained 18 blue units and 7 gray units. Two blue units were damaged, so the usable total was 23 units.","The shipment included 18 blue units and 7 gray units. Two of the blue units were damaged, resulting in an usable total of 23 units.","The shipment contained 18 blue units and 7 gray units. Two blue units were damaged, so the usable total was 23 units.",,,,,,,,,,,,
fa-06--qwen3-4b-incumbent--minicpm5-2b,fa-06,factual_anchors,"The study ran from January through March 2026 and included 126 participants. Of those participants, 54 completed both follow-up surveys.","The study took place from January through March 2026 and involved 126 participants. Of these participants, 54 completed both follow-up surveys.","The study ran from January through March 2026 and included 126 participants. Of those participants, 54 completed both follow-up surveys.",,,,,,,,,,,,
gm-01--qwen3-4b-incumbent--minicpm5-2b,gm-01,grammar_minimal_edit,The results was surprising because each of the samples were collected under the same conditions. I don't think the difference come from the equipment.,The results were surprising because each of the samples was collected under the same conditions. I don't think the difference comes from the equipment.,The results were surprising because each sample was collected under the same conditions. I don't think the difference came from the equipment.,,,,,,,,,,,,
gm-02--qwen3-4b-incumbent--minicpm5-2b,gm-02,grammar_minimal_edit,"She has went to the tutoring center twice this week, and both visits has helped her understand the material better.","She has gone to the tutoring center twice this week, and both visits have helped her understand the material better.","She has gone to the tutoring center twice this week, and both visits have helped her understand the material better.",,,,,,,,,,,,
gm-03--qwen3-4b-incumbent--minicpm5-2b,gm-03,grammar_minimal_edit,"There is several reasons the schedule need to change, but the main one are that the current times conflict with lab.","There are several reasons why the schedule needs to change, but the main one is that the current times conflict with lab sessions.","There are several reasons the schedule needs to change, but the main one is that the current times conflict with the lab.",,,,,,,,,,,,
gm-04--qwen3-4b-incumbent--minicpm5-2b,gm-04,grammar_minimal_edit,The advisor suggested me to wait until the final grade posts before I submit a new request.,The advisor recommended that I wait until the final grades are posted before submitting a new request.,The advisor suggested that I wait until the final grade posts before I submit a new request.,,,,,,,,,,,,
gm-05--qwen3-4b-incumbent--minicpm5-2b,gm-05,grammar_minimal_edit,Neither the new instructions nor the example explain what happens if a student submit the form late.,Neither the new instructions nor the example explains what happens if a student submits the form is late.,Neither the new instructions nor the example clarify what happens if a student submits the form is late.,,,,,,,,,,,,
gm-06--qwen3-4b-incumbent--minicpm5-2b,gm-06,grammar_minimal_edit,"I was planning on finishing it yesterday, but the files I needed wasn't available until this morning.","I was planning to finish it yesterday, but the files I needed weren't available until this morning.","I was planning to finish it yesterday, but the files I needed weren't available until this morning.",,,,,,,,,,,,
ss-01--qwen3-4b-incumbent--minicpm5-2b,ss-01,sentence_structure,The deadline moved to Friday. Because the vendor sent the corrected estimate late. Which gave the team less time to review the numbers.,"The deadline moved to Friday. Because the vendor sent the corrected estimate late, which gave the team less time to review the numbers.","The deadline was moved to Friday because the vendor sent the corrected estimate late, which gave the team less time to review the numbers.",,,,,,,,,,,,
ss-02--qwen3-4b-incumbent--minicpm5-2b,ss-02,sentence_structure,I opened the dashboard the totals looked wrong I refreshed the page nothing changed so I checked the raw file and found two duplicated rows.,"I opened the dashboard and noticed the totals looked wrong. I refreshed the page, but nothing changed, so I checked the raw file and found two duplicated rows.","I opened the dashboard, and the totals looked wrong. I refreshed the page, but nothing changed. Then I checked the raw file and found two duplicated rows.",,,,,,,,,,,,
ss-03--qwen3-4b-incumbent--minicpm5-2b,ss-03,sentence_structure,"After reviewing the application, the missing transcript was obvious to the advisor. The student had uploaded the other documents correctly.","After reviewing the application, the advisor found the missing transcript to be obvious. The student had correctly uploaded the other documents.","After reviewing the application, the missing transcript was obvious to the advisor. The student had uploaded the other documents correctly.",,,,,,,,,,,,
ss-04--qwen3-4b-incumbent--minicpm5-2b,ss-04,sentence_structure,"The internship requires writing weekly summaries, to attend a Friday meeting, and completing one final presentation.","The internship requires writing weekly summaries, attending a Friday meeting, and completing one final presentation.","The internship involves writing weekly summaries, attending a Friday meeting, and completing one final presentation.",,,,,,,,,,,,
ss-05--qwen3-4b-incumbent--minicpm5-2b,ss-05,sentence_structure,"The first meeting was scheduled for Monday, but two people could not attend, and then it moved to Wednesday, and the room was unavailable, so now it is Thursday afternoon.","The first meeting was scheduled for Monday, but two people could not attend, and then it moved to Wednesday, and the room was unavailable, so now it is Thursday afternoon.","The first meeting was scheduled for Monday, but two people could not attend, so it was moved to Wednesday. However, the room was unavailable, and it is now scheduled for Thursday afternoon.",,,,,,,,,,,,
ss-06--qwen3-4b-incumbent--minicpm5-2b,ss-06,sentence_structure,The report includes the survey results. Along with a short explanation of the sampling method and why the response rate matters.,"The report includes the survey results, along with a short explanation of the sampling method and why the response rate matters.","The report includes the survey results, along with a brief explanation of the sampling method and the importance of the response rate.",,,,,,,,,,,,
lc-01--qwen3-4b-incumbent--minicpm5-2b,lc-01,lexical_collocation,The new checklist made a strong improvement in how consistently the team records equipment problems. People are now more likely to include the exact error message instead of a general description.,The new checklist significantly improved the team's consistency in recording equipment issues. People are now more likely to include the exact error message rather than a general description.,The new checklist has made a strong improvement in how consistently the team records equipment problems. People are now more likely to include the exact error message instead of a general description.,,,,,,,,,,,,
lc-02--qwen3-4b-incumbent--minicpm5-2b,lc-02,lexical_collocation,"The professor gave a heavy warning that late submissions would receive a penalty. The warning was clear, but the exact size of the penalty was not listed.","The professor issued a clear warning that late submissions would incur a penalty. But the warning was straightforward, the specific details of the penalty were not provided.","The professor gave a heavy warning that late submissions would receive a penalty. The warning was clear, but the exact size of the penalty was not listed.",,,,,,,,,,,,
lc-03--qwen3-4b-incumbent--minicpm5-2b,lc-03,lexical_collocation,The software performed a decision to close the connection after three failed attempts. That behavior prevents the client from waiting forever for a response.,The software closes the connection after three failed attempts. This behavior prevents the client from waiting indefinitely for a response.,The software decided to close the connection after three failed attempts. This behavior prevents the client from waiting indefinitely for a response.,,,,,,,,,,,,
lc-04--qwen3-4b-incumbent--minicpm5-2b,lc-04,lexical_collocation,"The survey received a large interest from first-year students, especially those looking for evening sections. Interest from returning students was more moderate.","The survey received significant interest from first-year students, particularly those seeking evening sections. Interest from returning students were more moderate.","The survey generated significant interest among first-year students, particularly those seeking evening sections. Interest from returning students were more moderate.",,,,,,,,,,,,
lc-05--qwen3-4b-incumbent--minicpm5-2b,lc-05,lexical_collocation,The team made an investigation into why the request failed and discovered that the token had expired. Renewing the token solved the problem immediately.,The team investigated why the request failed and discovered that the token had expired. Renewing the token solved the problem immediately.,The team investigated the reason for the request failure and found that the token had expired. Renewing the token resolved the issue immediately.,,,,,,,,,,,,
lc-06--qwen3-4b-incumbent--minicpm5-2b,lc-06,lexical_collocation,"The explanation is technically correct, but the wording feels unusually bookish for a short message to classmates. I want it to sound normal without making it childish.","The explanation is technically correct, but the wording feels overly formal for a short message to classmates. I want it to sound natural without coming across as childish.","The explanation is technically correct, but the wording feels unusually bookish for a short message to classmates. I want it to sound normal without making it childish.",,,,,,,,,,,,
rt-01--qwen3-4b-incumbent--minicpm5-2b,rt-01,register_tone,"hey, just checking if friday at 3 still works for you. if not no worries, i can do later that afternoon too.","Just checking if Friday at 3 still works for you. If not, I can adjust to a later time that afternoon.","Just checking if Friday at 3 still works for you. If not, no worries—I can do later that afternoon too.",,,,,,,,,,,,
rt-02--qwen3-4b-incumbent--minicpm5-2b,rt-02,register_tone,"The whole signup process was honestly kind of a mess, but the staff member who helped me was great and got it sorted out pretty fast.","The entire signup process was honestly a bit of a mess, but the staff member who helped me was great and got it sorted out pretty quickly.","The whole signup process was honestly kind of a mess, but the staff member who helped me was great and got it sorted out pretty fast.",,,,,,,,,,,,
rt-03--qwen3-4b-incumbent--minicpm5-2b,rt-03,register_tone,"I am writing to ask whether it would be possible to take the exam earlier that day. I have a required lab immediately afterward, so an earlier time would help me avoid a conflict.","I am writing to ask whether it would be possible to take the exam earlier that day. I have a required lab immediately afterward, so an earlier time would help me avoid a conflict.","I am writing to ask if it would be possible to take the exam earlier in the day. I have a required lab immediately after, so an earlier time would help me avoid a conflict.",,,,,,,,,,,,
rt-04--qwen3-4b-incumbent--minicpm5-2b,rt-04,register_tone,"ngl I thought the tutorial was gonna be useless, but it actually explained the one part I kept getting wrong. I still would not watch the whole thing again.","Honestly, I thought the tutorial would be useless, but it actually clarified the one part I was struggling with. I still wouldn’t watch the whole thing again.","I figured the tutorial would be useless, but it actually explained the one part I kept getting wrong. I still wouldn't watch the whole thing again.",,,,,,,,,,,,
rt-05--qwen3-4b-incumbent--minicpm5-2b,rt-05,register_tone,"The proposal is solid overall, but the budget section feels a little shaky because several costs are estimates instead of quotes. I would double-check those numbers before sending it.","The proposal is solid overall, but the budget section feels a little shaky because several costs are estimates instead of quotes. I would double-check those numbers before sending it.","The proposal is generally strong, but the budget section appears a bit uncertain because several costs are estimates rather than confirmed quotes. I would recommend verifying those figures before finalizing the document.",,,,,,,,,,,,
rt-06--qwen3-4b-incumbent--minicpm5-2b,rt-06,register_tone,"I appreciate the quick response. I am still confused about whether the form goes back to your office or directly to the testing center, so I want to make sure I send it to the right place.","I appreciate the quick response. I'm still unsure whether the form should be sent back to your office or directly to the testing center, so I want to make sure I send it to the correct location.","I appreciate the quick response. I'm still a bit confused about whether the form goes back to your office or directly to the testing center, so I want to make sure I send it to the right place.",,,,,,,,,,,,
pu-01--qwen3-4b-incumbent--minicpm5-2b,pu-01,paragraph_unity_redundancy,The main benefit of the new form is that it asks for all required information in one place. That is useful because people no longer have to send a second email with missing details. The form is beneficial because it reduces the need for follow-up messages about information that was left out.,The main benefit of the new form is that it asks for all required information in one place. That is useful because people no longer have to send a second email with missing details. The form is beneficial because it reduces the need for follow-up messages about information that was left out.,The main benefit of the new form is that it consolidates all required information in one place. This is useful because people no longer need to send a second email with missing details. The form is beneficial because it reduces the need for follow-up messages regarding missing information.,,,,,,,,,,,,
pu-02--qwen3-4b-incumbent--minicpm5-2b,pu-02,paragraph_unity_redundancy,"The lab report should explain why the result matters, not only list the measurements. The measurements still need to be included because they support the explanation. A good report connects the data to the conclusion instead of treating them as separate pieces.","The lab report should explain why the results are significant, not just list the measurements. The measurements are still necessary because they provide support for the explanation. A good report links the data to the conclusion rather than treating them as separate elements.","The lab report should explain why the result matters, not only list the measurements. The measurements still need to be included because they support the explanation. A good report connects the data to the conclusion instead of treating them as separate pieces.",,,,,,,,,,,,
pu-03--qwen3-4b-incumbent--minicpm5-2b,pu-03,paragraph_unity_redundancy,I use the calendar mostly to avoid missing small deadlines. It also helps me see when several assignments pile up in the same week. I like dark mode in most apps because bright screens bother me at night.,I use the calendar mostly to avoid missing small deadlines. It also helps me see when several assignments pile up in the same week. I like dark mode in most apps because bright screens bother me at night.,I use the calendar mainly to avoid missing small deadlines. It also helps me track when multiple assignments accumulate in the same week. I prefer dark mode in most apps because bright screens bother me at night.,,,,,,,,,,,,
pu-04--qwen3-4b-incumbent--minicpm5-2b,pu-04,paragraph_unity_redundancy,"The update reduced the time needed to open large projects. Startup is faster now, and opening a large project takes less time than before. The improvement is most noticeable on projects with many files.","The update decreased the time required to open large projects. Startup is now faster, and opening a large project takes less time than it did before. The improvement is most noticeable in projects with most files.","The update made it quicker to open large projects. Startups are now faster, and opening a large project takes less time than before. This improvement is most noticeable on projects with most files.",,,,,,,,,,,,
pu-05--qwen3-4b-incumbent--minicpm5-2b,pu-05,paragraph_unity_redundancy,The discussion board was more useful once people started responding to specific points instead of posting generic agreement. Those specific replies gave the original writer something concrete to answer. That made the conversation feel more like an actual discussion.,"The discussion board became more useful when people began responding to specific points instead of just posting general agreement. These specific replies provided the original writer with something concrete to address, making the conversation feel more like a real discussion.",The discussion board became more useful once people started responding to specific points instead of posting generic agreement. Those specific replies gave the original writer something concrete to answer. That made the conversation feel more like an actual discussion.,,,,,,,,,,,,
pu-06--qwen3-4b-incumbent--minicpm5-2b,pu-06,paragraph_unity_redundancy,"The first two steps of the setup are simple, but the third step assumes the user already knows where the configuration file is stored. That missing explanation is the main reason the instructions feel harder than the process actually is.","The first two steps of the setup are straightforward, but the third step assumes the user already knows where the configuration file is stored. This missing explanation is the main reason the instructions feel more complicated than the process truly is.","The first two steps of the setup are simple, but the third step assumes the user already knows where the configuration file is stored. That missing explanation is the main reason the instructions feel harder than the process actually is.",,,,,,,,,,,,
ai-01--qwen3-4b-incumbent--minicpm5-2b,ai-01,ambiguity_non_invention,"The meeting did not go the way I expected. Something came up near the end, and we decided to revisit the issue next week.","The meeting did not go as I had expected. Towards the end, something arose, and we decided to revisit the issue next week.","The meeting didn't go as I'd expected. Something came up near the end, and we decided to revisit the issue next week.",,,,,,,,,,,,
ai-02--qwen3-4b-incumbent--minicpm5-2b,ai-02,ambiguity_non_invention,"The file disappeared sometime after lunch. I checked the shared folder and my downloads, but I still do not know whether it was moved, renamed, or deleted.","The file disappeared sometime after lunch. I checked the shared folder and my downloads, but I still do not know whether it was moved, renamed, or deleted.","The file disappeared after lunch. I checked the shared folder and my downloads, but I still don't know if it was moved, renamed, or deleted.",,,,,,,,,,,,
ai-03--qwen3-4b-incumbent--minicpm5-2b,ai-03,ambiguity_non_invention,"People have raised concerns about the new process, but the notes do not say how many people complained or which part of the process bothered them.","Concerns have been raised about the new process, but the notes do not specify how many people complained or which aspect of the process was problematic.","People have raised concerns about the new process, but the notes do not say how many people complained or which part of the process bothered them.",,,,,,,,,,,,
ai-04--qwen3-4b-incumbent--minicpm5-2b,ai-04,ambiguity_non_invention,"The test failed after the configuration changed, but that timing alone does not prove the configuration caused the failure. No one has reproduced the problem yet.","The test failed after the configuration changed, but that timing alone does not prove the configuration caused the failure. No one has reproduced the problem yet.","The test failed after the configuration was changed, but the timing alone does not prove that the configuration caused the failure. No one has yet reproduced the problem.",,,,,,,,,,,,
ai-05--qwen3-4b-incumbent--minicpm5-2b,ai-05,ambiguity_non_invention,"The instructor said my explanation needs more support. I am not sure whether she wants another source, a better example, or a clearer connection to the evidence I already used.","The instructor said my explanation needs more support. I am not sure whether she wants another source, a better example, or a clearer connection to the evidence I already used.","The instructor said my explanation needs more support. I'm not sure whether she wants another source, a better example, or a clearer connection to the evidence I already used.",,,,,,,,,,,,
ai-06--qwen3-4b-incumbent--minicpm5-2b,ai-06,ambiguity_non_invention,The package arrived with damage on one corner. I cannot tell whether the item inside is damaged because I have not opened the box yet.,The package arrived with damage on one corner. I cannot tell whether the item inside is damaged because I have not opened the box yet.,The package arrived with damage on one corner. I cannot determine if the item inside is damaged because I have not yet opened the box.,,,,,,,,,,,,
me-01--qwen35-4b-control--coedit-large-research,me-01,meaning_equivalence,"I started using the new study schedule about two weeks ago. It has not made studying easier, but I waste less time deciding what to work on, which is why I plan to keep using it.","I began using the new study schedule about two weeks ago. But it hasn't made studying easier, it has reduced the time I spend deciding what to work on, which is why I plan to continue using it.","About 2 weeks ago, I started using this new study plan, and it hasn't made studying easier, but I've been wasting less time deciding what to do. And that's why I'm going to keep using it.",,,,,,,,,,,,
me-02--qwen35-4b-control--coedit-large-research,me-02,meaning_equivalence,"The update looks smaller than the previous release because most of the changes are behind the scenes. The interface barely changed, but loading large files is noticeably faster on my laptop.","It's a bit smaller than the previous release, because most of the changes were made in the background. The interface hasn't changed much, but loading large files on my laptop is much faster.","The update appears smaller than the previous release because most of the changes are behind the scenes. But the interface barely changed, loading large files are noticeably faster on my laptop.",,,,,,,,,,,,
me-03--qwen35-4b-control--coedit-large-research,me-03,meaning_equivalence,"I liked the presentation overall even though the first section dragged a little. Once the examples started, the argument became much easier to follow and the final recommendation made sense.","I liked the presentation overall, even though the first section dragged a bit. Once the examples began, the argument became much easier to follow, and the final recommendation made sense.","Even though the first part of the presentation was a bit long, the argument was much easier to understand when the examples began, and the final recommendation made sense to me.",,,,,,,,,,,,
me-04--qwen35-4b-control--coedit-large-research,me-04,meaning_equivalence,The class is not difficult because of the amount of reading. The harder part is keeping track of several small assignments that are due on different days each week.,"It's not difficult to read, but keeping track of a couple of small tasks that has to be done on different days in a week is more difficult.",The class isn't difficult because of the amount of reading; the real challenge is keeping track of several small assignments that is due on different days each week.,,,,,,,,,,,,
me-05--qwen35-4b-control--coedit-large-research,me-05,meaning_equivalence,"My first draft was longer, but it was not actually more detailed. I had repeated the same point in several ways, so cutting those sentences made the explanation clearer without removing evidence.","My first draft was longer, though not necessarily more detailed. Because I had repeated the same point in several ways, cutting those redundant sentences made the explanation clearer without removing any evidence.","I had written a longer first draft, but it wasn't really more detailed. I had repeated the same idea in a number of ways, so I cut those sentences down so that the explanation didn't lose any evidence.",,,,,,,,,,,,
me-06--qwen35-4b-control--coedit-large-research,me-06,meaning_equivalence,"The professor did not say the proposal was wrong. She said the main idea was promising, but the evidence was too limited to support the conclusion yet.","The professor did not say the proposal was wrong; rather, she noted that while the main idea was promising, the evidence was too limited to support the conclusion at this time.","The professor didn't say the proposal was wrong, she said the central idea was promising, but the evidence was too weak to support it.",,,,,,,,,,,,
co-01--qwen35-4b-control--coedit-large-research,co-01,cohesion_known_new,The biology lab introduced a new microscope camera last week. The camera can save images directly to the lab computers. Those saved images make it easier for students to compare samples after class.,"Last week, a new microscope camera was installed in the biology lab, which makes it easier for students to compare their specimens after class.","Last week, the biology lab introduced a new microscope camera that saves images directly to the lab computers, making it easier for students to compare samples after class.",,,,,,,,,,,,
co-02--qwen35-4b-control--coedit-large-research,co-02,cohesion_known_new,"The team found three duplicate records during the audit. Those duplicates came from an old import script. The script had been retired months ago, but its records were still present in the database.","The audit team found three duplicate records in an old import script, which had been retired several months ago, but was still present in the database.","During the audit, the team discovered three duplicate records that originated from an old import script. Although the script had been retired months ago, its data remained in the database.",,,,,,,,,,,,
co-03--qwen35-4b-control--coedit-large-research,co-03,cohesion_known_new,"A late shipment delayed the first test run. Because the test started late, the team had only one afternoon to review the results. That shorter review period is why several minor issues were not caught until the next day.","The first test had been was delayed by a late delivery, and the team had only one afternoon to examine the results, so that several minor faults had not been discovered until the next day.","A late shipment was delayed the first test run, leaving the team with only one afternoon to review the results. Consequently, several minor issues were not identified until the following day.",,,,,,,,,,,,
co-04--qwen35-4b-control--coedit-large-research,co-04,cohesion_known_new,"The survey showed that students wanted more evening tutoring. That preference was strongest among students who work during the day. Their schedules make daytime appointments difficult, so the department is considering a later tutoring block.","The survey revealed that students expressed a desire for more evening tutoring, with this preference being particularly strong among those who work during the day. Since their schedules make daytime appointments difficult, the department is currently considering offering a later tutoring block.","Students who worked during the day were most interested in evening tutoring, and their schedules made daytime appointments difficult, so the department is planning a later tutoring block.",,,,,,,,,,,,
co-05--qwen35-4b-control--coedit-large-research,co-05,cohesion_known_new,"The app stores approved examples in a local file. That file is loaded when the app starts and provides a small set of writing preferences. Those preferences can change ranking, but they do not override the safety checks.","The app stores approved examples in a local file, which is loaded when the app starts to provide a small set of writing preferences. While these preferences can influence ranking, they do not override safety checks.","The app stores approved examples in a local file, which is loaded when the app starts and provides a small set of writing preferences. The preferences can affect the ranking, but they do not override the safety checks.",,,,,,,,,,,,
co-06--qwen35-4b-control--coedit-large-research,co-06,cohesion_known_new,"The first experiment used a smaller sample than planned. The smaller sample reduced the amount of data available for comparison. That limitation does not invalidate the experiment, but it makes the result less certain.","The first experiment used a smaller sample than planned, which reduced the number of data available for comparison. This limitation does not invalidate the experiment, but makes the result less certain.","The first experiment utilized a smaller sample size than originally planned, which reduced the amount of data available for comparison. While this limitation does not invalidate the experiment, it does make the results less certain.",,,,,,,,,,,,
lr-01--qwen35-4b-control--coedit-large-research,lr-01,logical_relations,"The printer was working in the morning, but it stopped after the network settings were changed. Because the other printers stayed online, the technician thinks the problem is local to that machine rather than the whole network.","The printer worked in the morning, but it stopped but the network settings were changed. Because the other printers were still online, the tech thinks the problem is with the printer in particular rather than the entire network.","The printer was functioning in the morning but stopped after network settings were changed. Since the other printers remained online, the technician believes the issue is specific to that machine rather than affecting the entire network.",,,,,,,,,,,,
lr-02--qwen35-4b-control--coedit-large-research,lr-02,logical_relations,"If the weather stays clear, the field work will begin Thursday. If it rains, the team will use Thursday for equipment checks instead and move the field work to Friday.","If the weather remains clear, field work will begin on Thursday; however, if it rains, the team will use Thursday for equipment checks and move the field work to Friday.","If it's clear, the field work will start Thursday, but if it's raining, the team will use Thursday to check the equipment and move the field work to Friday.",,,,,,,,,,,,
lr-03--qwen35-4b-control--coedit-large-research,lr-03,logical_relations,"The new process takes one extra step at the beginning, yet it usually saves time later because fewer requests are returned for missing information.","At first, a new procedure takes one more step, but it usually saves time in the long run because fewer requests for missing information are returned.","The new process includes one additional step at the beginning, because it typically saves time later by reducing the number of requests that need to be returned for missing information.",,,,,,,,,,,,
lr-04--qwen35-4b-control--coedit-large-research,lr-04,logical_relations,Maya finished the data cleanup before Jordan ran the analysis. That order matters because the earlier version of the dataset still contained duplicate rows.,"Before Jordan started the analysis, Maya had completed the data cleansing. This was important, since the earlier version of the data had duplicated rows.","Maya completed the data cleanup before Jordan ran the analysis, as the earlier version of the dataset still contained duplicate rows.",,,,,,,,,,,,
lr-05--qwen35-4b-control--coedit-large-research,lr-05,logical_relations,"Although the pilot did not reach its enrollment target, the participants who completed it reported fewer scheduling conflicts. The department therefore wants another trial before deciding whether to expand the program.","Although the pilot did not meet its enrollment target, participants who completed it reported fewer scheduling conflicts, prompting the department to conduct another trial before deciding whether to expand the program.","Although the pilot has not reached its enrollment target, the participants who have already completed it has reported a smaller number of scheduling conflicts, and the Department wishes to carry out another trial before deciding whether to extend the programme.",,,,,,,,,,,,
lr-06--qwen35-4b-control--coedit-large-research,lr-06,logical_relations,"The first draft explains what happened, whereas the second draft explains why it happened. Both are accurate, but the second is more useful for the report because the assignment asks for analysis rather than summary.","The first draft explains what happened; the second draft explains why. Both are precise, but the second is more useful for the report because the assignment calls for analysis rather than summaries.","The first draft describes what happened, while the second explains why it happened. Because both are accurate, the second is more suitable for the report because the assignment requires analysis rather than a summary.",,,,,,,,,,,,
rc-01--qwen35-4b-control--coedit-large-research,rc-01,reference_coreference,"Nina sent Priya the revised chart after Priya noticed the labeling error. She had already fixed the colors, so the only remaining change was the axis label.","After Priya noticed the labeling mistake, Nina sent Priya the revised chart. She had already repaired the colors, so all that remained was the label for the axes.","After Priya noticed a labeling error, Nina sent her the revised chart. She had already corrected the colors, so the only remaining change was updating the axis label.",,,,,,,,,,,,
rc-02--qwen35-4b-control--coedit-large-research,rc-02,reference_coreference,The advisor told the student that the registrar had not received the form. The student emailed the registrar that afternoon and learned that the attachment had been blocked by the mail system.,The advisor informed the student that the form had not been received. The student emailed the registrar that afternoon and discovered that the attachment had been blocked by the mail system.,"The advisor informed the student that the registrar had not received the form. Later that afternoon, the student emailed the registrar and discovered that the attachment had been blocked by the mail system.",,,,,,,,,,,,
rc-03--qwen35-4b-control--coedit-large-research,rc-03,reference_coreference,"The battery warning appeared after the laptop was connected to the dock. Removing the dock made the warning disappear, which suggests the dock or its power adapter may be involved.","The battery warning appeared after connecting the laptop to the dock, and removing the dock caused the warning to disappear, suggesting that the dock or its power adapter may be the source of the issue.","When the laptop was connected to the dock, the battery warning disappeared when the dock was removed, suggesting the dock or its power adapter was involved.",,,,,,,,,,,,
rc-04--qwen35-4b-control--coedit-large-research,rc-04,reference_coreference,"Ava reviewed Liam's notes before he submitted the report. She corrected two dates in the notes, but he chose not to change the wording of the report itself.","Before Liam submitted the report, Ava checked the notes and corrected two dates, but he did not change the wording of the report itself.","Ava reviewed Liam's notes before he submitted the report, correcting two dates, but he decided not to change the report's wording.",,,,,,,,,,,,
rc-05--qwen35-4b-control--coedit-large-research,rc-05,reference_coreference,"The first server sends logs to the backup server every hour. If it stops responding, the backup keeps the most recent copy but does not automatically become the primary server.","The primary server sends logs to the backup server every hour; however, if the primary server stops responding, the backup retains the most recent copy without automatically assuming the primary role.","Every hour, the primary server sends logs to the backup server. The backup server keeps the latest copy, but does not automatically become the primary server.",,,,,,,,,,,,
rc-06--qwen35-4b-control--coedit-large-research,rc-06,reference_coreference,The committee asked the vendor to revise the estimate because its labor total did not match the hours listed in the proposal. The vendor agreed to check the calculation before the next meeting.,"The Committee requested the supplier to revise the estimate, because its labor total did not match the hours listed in the proposal The supplier agreed to verify the calculation before the next meeting.",The committee requested that the vendor revise its estimate because the labor total did not align with the hours listed in the proposal. The vendor agreed to verify the calculation before the next meeting.,,,,,,,,,,,,
mp-01--qwen35-4b-control--coedit-large-research,mp-01,modality_negation_precision,"The change might reduce startup time, but we do not have enough measurements to say that it definitely does. For now, the result should be treated as promising rather than conclusive.","This change may reduce startup times, but we don't have enough measurements yet to see if this is definitely the case. Until then, it's best to consider this as a promising result rather than a definitive result.","While the change might reduce startup time, we lack sufficient measurements to confirm this definitively; therefore, the result should currently be viewed as promising rather than conclusive.",,,,,,,,,,,,
mp-02--qwen35-4b-control--coedit-large-research,mp-02,modality_negation_precision,"I would prefer to take the morning section, although I can attend the afternoon section if the morning one is full. I am not asking to be moved unless a seat is actually available.","I'd rather go to the morning part, but if the afternoon part is full, I'll take the afternoon part. I don't want to be moved unless there's a seat available.","I would prefer to take the morning section, though I am available to attend the afternoon section if the morning one is full. I am not requesting to be moved unless a seat is actually available.",,,,,,,,,,,,
mp-03--qwen35-4b-control--coedit-large-research,mp-03,modality_negation_precision,"The sensor can detect a temperature change, but it cannot tell us what caused that change. A sudden increase could come from the heater, direct sunlight, or another source.","The sensor can detect a change in temperature, but it cannot tell us what caused it. A sudden increase in temperature may be caused by a heat pump, direct sunlight or another source.","The sensor can detect a temperature change, but it cannot determine the cause. A sudden increase could result from the heater, direct sunlight, or another source.",,,,,,,,,,,,
mp-04--qwen35-4b-control--coedit-large-research,mp-04,modality_negation_precision,The policy says employees should report suspected errors; it does not say they must prove an error occurred before reporting it.,"The policy requires employees to report suspected errors, but it does not mandate that they prove an error has occurred before making a report.",It does not say that employees must prove an error has occurred before reporting it.,,,,,,,,,,,,
mp-05--qwen35-4b-control--coedit-large-research,mp-05,modality_negation_precision,"There is no evidence that the file was deleted intentionally. It may have been removed during cleanup, but the logs are incomplete, so that explanation is only a possibility.","There is no evidence that the file was deleted intentionally; while it may have been removed during cleanup, the incomplete logs mean this remains only a possibility.","There is no evidence that the file was intentionally deleted. It might have been deleted during the cleaning, but the logs are incomplete, so it is only a possibility.",,,,,,,,,,,,
mp-06--qwen35-4b-control--coedit-large-research,mp-06,modality_negation_precision,"The medication is expected to help most patients, but it does not guarantee that every patient will improve. Anyone with questions should speak with a clinician rather than changing the dose on their own.","The medication is expected to help most patients, though it does not guarantee improvement for everyone. Anyone with questions should consult a clinician rather than adjusting the dose on their own.","It is expected that most patients will benefit from this medicine, but it does not guarantee that all patients will improve. Patients who have questions should consult a doctor rather than change the dose alone.",,,,,,,,,,,,
fa-01--qwen35-4b-control--coedit-large-research,fa-01,factual_anchors,"On September 14, 2026, Maya Chen paid $184.75 for the replacement part. The receipt says the part can be returned within 30 days if it has not been installed.","On September 14, 2026, Maya Chen paid $184.75 for a replacement part. According to the receipt, the part is eligible for return within 30 days, if it has not been installed.","Maya Chen paid $184.75 for the replacement part on September 14, 2026, and the receipt said that the part could be returned within 30 days if it hadn't been installed.",,,,,,,,,,,,
fa-02--qwen35-4b-control--coedit-large-research,fa-02,factual_anchors,The lab recorded a pH of 6.4 before treatment and 7.1 afterward. The report calls the change 'modest but consistent' across the five samples.,"The lab recorded a pH of 6.4 before treatment and 7.1 afterward; the report describes this change as ""modest but consistent"" across the five samples.","The laboratory recorded a pH of 6.4 before treatment and 7.1 afterward, which was referred to as 'modest but uniform' in all five specimens.",,,,,,,,,,,,
fa-03--qwen35-4b-control--coedit-large-research,fa-03,factual_anchors,"Jordan Lee emailed the draft to review@example.org at 3:40 p.m. The subject line was 'Budget revision v2,' and the attachment was 2.8 MB.",At 3:40 p.m. Jordan Lee sent a draft to review@example.org under the heading 'Budget revision v2' and attached a 2.8 MB file.,"Jordan Lee emailed the draft to review@example.org at 3:40 p.m., with the subject line ""Budget revision v2"" and a 2.8 MB attachment.",,,,,,,,,,,,
fa-04--qwen35-4b-control--coedit-large-research,fa-04,factual_anchors,"Section 4.2 requires a backup every 12 hours, not once per day. The exception applies only to systems that are offline for maintenance.","Section 4.2 requires a backup every 12 hours, not once per day; however, this exception applies only to systems that is offline for maintenance.",Only systems that is offline for maintenance are covered by Section 4.2.,,,,,,,,,,,,
fa-05--qwen35-4b-control--coedit-large-research,fa-05,factual_anchors,"The shipment contained 18 blue units and 7 gray units. Two blue units were damaged, so the usable total was 23 units.","The shipment included 18 blue units and 7 gray units. After two blue units were damaged, the total number of usable units were 23.","The shipment included 18 blue units and 7 gray units. Two blue units were damaged, so the total number of usable units were 23.",,,,,,,,,,,,
fa-06--qwen35-4b-control--coedit-large-research,fa-06,factual_anchors,"The study ran from January through March 2026 and included 126 participants. Of those participants, 54 completed both follow-up surveys.",The study was carried out between January and March 2026 and 126 participants were involved and 54 completed both of the follow-up surveys.,"The study ran from January through March 2026 and included 126 participants, of whom 54 completed both follow-up surveys.",,,,,,,,,,,,
gm-01--qwen35-4b-control--coedit-large-research,gm-01,grammar_minimal_edit,The results was surprising because each of the samples were collected under the same conditions. I don't think the difference come from the equipment.,"The results were astonished, since all the samples had been taken under identical conditions. I don't think the difference has anything to do with the equipment.",The results were surprising because each sample was collected under the same conditions. I do not believe the differences stem from the equipment.,,,,,,,,,,,,
gm-02--qwen35-4b-control--coedit-large-research,gm-02,grammar_minimal_edit,"She has went to the tutoring center twice this week, and both visits has helped her understand the material better.","She has visited the tutoring center twice this week, and both trips have helped her understand the material better.","She's been to the tutoring center twice this week, and both visits have made her understand the subject better.",,,,,,,,,,,,
gm-03--qwen35-4b-control--coedit-large-research,gm-03,grammar_minimal_edit,"There is several reasons the schedule need to change, but the main one are that the current times conflict with lab.","There are several reasons the schedule needs to change, but the main one is that the current times conflict with the lab.","There's a lot of reasons to modify the program, but the main one's the fact that the present time clashes with the lab.",,,,,,,,,,,,
gm-04--qwen35-4b-control--coedit-large-research,gm-04,grammar_minimal_edit,The advisor suggested me to wait until the final grade posts before I submit a new request.,The advisor suggested that I wait until the final grades are posted before submitting a new request.,I was advised to wait until my final grade was published before I submitted a new application.,,,,,,,,,,,,
gm-05--qwen35-4b-control--coedit-large-research,gm-05,grammar_minimal_edit,Neither the new instructions nor the example explain what happens if a student submit the form late.,What happens if a student submits the form late does not appear in the new instructions nor in the example.,Neither the new instructions nor the example clarify what happens if a student submits the form is late.,,,,,,,,,,,,
gm-06--qwen35-4b-control--coedit-large-research,gm-06,grammar_minimal_edit,"I was planning on finishing it yesterday, but the files I needed wasn't available until this morning.","I planned to finish it yesterday, but the files I needed were not available until this morning.","I was planning to finish it yesterday, but the files I needed weren't available until this morning.",,,,,,,,,,,,
ss-01--qwen35-4b-control--coedit-large-research,ss-01,sentence_structure,The deadline moved to Friday. Because the vendor sent the corrected estimate late. Which gave the team less time to review the numbers.,"The deadline had been moved to Friday, because the supplier had sent the corrected estimate late, which had given the group less time to examine the data.","The deadline was moved to Friday because the vendor sent the corrected estimate late, which left the team with less time to review the numbers.",,,,,,,,,,,,
ss-02--qwen35-4b-control--coedit-large-research,ss-02,sentence_structure,I opened the dashboard the totals looked wrong I refreshed the page nothing changed so I checked the raw file and found two duplicated rows.,"I opened the dashboard, but the totals looked wrong; after refreshing the page, nothing changed. Upon checking the raw file, I found two duplicated rows.","When I opened the Dashboard, the totals seemed wrong. I refreshed the page, nothing changed, so I checked the raw file and found two duplicate rows.",,,,,,,,,,,,
ss-03--qwen35-4b-control--coedit-large-research,ss-03,sentence_structure,"After reviewing the application, the missing transcript was obvious to the advisor. The student had uploaded the other documents correctly.","After reviewing the application, the advisor immediately noticed the missing transcript, noting that the student had correctly uploaded all other documents.","The advisor realized that the missing transcript was obvious after the application had been reviewed, while the student had correctly submitted the remaining documents.",,,,,,,,,,,,
ss-04--qwen35-4b-control--coedit-large-research,ss-04,sentence_structure,"The internship requires writing weekly summaries, to attend a Friday meeting, and completing one final presentation.","The internship requires writing weekly summaries, attending a Friday meeting, and completing one final presentation.","The internship calls for weekly reports, a Friday meeting, and a final presentation.",,,,,,,,,,,,
ss-05--qwen35-4b-control--coedit-large-research,ss-05,sentence_structure,"The first meeting was scheduled for Monday, but two people could not attend, and then it moved to Wednesday, and the room was unavailable, so now it is Thursday afternoon.","The first meeting was scheduled for Monday, but with two people unable to attend; it was rescheduled to Wednesday. However, since the room was unavailable, the meeting has now been moved to Thursday afternoon.","The first meeting was scheduled for Monday, but two people were unable to attend, so it was rescheduled for Wednesday and the room was not available, so it was held on Thursday afternoon.",,,,,,,,,,,,
ss-06--qwen35-4b-control--coedit-large-research,ss-06,sentence_structure,The report includes the survey results. Along with a short explanation of the sampling method and why the response rate matters.,The results of the survey and a brief explanation of the sampling method and the importance of the response rate are included in the report.,"The report includes the survey results, along with a brief explanation of the sampling method and why the response rate matters.",,,,,,,,,,,,
lc-01--qwen35-4b-control--coedit-large-research,lc-01,lexical_collocation,The new checklist made a strong improvement in how consistently the team records equipment problems. People are now more likely to include the exact error message instead of a general description.,"The new checklist has made a significant improvement in the consistency of the team's recording of technical problems, and people are more likely to record the exact error description rather than the general description.",The new checklist has significantly improved the team's consistency in recording equipment problems. People are now more likely to include the exact error message rather than providing a general description.,,,,,,,,,,,,
lc-02--qwen35-4b-control--coedit-large-research,lc-02,lexical_collocation,"The professor gave a heavy warning that late submissions would receive a penalty. The warning was clear, but the exact size of the penalty was not listed.","The professor issued a stern warning that late submissions would incur a penalty, though the exact amount was not specified.","The professor had given a strong warning that late submissions would be subject to a fine, but the exact amount of the fine was not given.",,,,,,,,,,,,
lc-03--qwen35-4b-control--coedit-large-research,lc-03,lexical_collocation,The software performed a decision to close the connection after three failed attempts. That behavior prevents the client from waiting forever for a response.,This behaviour prevents the client from waiting forever for a response from the software.,"The software automatically closes the connection after three failed attempts, preventing the client from waiting indefinitely for a response.",,,,,,,,,,,,
lc-04--qwen35-4b-control--coedit-large-research,lc-04,lexical_collocation,"The survey received a large interest from first-year students, especially those looking for evening sections. Interest from returning students was more moderate.","The survey garnered significant interest from first-year students, particularly those seeking evening sections, while interest from returning students were more moderate.","First-year students, especially those looking for evening courses, were most interested in the survey.",,,,,,,,,,,,
lc-05--qwen35-4b-control--coedit-large-research,lc-05,lexical_collocation,The team made an investigation into why the request failed and discovered that the token had expired. Renewing the token solved the problem immediately.,The team searched for the reason for the error and discovered that the token had expired.,The team investigated the failed request and discovered that the token had expired; renewing it resolved the issue immediately.,,,,,,,,,,,,
lc-06--qwen35-4b-control--coedit-large-research,lc-06,lexical_collocation,"The explanation is technically correct, but the wording feels unusually bookish for a short message to classmates. I want it to sound normal without making it childish.","The explanation is technically correct, but the wording is unusually formal for a short message to classmates. I'd like it to sound normal, but not too childish.","The explanation is technically correct, but the wording feels unusually formal for a quick message to classmates. I'd like it to sound natural without sounding childish.",,,,,,,,,,,,
rt-01--qwen35-4b-control--coedit-large-research,rt-01,register_tone,"hey, just checking if friday at 3 still works for you. if not no worries, i can do later that afternoon too.","Hey, just checking to see if Friday at 3 still works for you. If not, no worries—I can if do something later that afternoon.","Hey, I'm checking if Friday at 3 works for you, if not, I can do it later in the afternoon, too.",,,,,,,,,,,,
rt-02--qwen35-4b-control--coedit-large-research,rt-02,register_tone,"The whole signup process was honestly kind of a mess, but the staff member who helped me was great and got it sorted out pretty fast.","The signup process was honestly quite chaotic, but the staff member who assisted me was excellent and got it sorted out pretty quickly.","The whole signup process was a real mess, but the staff member who assisted me was very helpful and resolved it very quickly.",,,,,,,,,,,,
rt-03--qwen35-4b-control--coedit-large-research,rt-03,register_tone,"I am writing to ask whether it would be possible to take the exam earlier that day. I have a required lab immediately afterward, so an earlier time would help me avoid a conflict.","I'd like to know if it's possible for me to take the exam the day after tomorrow, because I've got a lab appointment right afterward, so an earlier time would be good for me to avoid a conflict.","I am writing to inquire whether it would be possible to schedule the exam earlier on that day. Since I have a required lab immediately following it, an earlier time would help me avoid a scheduling conflict.",,,,,,,,,,,,
rt-04--qwen35-4b-control--coedit-large-research,rt-04,register_tone,"ngl I thought the tutorial was gonna be useless, but it actually explained the one part I kept getting wrong. I still would not watch the whole thing again.","I initially thought the tutorial would be useless, but it actually clarified the one part I kept getting wrong. However, I still wouldn't watch it all over again.","Ngl I'd thought the tutorial was useless, but it actually explained one thing that I'd always made a mistake. And I still wouldn't do it again.",,,,,,,,,,,,
rt-05--qwen35-4b-control--coedit-large-research,rt-05,register_tone,"The proposal is solid overall, but the budget section feels a little shaky because several costs are estimates instead of quotes. I would double-check those numbers before sending it.","The proposal is solid, but the budget section is a bit sloppy because the cost of some of the expenditure is estimated rather than quotations. I would double-check those numbers before sending it.","The proposal is solid overall, but the budget section feels a bit shaky because several costs are estimates rather than quotes. I recommend double-checking those numbers before sending it.",,,,,,,,,,,,
rt-06--qwen35-4b-control--coedit-large-research,rt-06,register_tone,"I appreciate the quick response. I am still confused about whether the form goes back to your office or directly to the testing center, so I want to make sure I send it to the right place.","I appreciate the quick response. I'm still unsure whether the form should be returned to your office or sent directly to the testing center, so I want to ensure I send it to the correct location.","I'm still confused about whether the form should be sent back to your office or directly to the testing centre, so I want to be certain that I send it to the correct place.",,,,,,,,,,,,
pu-01--qwen35-4b-control--coedit-large-research,pu-01,paragraph_unity_redundancy,The main benefit of the new form is that it asks for all required information in one place. That is useful because people no longer have to send a second email with missing details. The form is beneficial because it reduces the need for follow-up messages about information that was left out.,"The main advantage of the new form is that it asks for all the information that is needed in one place, so that people do not have to send a second email with the missing information.","The primary advantage of the new form is that it collects all required information in a single location. This is particularly useful, because people no longer have to send a second email with missing details because, the form reduces the necessity for follow-up messages regarding omitted information.",,,,,,,,,,,,
pu-02--qwen35-4b-control--coedit-large-research,pu-02,paragraph_unity_redundancy,"The lab report should explain why the result matters, not only list the measurements. The measurements still need to be included because they support the explanation. A good report connects the data to the conclusion instead of treating them as separate pieces.","The lab report should explain why the results matter, not merely list the measurements. Because, the measurements must still be included, as they support the explanation. A good report connects the data to the conclusion rather than treating them as separate elements.","The laboratory report should explain why the result is important, not just list the measurements. The measurements should still be included in the lab report because they support the explanation. A good lab report links the data to the conclusion rather than treating them separately.",,,,,,,,,,,,
pu-03--qwen35-4b-control--coedit-large-research,pu-03,paragraph_unity_redundancy,I use the calendar mostly to avoid missing small deadlines. It also helps me see when several assignments pile up in the same week. I like dark mode in most apps because bright screens bother me at night.,"I'm mostly using the calendar to avoid missing small deadlines, but also to see when a lot of work takes place at the same time. I like dark mode on most applications, because I don't like bright screens at night.","I use the calendar primarily to avoid missing small deadlines, though it also helps me spot when several assignments pile up in the same week. I prefer dark mode in most apps because bright screens bother me at night.",,,,,,,,,,,,
pu-04--qwen35-4b-control--coedit-large-research,pu-04,paragraph_unity_redundancy,"The update reduced the time needed to open large projects. Startup is faster now, and opening a large project takes less time than before. The improvement is most noticeable on projects with many files.","The update has made it easier to start large projects, and it takes less time to open a large project than it used to. This improvement is particularly noticeable in projects with a lot of files.","The update has reduced the time required to open large projects. Startup is now faster, and opening a large project takes less time than before. This improvement is most noticeable on projects containing most files.",,,,,,,,,,,,
pu-05--qwen35-4b-control--coedit-large-research,pu-05,paragraph_unity_redundancy,The discussion board was more useful once people started responding to specific points instead of posting generic agreement. Those specific replies gave the original writer something concrete to answer. That made the conversation feel more like an actual discussion.,"As soon as people started answering specific questions rather than just agreeing, the discussion board became more useful.","The discussion board became more useful once participants began responding to specific points rather than posting generic agreement. These targeted replies provided the original writer with concrete material to address, transforming the exchange into a genuine discussion.",,,,,,,,,,,,
pu-06--qwen35-4b-control--coedit-large-research,pu-06,paragraph_unity_redundancy,"The first two steps of the setup are simple, but the third step assumes the user already knows where the configuration file is stored. That missing explanation is the main reason the instructions feel harder than the process actually is.","The first two steps are simple, but the third requires the user to already know where the configuration file is stored. This lack of explanation is the main reason the instructions feel more complicated than it really is.","The first two setup steps are straightforward, but the third assumes the user already knows where the configuration file is stored. This lack of explanation is the primary reason the instructions feel more difficult than the process actually is.",,,,,,,,,,,,
ai-01--qwen35-4b-control--coedit-large-research,ai-01,ambiguity_non_invention,"The meeting did not go the way I expected. Something came up near the end, and we decided to revisit the issue next week.","The meeting didn't go as I expected. Something came up near the end, so we decided to revisit the issue next week.","The meeting didn't go as I had expected, and at the end something happened that made us think about it again next week.",,,,,,,,,,,,
ai-02--qwen35-4b-control--coedit-large-research,ai-02,ambiguity_non_invention,"The file disappeared sometime after lunch. I checked the shared folder and my downloads, but I still do not know whether it was moved, renamed, or deleted.","I've looked at the shared folder and downloaded it, but I still don't know whether it was moved, renamed or deleted after lunch.","The file disappeared sometime after lunch. Although I checked both the shared folder and my downloads, I still do not know whether it was moved, renamed, or deleted.",,,,,,,,,,,,
ai-03--qwen35-4b-control--coedit-large-research,ai-03,ambiguity_non_invention,"People have raised concerns about the new process, but the notes do not say how many people complained or which part of the process bothered them.","People complained about the new procedure, but the reports do not say how many complained or what parts of the procedure were bothering them.","People have raised concerns about the new process, but the notes do not specify how many people complained or which aspects of the process were most problematic.",,,,,,,,,,,,
ai-04--qwen35-4b-control--coedit-large-research,ai-04,ambiguity_non_invention,"The test failed after the configuration changed, but that timing alone does not prove the configuration caused the failure. No one has reproduced the problem yet.","No one has yet reproduced the error after changing the configuration, but the timing alone does not prove the error was caused by the configuration.","The test failed after the configuration changed, but the timing alone does not prove that the configuration caused the failure. Additionally, no one has yet reproduced the problem.",,,,,,,,,,,,
ai-05--qwen35-4b-control--coedit-large-research,ai-05,ambiguity_non_invention,"The instructor said my explanation needs more support. I am not sure whether she wants another source, a better example, or a clearer connection to the evidence I already used.","The instructor indicated that my explanation requires more support. I am unsure whether she is looking for an additional source, a better example, or a clearer connection to the evidence I have already used.","I don't know whether he wants a different source, a better example, or a clearer connection to the evidence I've already used.",,,,,,,,,,,,
ai-06--qwen35-4b-control--coedit-large-research,ai-06,ambiguity_non_invention,The package arrived with damage on one corner. I cannot tell whether the item inside is damaged because I have not opened the box yet.,"I haven't opened the package yet, so I can't see if the contents are damaged.","The package arrived with a damaged corner, but I cannot determine if the item inside is also damaged since I have not opened the box yet.",,,,,,,,,,,,
me-01--qwen35-4b-control--minicpm5-2b,me-01,meaning_equivalence,"I started using the new study schedule about two weeks ago. It has not made studying easier, but I waste less time deciding what to work on, which is why I plan to keep using it.","I've been using the new study schedule for about two weeks. It hasn't made studying easier, but I've found that I waste less time deciding what to work on. That's why I plan to keep using it.","I began using the new study schedule about two weeks ago. But it hasn't made studying easier, it has reduced the time I spend deciding what to work on, which is why I plan to continue using it.",,,,,,,,,,,,
me-02--qwen35-4b-control--minicpm5-2b,me-02,meaning_equivalence,"The update looks smaller than the previous release because most of the changes are behind the scenes. The interface barely changed, but loading large files is noticeably faster on my laptop.","The update looks smaller than the previous release because most of the changes are behind the scenes. The interface barely changed, but loading large files are noticeably faster on my laptop.","The update appears smaller than the previous release because most of the changes are behind the scenes. But the interface barely changed, loading large files are noticeably faster on my laptop.",,,,,,,,,,,,
me-03--qwen35-4b-control--minicpm5-2b,me-03,meaning_equivalence,"I liked the presentation overall even though the first section dragged a little. Once the examples started, the argument became much easier to follow and the final recommendation made sense.","I liked the presentation overall, even though the first section dragged a little. Once the examples started, the argument became much easier to follow, and the final recommendation made sense.","I liked the presentation overall, even though the first section dragged a bit. Once the examples began, the argument became much easier to follow, and the final recommendation made sense.",,,,,,,,,,,,
me-04--qwen35-4b-control--minicpm5-2b,me-04,meaning_equivalence,The class is not difficult because of the amount of reading. The harder part is keeping track of several small assignments that are due on different days each week.,The class isn't difficult because of the amount of reading. The harder part is keeping track of several small assignments that is due on different days each week.,The class isn't difficult because of the amount of reading; the real challenge is keeping track of several small assignments that is due on different days each week.,,,,,,,,,,,,
me-05--qwen35-4b-control--minicpm5-2b,me-05,meaning_equivalence,"My first draft was longer, but it was not actually more detailed. I had repeated the same point in several ways, so cutting those sentences made the explanation clearer without removing evidence.","My first draft was longer, but it wasn't actually more detailed. I had repeated the same point in several ways, so cutting those sentences made the explanation clearer without removing evidence.","My first draft was longer, though not necessarily more detailed. Because I had repeated the same point in several ways, cutting those redundant sentences made the explanation clearer without removing any evidence.",,,,,,,,,,,,
me-06--qwen35-4b-control--minicpm5-2b,me-06,meaning_equivalence,"The professor did not say the proposal was wrong. She said the main idea was promising, but the evidence was too limited to support the conclusion yet.","The professor did not say the proposal was wrong; rather, she noted that while the main idea was promising, the evidence was too limited to support the conclusion at this time.","The professor did not say the proposal was wrong. She said the main idea was promising, but the evidence was too limited to support the conclusion yet.",,,,,,,,,,,,
co-01--qwen35-4b-control--minicpm5-2b,co-01,cohesion_known_new,The biology lab introduced a new microscope camera last week. The camera can save images directly to the lab computers. Those saved images make it easier for students to compare samples after class.,"Last week, the biology lab introduced a new microscope camera that saves images directly to the lab computers, making it easier for students to compare samples after class.",The biology lab introduced a new microscope camera last week. The camera can save images directly to the lab computers. Those saved images make it easier for students to compare samples after class.,,,,,,,,,,,,
co-02--qwen35-4b-control--minicpm5-2b,co-02,cohesion_known_new,"The team found three duplicate records during the audit. Those duplicates came from an old import script. The script had been retired months ago, but its records were still present in the database.","During the audit, the team discovered three duplicate records that originated from an old import script. Although the script had been retired months ago, its data remained in the database.","The team found three duplicate records during the audit. Those duplicates came from an old import script. The script had been retired months ago, but its records were still present in the database.",,,,,,,,,,,,
co-03--qwen35-4b-control--minicpm5-2b,co-03,cohesion_known_new,"A late shipment delayed the first test run. Because the test started late, the team had only one afternoon to review the results. That shorter review period is why several minor issues were not caught until the next day.","A late shipment was delayed the first test run, leaving the team with only one afternoon to review the results. Consequently, several minor issues were not identified until the following day.","A late shipment was delayed the first test run. Because the test started late, the team had only one afternoon to review the results. That shorter review period is why several minor issues were not caught until the next day.",,,,,,,,,,,,
co-04--qwen35-4b-control--minicpm5-2b,co-04,cohesion_known_new,"The survey showed that students wanted more evening tutoring. That preference was strongest among students who work during the day. Their schedules make daytime appointments difficult, so the department is considering a later tutoring block.","The survey revealed that students expressed a desire for more evening tutoring, with this preference being particularly strong among those who work during the day. Since their schedules make daytime appointments difficult, the department is currently considering offering a later tutoring block.","The survey showed that students wanted more evening tutoring. That preference was strongest among students who work during the day. Their schedules make daytime appointments difficult, so the department is considering a later tutoring block.",,,,,,,,,,,,
co-05--qwen35-4b-control--minicpm5-2b,co-05,cohesion_known_new,"The app stores approved examples in a local file. That file is loaded when the app starts and provides a small set of writing preferences. Those preferences can change ranking, but they do not override the safety checks.","The app stores approved examples in a local file, which is loaded when the app starts to provide a small set of writing preferences. While these preferences can influence ranking, they do not override safety checks.","App stores approve examples in a local file. That file is loaded when the app starts and provides a small set of writing preferences. Those preferences can change ranking, but they do not override the safety checks.",,,,,,,,,,,,
co-06--qwen35-4b-control--minicpm5-2b,co-06,cohesion_known_new,"The first experiment used a smaller sample than planned. The smaller sample reduced the amount of data available for comparison. That limitation does not invalidate the experiment, but it makes the result less certain.","The first experiment utilized a smaller sample size than originally planned, which reduced the amount of data available for comparison. While this limitation does not invalidate the experiment, it does make the results less certain.","The first experiment used a smaller sample than planned. The smaller sample reduced the amount of data available for comparison. That limitation does not invalidate the experiment, but it makes the result less certain.",,,,,,,,,,,,
lr-01--qwen35-4b-control--minicpm5-2b,lr-01,logical_relations,"The printer was working in the morning, but it stopped after the network settings were changed. Because the other printers stayed online, the technician thinks the problem is local to that machine rather than the whole network.","The printer was functioning in the morning but stopped after network settings were changed. Since the other printers remained online, the technician believes the issue is specific to that machine rather than affecting the entire network.","The printer was working in the morning, but it stopped after the network settings were changed. Because the other printers stayed online, the technician thinks the problem is local to that machine rather than the whole network.",,,,,,,,,,,,
lr-02--qwen35-4b-control--minicpm5-2b,lr-02,logical_relations,"If the weather stays clear, the field work will begin Thursday. If it rains, the team will use Thursday for equipment checks instead and move the field work to Friday.","If the weather remains clear, field work will begin on Thursday; however, if it rains, the team will use Thursday for equipment checks and move the field work to Friday.","If the weather stays clear, field work will begin Thursday. If it rains, the team will use Thursday for equipment checks instead and move the field work to Friday.",,,,,,,,,,,,
lr-03--qwen35-4b-control--minicpm5-2b,lr-03,logical_relations,"The new process takes one extra step at the beginning, yet it usually saves time later because fewer requests are returned for missing information.","The new process adds one extra step at the beginning, yet it usually saves time later because fewer requests are returned for missing information.","The new process includes one additional step at the beginning, because it typically saves time later by reducing the number of requests that need to be returned for missing information.",,,,,,,,,,,,
lr-04--qwen35-4b-control--minicpm5-2b,lr-04,logical_relations,Maya finished the data cleanup before Jordan ran the analysis. That order matters because the earlier version of the dataset still contained duplicate rows.,Maya finished the data cleanup before Jordan ran the analysis. That order matters because the earlier version of the dataset still contained duplicate rows.,"Maya completed the data cleanup before Jordan ran the analysis, as the earlier version of the dataset still contained duplicate rows.",,,,,,,,,,,,
lr-05--qwen35-4b-control--minicpm5-2b,lr-05,logical_relations,"Although the pilot did not reach its enrollment target, the participants who completed it reported fewer scheduling conflicts. The department therefore wants another trial before deciding whether to expand the program.","Although the pilot did not meet its enrollment target, participants who completed it reported fewer scheduling conflicts, prompting the department to conduct another trial before deciding whether to expand the program.","Although the pilot did not reach its enrollment target, the participants who completed it reported fewer scheduling conflicts. The department therefore wants another trial before deciding whether to expand the program.",,,,,,,,,,,,
lr-06--qwen35-4b-control--minicpm5-2b,lr-06,logical_relations,"The first draft explains what happened, whereas the second draft explains why it happened. Both are accurate, but the second is more useful for the report because the assignment asks for analysis rather than summary.","The first draft explains what happened, whereas the second draft explains why it happened. Both are accurate, but the second is more useful for the report because the assignment asks for analysis rather than summary.","The first draft describes what happened, while the second explains why it happened. Because both are accurate, the second is more suitable for the report because the assignment requires analysis rather than a summary.",,,,,,,,,,,,
rc-01--qwen35-4b-control--minicpm5-2b,rc-01,reference_coreference,"Nina sent Priya the revised chart after Priya noticed the labeling error. She had already fixed the colors, so the only remaining change was the axis label.","After Priya noticed a labeling error, Nina sent her the revised chart. She had already corrected the colors, so the only remaining change was updating the axis label.","Nina sent Priya the revised chart after Priya noticed the labeling error. She had already fixed the colors, so the only remaining change was the axis label.",,,,,,,,,,,,
rc-02--qwen35-4b-control--minicpm5-2b,rc-02,reference_coreference,The advisor told the student that the registrar had not received the form. The student emailed the registrar that afternoon and learned that the attachment had been blocked by the mail system.,The advisor told the student that the registrar had not received the form. The student emailed the registrar that afternoon and learned that the attachment had been blocked by the mail system.,"The advisor informed the student that the registrar had not received the form. Later that afternoon, the student emailed the registrar and discovered that the attachment had been blocked by the mail system.",,,,,,,,,,,,
rc-03--qwen35-4b-control--minicpm5-2b,rc-03,reference_coreference,"The battery warning appeared after the laptop was connected to the dock. Removing the dock made the warning disappear, which suggests the dock or its power adapter may be involved.","The battery warning appeared after the laptop was connected to the dock. Removing the dock made the warning disappear, which suggests the dock or its power adapter may be involved.","The battery warning appeared after connecting the laptop to the dock, and removing the dock caused the warning to disappear, suggesting that the dock or its power adapter may be the source of the issue.",,,,,,,,,,,,
rc-04--qwen35-4b-control--minicpm5-2b,rc-04,reference_coreference,"Ava reviewed Liam's notes before he submitted the report. She corrected two dates in the notes, but he chose not to change the wording of the report itself.","Ava reviewed Liam's notes before he submitted the report, correcting two dates, but he decided not to change the report's wording.","Ava reviewed Liam's notes before he submitted the report. She corrected two dates in the notes, but he chose not to change the wording of the report itself.",,,,,,,,,,,,
rc-05--qwen35-4b-control--minicpm5-2b,rc-05,reference_coreference,"The first server sends logs to the backup server every hour. If it stops responding, the backup keeps the most recent copy but does not automatically become the primary server.","The primary server sends logs to the backup server every hour; however, if the primary server stops responding, the backup retains the most recent copy without automatically assuming the primary role.","The first server sends logs to the backup server every hour. If it stops responding, the backup keeps the most recent copy but does not automatically become the primary server.",,,,,,,,,,,,
rc-06--qwen35-4b-control--minicpm5-2b,rc-06,reference_coreference,The committee asked the vendor to revise the estimate because its labor total did not match the hours listed in the proposal. The vendor agreed to check the calculation before the next meeting.,The committee asked the vendor to revise the estimate because the labor total did not match the hours listed in the proposal. The vendor agreed to check the calculation before the next meeting.,The committee requested that the vendor revise its estimate because the labor total did not align with the hours listed in the proposal. The vendor agreed to verify the calculation before the next meeting.,,,,,,,,,,,,
mp-01--qwen35-4b-control--minicpm5-2b,mp-01,modality_negation_precision,"The change might reduce startup time, but we do not have enough measurements to say that it definitely does. For now, the result should be treated as promising rather than conclusive.","The change might reduce startup time, but we do not have enough measurements to say that it definitely does. For now, the result should be treated as promising rather than conclusive.","While the change might reduce startup time, we lack sufficient measurements to confirm this definitively; therefore, the result should currently be viewed as promising rather than conclusive.",,,,,,,,,,,,
mp-02--qwen35-4b-control--minicpm5-2b,mp-02,modality_negation_precision,"I would prefer to take the morning section, although I can attend the afternoon section if the morning one is full. I am not asking to be moved unless a seat is actually available.","I would prefer to take the morning section, although I can attend the afternoon section if the morning one is full. I am not asking to be moved unless a seat is actually available.","I would prefer to take the morning section, though I am available to attend the afternoon section if the morning one is full. I am not requesting to be moved unless a seat is actually available.",,,,,,,,,,,,
mp-03--qwen35-4b-control--minicpm5-2b,mp-03,modality_negation_precision,"The sensor can detect a temperature change, but it cannot tell us what caused that change. A sudden increase could come from the heater, direct sunlight, or another source.","The sensor can detect a temperature change, but it cannot determine the cause. A sudden increase could result from the heater, direct sunlight, or another source.","The sensor can detect a temperature change, but it cannot tell us what caused that change. A sudden increase could come from the heater, direct sunlight, or another source.",,,,,,,,,,,,
mp-04--qwen35-4b-control--minicpm5-2b,mp-04,modality_negation_precision,The policy says employees should report suspected errors; it does not say they must prove an error occurred before reporting it.,"The policy states that employees should report suspected errors, but it does not require them to prove that an error actually occurred before making the report.","The policy requires employees to report suspected errors, but it does not mandate that they prove an error has occurred before making a report.",,,,,,,,,,,,
mp-05--qwen35-4b-control--minicpm5-2b,mp-05,modality_negation_precision,"There is no evidence that the file was deleted intentionally. It may have been removed during cleanup, but the logs are incomplete, so that explanation is only a possibility.","There is no evidence that the file was deleted intentionally. It may have been removed during cleanup, but the logs are incomplete, so that explanation is only a possibility.","There is no evidence that the file was deleted intentionally; while it may have been removed during cleanup, the incomplete logs mean this remains only a possibility.",,,,,,,,,,,,
mp-06--qwen35-4b-control--minicpm5-2b,mp-06,modality_negation_precision,"The medication is expected to help most patients, but it does not guarantee that every patient will improve. Anyone with questions should speak with a clinician rather than changing the dose on their own.","The medication is expected to help most patients, but it does not guarantee that every patient will improve. Anyone with questions should speak with a clinician rather than changing the dose on their own.","The medication is expected to help most patients, though it does not guarantee improvement for everyone. Anyone with questions should consult a clinician rather than adjusting the dose on their own.",,,,,,,,,,,,
fa-01--qwen35-4b-control--minicpm5-2b,fa-01,factual_anchors,"On September 14, 2026, Maya Chen paid $184.75 for the replacement part. The receipt says the part can be returned within 30 days if it has not been installed.","On September 14, 2026, Maya Chen paid $184.75 for a replacement part. According to the receipt, the part is eligible for return within 30 days, if it has not been installed.","On September 14, 2026, Maya Chen paid $184.75 for the replacement part. The receipt states that the part can be returned within 30 days if it has not been installed.",,,,,,,,,,,,
fa-02--qwen35-4b-control--minicpm5-2b,fa-02,factual_anchors,The lab recorded a pH of 6.4 before treatment and 7.1 afterward. The report calls the change 'modest but consistent' across the five samples.,"The lab recorded a pH of 6.4 before treatment and 7.1 afterward; the report describes this change as ""modest but consistent"" across the five samples.",The lab recorded a pH of 6.4 before treatment and 7.1 afterward. The report calls the change 'modest but consistent' across the five samples.,,,,,,,,,,,,
fa-03--qwen35-4b-control--minicpm5-2b,fa-03,factual_anchors,"Jordan Lee emailed the draft to review@example.org at 3:40 p.m. The subject line was 'Budget revision v2,' and the attachment was 2.8 MB.","Jordan Lee emailed the draft to review@example.org at 3:40 p.m., with the subject line ""Budget revision v2"" and a 2.8 MB attachment.","Jordan Lee emailed the draft to review@example.org at 3:40 p.m. The subject line was 'Budget revision v2,' and the attachment was 2.8 MB.",,,,,,,,,,,,
fa-04--qwen35-4b-control--minicpm5-2b,fa-04,factual_anchors,"Section 4.2 requires a backup every 12 hours, not once per day. The exception applies only to systems that are offline for maintenance.","Section 4.2 requires a backup every 12 hours, not once per day; however, this exception applies only to systems that is offline for maintenance.","Section 4.2 requires a backup every 12 hours, not once per day. The exception applies only to systems that is offline for maintenance.",,,,,,,,,,,,
fa-05--qwen35-4b-control--minicpm5-2b,fa-05,factual_anchors,"The shipment contained 18 blue units and 7 gray units. Two blue units were damaged, so the usable total was 23 units.","The shipment contained 18 blue units and 7 gray units. Two blue units were damaged, so the usable total was 23 units.","The shipment included 18 blue units and 7 gray units. After two blue units were damaged, the total number of usable units were 23.",,,,,,,,,,,,
fa-06--qwen35-4b-control--minicpm5-2b,fa-06,factual_anchors,"The study ran from January through March 2026 and included 126 participants. Of those participants, 54 completed both follow-up surveys.","The study ran from January through March 2026 and included 126 participants. Of those participants, 54 completed both follow-up surveys.","The study ran from January through March 2026 and included 126 participants, of whom 54 completed both follow-up surveys.",,,,,,,,,,,,
gm-01--qwen35-4b-control--minicpm5-2b,gm-01,grammar_minimal_edit,The results was surprising because each of the samples were collected under the same conditions. I don't think the difference come from the equipment.,The results were surprising because each of the samples was collected under the same conditions. I don't think the difference comes from the equipment.,The results were surprising because each sample was collected under the same conditions. I do not believe the differences stem from the equipment.,,,,,,,,,,,,
gm-02--qwen35-4b-control--minicpm5-2b,gm-02,grammar_minimal_edit,"She has went to the tutoring center twice this week, and both visits has helped her understand the material better.","She has visited the tutoring center twice this week, and both trips have helped her understand the material better.","She has gone to the tutoring center twice this week, and both visits have helped her understand the material better.",,,,,,,,,,,,
gm-03--qwen35-4b-control--minicpm5-2b,gm-03,grammar_minimal_edit,"There is several reasons the schedule need to change, but the main one are that the current times conflict with lab.","There are several reasons the schedule needs to change, but the main one is that the current times conflict with the lab.","There are several reasons the schedule needs to change, but the main one is that the current times conflict with the lab.",,,,,,,,,,,,
gm-04--qwen35-4b-control--minicpm5-2b,gm-04,grammar_minimal_edit,The advisor suggested me to wait until the final grade posts before I submit a new request.,The advisor suggested that I wait until the final grade posts before I submit a new request.,The advisor suggested that I wait until the final grades are posted before submitting a new request.,,,,,,,,,,,,
gm-05--qwen35-4b-control--minicpm5-2b,gm-05,grammar_minimal_edit,Neither the new instructions nor the example explain what happens if a student submit the form late.,Neither the new instructions nor the example explains what happens if a student submits the form is late.,Neither the new instructions nor the example clarify what happens if a student submits the form is late.,,,,,,,,,,,,
gm-06--qwen35-4b-control--minicpm5-2b,gm-06,grammar_minimal_edit,"I was planning on finishing it yesterday, but the files I needed wasn't available until this morning.","I was planning to finish it yesterday, but the files I needed weren't available until this morning.","I was planning to finish it yesterday, but the files I needed weren't available until this morning.",,,,,,,,,,,,
ss-01--qwen35-4b-control--minicpm5-2b,ss-01,sentence_structure,The deadline moved to Friday. Because the vendor sent the corrected estimate late. Which gave the team less time to review the numbers.,"The deadline was moved to Friday because the vendor sent the corrected estimate late, which left the team with less time to review the numbers.","The deadline moved to Friday. Because the vendor sent the corrected estimate late, which gave the team less time to review the numbers.",,,,,,,,,,,,
ss-02--qwen35-4b-control--minicpm5-2b,ss-02,sentence_structure,I opened the dashboard the totals looked wrong I refreshed the page nothing changed so I checked the raw file and found two duplicated rows.,"I opened the dashboard and noticed the totals looked wrong. I refreshed the page, but nothing changed, so I checked the raw file and found two duplicated rows.","I opened the dashboard, but the totals looked wrong; after refreshing the page, nothing changed. Upon checking the raw file, I found two duplicated rows.",,,,,,,,,,,,
ss-03--qwen35-4b-control--minicpm5-2b,ss-03,sentence_structure,"After reviewing the application, the missing transcript was obvious to the advisor. The student had uploaded the other documents correctly.","After reviewing the application, the missing transcript was obvious to the advisor. The student had uploaded the other documents correctly.","After reviewing the application, the advisor immediately noticed the missing transcript, noting that the student had correctly uploaded all other documents.",,,,,,,,,,,,
ss-04--qwen35-4b-control--minicpm5-2b,ss-04,sentence_structure,"The internship requires writing weekly summaries, to attend a Friday meeting, and completing one final presentation.","The internship requires writing weekly summaries, attending a Friday meeting, and completing one final presentation.","The internship requires writing weekly summaries, attending a Friday meeting, and completing one final presentation.",,,,,,,,,,,,
ss-05--qwen35-4b-control--minicpm5-2b,ss-05,sentence_structure,"The first meeting was scheduled for Monday, but two people could not attend, and then it moved to Wednesday, and the room was unavailable, so now it is Thursday afternoon.","The first meeting was scheduled for Monday, but two people could not attend, and then it moved to Wednesday, and the room was unavailable, so now it is Thursday afternoon.","The first meeting was scheduled for Monday, but with two people unable to attend; it was rescheduled to Wednesday. However, since the room was unavailable, the meeting has now been moved to Thursday afternoon.",,,,,,,,,,,,
ss-06--qwen35-4b-control--minicpm5-2b,ss-06,sentence_structure,The report includes the survey results. Along with a short explanation of the sampling method and why the response rate matters.,"The report includes the survey results, along with a short explanation of the sampling method and why the response rate matters.","The report includes the survey results, along with a brief explanation of the sampling method and why the response rate matters.",,,,,,,,,,,,
lc-01--qwen35-4b-control--minicpm5-2b,lc-01,lexical_collocation,The new checklist made a strong improvement in how consistently the team records equipment problems. People are now more likely to include the exact error message instead of a general description.,The new checklist has made a strong improvement in how consistently the team records equipment problems. People are now more likely to include the exact error message instead of a general description.,The new checklist has significantly improved the team's consistency in recording equipment problems. People are now more likely to include the exact error message rather than providing a general description.,,,,,,,,,,,,
lc-02--qwen35-4b-control--minicpm5-2b,lc-02,lexical_collocation,"The professor gave a heavy warning that late submissions would receive a penalty. The warning was clear, but the exact size of the penalty was not listed.","The professor gave a heavy warning that late submissions would receive a penalty. The warning was clear, but the exact size of the penalty was not listed.","The professor issued a stern warning that late submissions would incur a penalty, though the exact amount was not specified.",,,,,,,,,,,,
lc-03--qwen35-4b-control--minicpm5-2b,lc-03,lexical_collocation,The software performed a decision to close the connection after three failed attempts. That behavior prevents the client from waiting forever for a response.,"The software automatically closes the connection after three failed attempts, preventing the client from waiting indefinitely for a response.",The software decided to close the connection after three failed attempts. This behavior prevents the client from waiting indefinitely for a response.,,,,,,,,,,,,
lc-04--qwen35-4b-control--minicpm5-2b,lc-04,lexical_collocation,"The survey received a large interest from first-year students, especially those looking for evening sections. Interest from returning students was more moderate.","The survey garnered significant interest from first-year students, particularly those seeking evening sections, while interest from returning students were more moderate.","The survey received significant interest from first-year students, particularly those seeking evening sections. Interest from returning students were more moderate.",,,,,,,,,,,,
lc-05--qwen35-4b-control--minicpm5-2b,lc-05,lexical_collocation,The team made an investigation into why the request failed and discovered that the token had expired. Renewing the token solved the problem immediately.,The team investigated why the request failed and discovered that the token had expired. Renewing the token solved the problem immediately.,The team investigated the failed request and discovered that the token had expired; renewing it resolved the issue immediately.,,,,,,,,,,,,
lc-06--qwen35-4b-control--minicpm5-2b,lc-06,lexical_collocation,"The explanation is technically correct, but the wording feels unusually bookish for a short message to classmates. I want it to sound normal without making it childish.","The explanation is technically correct, but the wording feels unusually formal for a quick message to classmates. I'd like it to sound natural without sounding childish.","The explanation is technically correct, but the wording feels unusually bookish for a short message to classmates. I want it to sound normal without making it childish.",,,,,,,,,,,,
rt-01--qwen35-4b-control--minicpm5-2b,rt-01,register_tone,"hey, just checking if friday at 3 still works for you. if not no worries, i can do later that afternoon too.","Just checking if Friday at 3 still works for you. If not, no worries—I can do later that afternoon too.","Hey, just checking to see if Friday at 3 still works for you. If not, no worries—I can if do something later that afternoon.",,,,,,,,,,,,
rt-02--qwen35-4b-control--minicpm5-2b,rt-02,register_tone,"The whole signup process was honestly kind of a mess, but the staff member who helped me was great and got it sorted out pretty fast.","The whole signup process was honestly kind of a mess, but the staff member who helped me was great and got it sorted out pretty fast.","The signup process was honestly quite chaotic, but the staff member who assisted me was excellent and got it sorted out pretty quickly.",,,,,,,,,,,,
rt-03--qwen35-4b-control--minicpm5-2b,rt-03,register_tone,"I am writing to ask whether it would be possible to take the exam earlier that day. I have a required lab immediately afterward, so an earlier time would help me avoid a conflict.","I am writing to ask whether it would be possible to take the exam earlier that day. I have a required lab immediately afterward, so an earlier time would help me avoid a conflict.","I am writing to inquire whether it would be possible to schedule the exam earlier on that day. Since I have a required lab immediately following it, an earlier time would help me avoid a scheduling conflict.",,,,,,,,,,,,
rt-04--qwen35-4b-control--minicpm5-2b,rt-04,register_tone,"ngl I thought the tutorial was gonna be useless, but it actually explained the one part I kept getting wrong. I still would not watch the whole thing again.","I initially thought the tutorial would be useless, but it actually clarified the one part I kept getting wrong. However, I still wouldn't watch it all over again.","I figured the tutorial would be useless, but it actually explained the one part I kept getting wrong. I still wouldn't watch the whole thing again.",,,,,,,,,,,,
rt-05--qwen35-4b-control--minicpm5-2b,rt-05,register_tone,"The proposal is solid overall, but the budget section feels a little shaky because several costs are estimates instead of quotes. I would double-check those numbers before sending it.","The proposal is solid overall, but the budget section feels a little shaky because several costs are estimates instead of quotes. I would double-check those numbers before sending it.","The proposal is solid overall, but the budget section feels a bit shaky because several costs are estimates rather than quotes. I recommend double-checking those numbers before sending it.",,,,,,,,,,,,
rt-06--qwen35-4b-control--minicpm5-2b,rt-06,register_tone,"I appreciate the quick response. I am still confused about whether the form goes back to your office or directly to the testing center, so I want to make sure I send it to the right place.","I appreciate the quick response. I'm still unsure whether the form should be returned to your office or sent directly to the testing center, so I want to ensure I send it to the correct location.","I appreciate the quick response. I'm still a bit confused about whether the form goes back to your office or directly to the testing center, so I want to make sure I send it to the right place.",,,,,,,,,,,,
pu-01--qwen35-4b-control--minicpm5-2b,pu-01,paragraph_unity_redundancy,The main benefit of the new form is that it asks for all required information in one place. That is useful because people no longer have to send a second email with missing details. The form is beneficial because it reduces the need for follow-up messages about information that was left out.,"The primary advantage of the new form is that it collects all required information in a single location. This is particularly useful, because people no longer have to send a second email with missing details because, the form reduces the necessity for follow-up messages regarding omitted information.",The main benefit of the new form is that it asks for all required information in one place. That is useful because people no longer have to send a second email with missing details. The form is beneficial because it reduces the need for follow-up messages about information that was left out.,,,,,,,,,,,,
pu-02--qwen35-4b-control--minicpm5-2b,pu-02,paragraph_unity_redundancy,"The lab report should explain why the result matters, not only list the measurements. The measurements still need to be included because they support the explanation. A good report connects the data to the conclusion instead of treating them as separate pieces.","The lab report should explain why the results matter, not merely list the measurements. Because, the measurements must still be included, as they support the explanation. A good report connects the data to the conclusion rather than treating them as separate elements.","The lab report should explain why the result matters, not only list the measurements. The measurements still need to be included because they support the explanation. A good report connects the data to the conclusion instead of treating them as separate pieces.",,,,,,,,,,,,
pu-03--qwen35-4b-control--minicpm5-2b,pu-03,paragraph_unity_redundancy,I use the calendar mostly to avoid missing small deadlines. It also helps me see when several assignments pile up in the same week. I like dark mode in most apps because bright screens bother me at night.,"I use the calendar primarily to avoid missing small deadlines, though it also helps me spot when several assignments pile up in the same week. I prefer dark mode in most apps because bright screens bother me at night.",I use the calendar mostly to avoid missing small deadlines. It also helps me see when several assignments pile up in the same week. I like dark mode in most apps because bright screens bother me at night.,,,,,,,,,,,,
pu-04--qwen35-4b-control--minicpm5-2b,pu-04,paragraph_unity_redundancy,"The update reduced the time needed to open large projects. Startup is faster now, and opening a large project takes less time than before. The improvement is most noticeable on projects with many files.","The update has reduced the time required to open large projects. Startup is now faster, and opening a large project takes less time than before. This improvement is most noticeable on projects containing most files.","The update made it quicker to open large projects. Startups are now faster, and opening a large project takes less time than before. This improvement is most noticeable on projects with most files.",,,,,,,,,,,,
pu-05--qwen35-4b-control--minicpm5-2b,pu-05,paragraph_unity_redundancy,The discussion board was more useful once people started responding to specific points instead of posting generic agreement. Those specific replies gave the original writer something concrete to answer. That made the conversation feel more like an actual discussion.,The discussion board became more useful once people started responding to specific points instead of posting generic agreement. Those specific replies gave the original writer something concrete to answer. That made the conversation feel more like an actual discussion.,"The discussion board became more useful once participants began responding to specific points rather than posting generic agreement. These targeted replies provided the original writer with concrete material to address, transforming the exchange into a genuine discussion.",,,,,,,,,,,,
pu-06--qwen35-4b-control--minicpm5-2b,pu-06,paragraph_unity_redundancy,"The first two steps of the setup are simple, but the third step assumes the user already knows where the configuration file is stored. That missing explanation is the main reason the instructions feel harder than the process actually is.","The first two setup steps are straightforward, but the third assumes the user already knows where the configuration file is stored. This lack of explanation is the primary reason the instructions feel more difficult than the process actually is.","The first two steps of the setup are simple, but the third step assumes the user already knows where the configuration file is stored. That missing explanation is the main reason the instructions feel harder than the process actually is.",,,,,,,,,,,,
ai-01--qwen35-4b-control--minicpm5-2b,ai-01,ambiguity_non_invention,"The meeting did not go the way I expected. Something came up near the end, and we decided to revisit the issue next week.","The meeting didn't go as I'd expected. Something came up near the end, and we decided to revisit the issue next week.","The meeting didn't go as I expected. Something came up near the end, so we decided to revisit the issue next week.",,,,,,,,,,,,
ai-02--qwen35-4b-control--minicpm5-2b,ai-02,ambiguity_non_invention,"The file disappeared sometime after lunch. I checked the shared folder and my downloads, but I still do not know whether it was moved, renamed, or deleted.","The file disappeared sometime after lunch. Although I checked both the shared folder and my downloads, I still do not know whether it was moved, renamed, or deleted.","The file disappeared sometime after lunch. I checked the shared folder and my downloads, but I still do not know whether it was moved, renamed, or deleted.",,,,,,,,,,,,
ai-03--qwen35-4b-control--minicpm5-2b,ai-03,ambiguity_non_invention,"People have raised concerns about the new process, but the notes do not say how many people complained or which part of the process bothered them.","People have raised concerns about the new process, but the notes do not say how many people complained or which part of the process bothered them.","People have raised concerns about the new process, but the notes do not specify how many people complained or which aspects of the process were most problematic.",,,,,,,,,,,,
ai-04--qwen35-4b-control--minicpm5-2b,ai-04,ambiguity_non_invention,"The test failed after the configuration changed, but that timing alone does not prove the configuration caused the failure. No one has reproduced the problem yet.","The test failed after the configuration changed, but the timing alone does not prove that the configuration caused the failure. Additionally, no one has yet reproduced the problem.","The test failed after the configuration changed, but that timing alone does not prove the configuration caused the failure. No one has reproduced the problem yet.",,,,,,,,,,,,
ai-05--qwen35-4b-control--minicpm5-2b,ai-05,ambiguity_non_invention,"The instructor said my explanation needs more support. I am not sure whether she wants another source, a better example, or a clearer connection to the evidence I already used.","The instructor said my explanation needs more support. I am not sure whether she wants another source, a better example, or a clearer connection to the evidence I already used.","The instructor indicated that my explanation requires more support. I am unsure whether she is looking for an additional source, a better example, or a clearer connection to the evidence I have already used.",,,,,,,,,,,,
ai-06--qwen35-4b-control--minicpm5-2b,ai-06,ambiguity_non_invention,The package arrived with damage on one corner. I cannot tell whether the item inside is damaged because I have not opened the box yet.,"The package arrived with a damaged corner, but I cannot determine if the item inside is also damaged since I have not opened the box yet.",The package arrived with damage on one corner. I cannot tell whether the item inside is damaged because I have not opened the box yet.,,,,,,,,,,,,
me-01--coedit-large-research--minicpm5-2b,me-01,meaning_equivalence,"I started using the new study schedule about two weeks ago. It has not made studying easier, but I waste less time deciding what to work on, which is why I plan to keep using it.","About 2 weeks ago, I started using this new study plan, and it hasn't made studying easier, but I've been wasting less time deciding what to do. And that's why I'm going to keep using it.","I've been using the new study schedule for about two weeks. It hasn't made studying easier, but I've found that I waste less time deciding what to work on. That's why I plan to keep using it.",,,,,,,,,,,,
me-02--coedit-large-research--minicpm5-2b,me-02,meaning_equivalence,"The update looks smaller than the previous release because most of the changes are behind the scenes. The interface barely changed, but loading large files is noticeably faster on my laptop.","It's a bit smaller than the previous release, because most of the changes were made in the background. The interface hasn't changed much, but loading large files on my laptop is much faster.","The update looks smaller than the previous release because most of the changes are behind the scenes. The interface barely changed, but loading large files are noticeably faster on my laptop.",,,,,,,,,,,,
me-03--coedit-large-research--minicpm5-2b,me-03,meaning_equivalence,"I liked the presentation overall even though the first section dragged a little. Once the examples started, the argument became much easier to follow and the final recommendation made sense.","Even though the first part of the presentation was a bit long, the argument was much easier to understand when the examples began, and the final recommendation made sense to me.","I liked the presentation overall, even though the first section dragged a little. Once the examples started, the argument became much easier to follow, and the final recommendation made sense.",,,,,,,,,,,,
me-04--coedit-large-research--minicpm5-2b,me-04,meaning_equivalence,The class is not difficult because of the amount of reading. The harder part is keeping track of several small assignments that are due on different days each week.,"It's not difficult to read, but keeping track of a couple of small tasks that has to be done on different days in a week is more difficult.",The class isn't difficult because of the amount of reading. The harder part is keeping track of several small assignments that is due on different days each week.,,,,,,,,,,,,
me-05--coedit-large-research--minicpm5-2b,me-05,meaning_equivalence,"My first draft was longer, but it was not actually more detailed. I had repeated the same point in several ways, so cutting those sentences made the explanation clearer without removing evidence.","My first draft was longer, but it wasn't actually more detailed. I had repeated the same point in several ways, so cutting those sentences made the explanation clearer without removing evidence.","I had written a longer first draft, but it wasn't really more detailed. I had repeated the same idea in a number of ways, so I cut those sentences down so that the explanation didn't lose any evidence.",,,,,,,,,,,,
me-06--coedit-large-research--minicpm5-2b,me-06,meaning_equivalence,"The professor did not say the proposal was wrong. She said the main idea was promising, but the evidence was too limited to support the conclusion yet.","The professor didn't say the proposal was wrong, she said the central idea was promising, but the evidence was too weak to support it.","The professor did not say the proposal was wrong. She said the main idea was promising, but the evidence was too limited to support the conclusion yet.",,,,,,,,,,,,
co-01--coedit-large-research--minicpm5-2b,co-01,cohesion_known_new,The biology lab introduced a new microscope camera last week. The camera can save images directly to the lab computers. Those saved images make it easier for students to compare samples after class.,The biology lab introduced a new microscope camera last week. The camera can save images directly to the lab computers. Those saved images make it easier for students to compare samples after class.,"Last week, a new microscope camera was installed in the biology lab, which makes it easier for students to compare their specimens after class.",,,,,,,,,,,,
co-02--coedit-large-research--minicpm5-2b,co-02,cohesion_known_new,"The team found three duplicate records during the audit. Those duplicates came from an old import script. The script had been retired months ago, but its records were still present in the database.","The team found three duplicate records during the audit. Those duplicates came from an old import script. The script had been retired months ago, but its records were still present in the database.","The audit team found three duplicate records in an old import script, which had been retired several months ago, but was still present in the database.",,,,,,,,,,,,
co-03--coedit-large-research--minicpm5-2b,co-03,cohesion_known_new,"A late shipment delayed the first test run. Because the test started late, the team had only one afternoon to review the results. That shorter review period is why several minor issues were not caught until the next day.","The first test had been was delayed by a late delivery, and the team had only one afternoon to examine the results, so that several minor faults had not been discovered until the next day.","A late shipment was delayed the first test run. Because the test started late, the team had only one afternoon to review the results. That shorter review period is why several minor issues were not caught until the next day.",,,,,,,,,,,,
co-04--coedit-large-research--minicpm5-2b,co-04,cohesion_known_new,"The survey showed that students wanted more evening tutoring. That preference was strongest among students who work during the day. Their schedules make daytime appointments difficult, so the department is considering a later tutoring block.","The survey showed that students wanted more evening tutoring. That preference was strongest among students who work during the day. Their schedules make daytime appointments difficult, so the department is considering a later tutoring block.","Students who worked during the day were most interested in evening tutoring, and their schedules made daytime appointments difficult, so the department is planning a later tutoring block.",,,,,,,,,,,,
co-05--coedit-large-research--minicpm5-2b,co-05,cohesion_known_new,"The app stores approved examples in a local file. That file is loaded when the app starts and provides a small set of writing preferences. Those preferences can change ranking, but they do not override the safety checks.","The app stores approved examples in a local file, which is loaded when the app starts and provides a small set of writing preferences. The preferences can affect the ranking, but they do not override the safety checks.","App stores approve examples in a local file. That file is loaded when the app starts and provides a small set of writing preferences. Those preferences can change ranking, but they do not override the safety checks.",,,,,,,,,,,,
co-06--coedit-large-research--minicpm5-2b,co-06,cohesion_known_new,"The first experiment used a smaller sample than planned. The smaller sample reduced the amount of data available for comparison. That limitation does not invalidate the experiment, but it makes the result less certain.","The first experiment used a smaller sample than planned. The smaller sample reduced the amount of data available for comparison. That limitation does not invalidate the experiment, but it makes the result less certain.","The first experiment used a smaller sample than planned, which reduced the number of data available for comparison. This limitation does not invalidate the experiment, but makes the result less certain.",,,,,,,,,,,,
lr-01--coedit-large-research--minicpm5-2b,lr-01,logical_relations,"The printer was working in the morning, but it stopped after the network settings were changed. Because the other printers stayed online, the technician thinks the problem is local to that machine rather than the whole network.","The printer worked in the morning, but it stopped but the network settings were changed. Because the other printers were still online, the tech thinks the problem is with the printer in particular rather than the entire network.","The printer was working in the morning, but it stopped after the network settings were changed. Because the other printers stayed online, the technician thinks the problem is local to that machine rather than the whole network.",,,,,,,,,,,,
lr-02--coedit-large-research--minicpm5-2b,lr-02,logical_relations,"If the weather stays clear, the field work will begin Thursday. If it rains, the team will use Thursday for equipment checks instead and move the field work to Friday.","If the weather stays clear, field work will begin Thursday. If it rains, the team will use Thursday for equipment checks instead and move the field work to Friday.","If it's clear, the field work will start Thursday, but if it's raining, the team will use Thursday to check the equipment and move the field work to Friday.",,,,,,,,,,,,
lr-03--coedit-large-research--minicpm5-2b,lr-03,logical_relations,"The new process takes one extra step at the beginning, yet it usually saves time later because fewer requests are returned for missing information.","At first, a new procedure takes one more step, but it usually saves time in the long run because fewer requests for missing information are returned.","The new process adds one extra step at the beginning, yet it usually saves time later because fewer requests are returned for missing information.",,,,,,,,,,,,
lr-04--coedit-large-research--minicpm5-2b,lr-04,logical_relations,Maya finished the data cleanup before Jordan ran the analysis. That order matters because the earlier version of the dataset still contained duplicate rows.,"Before Jordan started the analysis, Maya had completed the data cleansing. This was important, since the earlier version of the data had duplicated rows.",Maya finished the data cleanup before Jordan ran the analysis. That order matters because the earlier version of the dataset still contained duplicate rows.,,,,,,,,,,,,
lr-05--coedit-large-research--minicpm5-2b,lr-05,logical_relations,"Although the pilot did not reach its enrollment target, the participants who completed it reported fewer scheduling conflicts. The department therefore wants another trial before deciding whether to expand the program.","Although the pilot did not reach its enrollment target, the participants who completed it reported fewer scheduling conflicts. The department therefore wants another trial before deciding whether to expand the program.","Although the pilot has not reached its enrollment target, the participants who have already completed it has reported a smaller number of scheduling conflicts, and the Department wishes to carry out another trial before deciding whether to extend the programme.",,,,,,,,,,,,
lr-06--coedit-large-research--minicpm5-2b,lr-06,logical_relations,"The first draft explains what happened, whereas the second draft explains why it happened. Both are accurate, but the second is more useful for the report because the assignment asks for analysis rather than summary.","The first draft explains what happened, whereas the second draft explains why it happened. Both are accurate, but the second is more useful for the report because the assignment asks for analysis rather than summary.","The first draft explains what happened; the second draft explains why. Both are precise, but the second is more useful for the report because the assignment calls for analysis rather than summaries.",,,,,,,,,,,,
rc-01--coedit-large-research--minicpm5-2b,rc-01,reference_coreference,"Nina sent Priya the revised chart after Priya noticed the labeling error. She had already fixed the colors, so the only remaining change was the axis label.","Nina sent Priya the revised chart after Priya noticed the labeling error. She had already fixed the colors, so the only remaining change was the axis label.","After Priya noticed the labeling mistake, Nina sent Priya the revised chart. She had already repaired the colors, so all that remained was the label for the axes.",,,,,,,,,,,,
rc-02--coedit-large-research--minicpm5-2b,rc-02,reference_coreference,The advisor told the student that the registrar had not received the form. The student emailed the registrar that afternoon and learned that the attachment had been blocked by the mail system.,The advisor told the student that the registrar had not received the form. The student emailed the registrar that afternoon and learned that the attachment had been blocked by the mail system.,The advisor informed the student that the form had not been received. The student emailed the registrar that afternoon and discovered that the attachment had been blocked by the mail system.,,,,,,,,,,,,
rc-03--coedit-large-research--minicpm5-2b,rc-03,reference_coreference,"The battery warning appeared after the laptop was connected to the dock. Removing the dock made the warning disappear, which suggests the dock or its power adapter may be involved.","The battery warning appeared after the laptop was connected to the dock. Removing the dock made the warning disappear, which suggests the dock or its power adapter may be involved.","When the laptop was connected to the dock, the battery warning disappeared when the dock was removed, suggesting the dock or its power adapter was involved.",,,,,,,,,,,,
rc-04--coedit-large-research--minicpm5-2b,rc-04,reference_coreference,"Ava reviewed Liam's notes before he submitted the report. She corrected two dates in the notes, but he chose not to change the wording of the report itself.","Ava reviewed Liam's notes before he submitted the report. She corrected two dates in the notes, but he chose not to change the wording of the report itself.","Before Liam submitted the report, Ava checked the notes and corrected two dates, but he did not change the wording of the report itself.",,,,,,,,,,,,
rc-05--coedit-large-research--minicpm5-2b,rc-05,reference_coreference,"The first server sends logs to the backup server every hour. If it stops responding, the backup keeps the most recent copy but does not automatically become the primary server.","Every hour, the primary server sends logs to the backup server. The backup server keeps the latest copy, but does not automatically become the primary server.","The first server sends logs to the backup server every hour. If it stops responding, the backup keeps the most recent copy but does not automatically become the primary server.",,,,,,,,,,,,
rc-06--coedit-large-research--minicpm5-2b,rc-06,reference_coreference,The committee asked the vendor to revise the estimate because its labor total did not match the hours listed in the proposal. The vendor agreed to check the calculation before the next meeting.,"The Committee requested the supplier to revise the estimate, because its labor total did not match the hours listed in the proposal The supplier agreed to verify the calculation before the next meeting.",The committee asked the vendor to revise the estimate because the labor total did not match the hours listed in the proposal. The vendor agreed to check the calculation before the next meeting.,,,,,,,,,,,,
mp-01--coedit-large-research--minicpm5-2b,mp-01,modality_negation_precision,"The change might reduce startup time, but we do not have enough measurements to say that it definitely does. For now, the result should be treated as promising rather than conclusive.","The change might reduce startup time, but we do not have enough measurements to say that it definitely does. For now, the result should be treated as promising rather than conclusive.","This change may reduce startup times, but we don't have enough measurements yet to see if this is definitely the case. Until then, it's best to consider this as a promising result rather than a definitive result.",,,,,,,,,,,,
mp-02--coedit-large-research--minicpm5-2b,mp-02,modality_negation_precision,"I would prefer to take the morning section, although I can attend the afternoon section if the morning one is full. I am not asking to be moved unless a seat is actually available.","I'd rather go to the morning part, but if the afternoon part is full, I'll take the afternoon part. I don't want to be moved unless there's a seat available.","I would prefer to take the morning section, although I can attend the afternoon section if the morning one is full. I am not asking to be moved unless a seat is actually available.",,,,,,,,,,,,
mp-03--coedit-large-research--minicpm5-2b,mp-03,modality_negation_precision,"The sensor can detect a temperature change, but it cannot tell us what caused that change. A sudden increase could come from the heater, direct sunlight, or another source.","The sensor can detect a change in temperature, but it cannot tell us what caused it. A sudden increase in temperature may be caused by a heat pump, direct sunlight or another source.","The sensor can detect a temperature change, but it cannot tell us what caused that change. A sudden increase could come from the heater, direct sunlight, or another source.",,,,,,,,,,,,
mp-04--coedit-large-research--minicpm5-2b,mp-04,modality_negation_precision,The policy says employees should report suspected errors; it does not say they must prove an error occurred before reporting it.,It does not say that employees must prove an error has occurred before reporting it.,"The policy states that employees should report suspected errors, but it does not require them to prove that an error actually occurred before making the report.",,,,,,,,,,,,
mp-05--coedit-large-research--minicpm5-2b,mp-05,modality_negation_precision,"There is no evidence that the file was deleted intentionally. It may have been removed during cleanup, but the logs are incomplete, so that explanation is only a possibility.","There is no evidence that the file was intentionally deleted. It might have been deleted during the cleaning, but the logs are incomplete, so it is only a possibility.","There is no evidence that the file was deleted intentionally. It may have been removed during cleanup, but the logs are incomplete, so that explanation is only a possibility.",,,,,,,,,,,,
mp-06--coedit-large-research--minicpm5-2b,mp-06,modality_negation_precision,"The medication is expected to help most patients, but it does not guarantee that every patient will improve. Anyone with questions should speak with a clinician rather than changing the dose on their own.","The medication is expected to help most patients, but it does not guarantee that every patient will improve. Anyone with questions should speak with a clinician rather than changing the dose on their own.","It is expected that most patients will benefit from this medicine, but it does not guarantee that all patients will improve. Patients who have questions should consult a doctor rather than change the dose alone.",,,,,,,,,,,,
fa-01--coedit-large-research--minicpm5-2b,fa-01,factual_anchors,"On September 14, 2026, Maya Chen paid $184.75 for the replacement part. The receipt says the part can be returned within 30 days if it has not been installed.","On September 14, 2026, Maya Chen paid $184.75 for the replacement part. The receipt states that the part can be returned within 30 days if it has not been installed.","Maya Chen paid $184.75 for the replacement part on September 14, 2026, and the receipt said that the part could be returned within 30 days if it hadn't been installed.",,,,,,,,,,,,
fa-02--coedit-large-research--minicpm5-2b,fa-02,factual_anchors,The lab recorded a pH of 6.4 before treatment and 7.1 afterward. The report calls the change 'modest but consistent' across the five samples.,The lab recorded a pH of 6.4 before treatment and 7.1 afterward. The report calls the change 'modest but consistent' across the five samples.,"The laboratory recorded a pH of 6.4 before treatment and 7.1 afterward, which was referred to as 'modest but uniform' in all five specimens.",,,,,,,,,,,,
fa-03--coedit-large-research--minicpm5-2b,fa-03,factual_anchors,"Jordan Lee emailed the draft to review@example.org at 3:40 p.m. The subject line was 'Budget revision v2,' and the attachment was 2.8 MB.","Jordan Lee emailed the draft to review@example.org at 3:40 p.m. The subject line was 'Budget revision v2,' and the attachment was 2.8 MB.",At 3:40 p.m. Jordan Lee sent a draft to review@example.org under the heading 'Budget revision v2' and attached a 2.8 MB file.,,,,,,,,,,,,
fa-04--coedit-large-research--minicpm5-2b,fa-04,factual_anchors,"Section 4.2 requires a backup every 12 hours, not once per day. The exception applies only to systems that are offline for maintenance.","Section 4.2 requires a backup every 12 hours, not once per day. The exception applies only to systems that is offline for maintenance.",Only systems that is offline for maintenance are covered by Section 4.2.,,,,,,,,,,,,
fa-05--coedit-large-research--minicpm5-2b,fa-05,factual_anchors,"The shipment contained 18 blue units and 7 gray units. Two blue units were damaged, so the usable total was 23 units.","The shipment included 18 blue units and 7 gray units. Two blue units were damaged, so the total number of usable units were 23.","The shipment contained 18 blue units and 7 gray units. Two blue units were damaged, so the usable total was 23 units.",,,,,,,,,,,,
fa-06--coedit-large-research--minicpm5-2b,fa-06,factual_anchors,"The study ran from January through March 2026 and included 126 participants. Of those participants, 54 completed both follow-up surveys.","The study ran from January through March 2026 and included 126 participants. Of those participants, 54 completed both follow-up surveys.",The study was carried out between January and March 2026 and 126 participants were involved and 54 completed both of the follow-up surveys.,,,,,,,,,,,,
gm-01--coedit-large-research--minicpm5-2b,gm-01,grammar_minimal_edit,The results was surprising because each of the samples were collected under the same conditions. I don't think the difference come from the equipment.,The results were surprising because each of the samples was collected under the same conditions. I don't think the difference comes from the equipment.,"The results were astonished, since all the samples had been taken under identical conditions. I don't think the difference has anything to do with the equipment.",,,,,,,,,,,,
gm-02--coedit-large-research--minicpm5-2b,gm-02,grammar_minimal_edit,"She has went to the tutoring center twice this week, and both visits has helped her understand the material better.","She has gone to the tutoring center twice this week, and both visits have helped her understand the material better.","She's been to the tutoring center twice this week, and both visits have made her understand the subject better.",,,,,,,,,,,,
gm-03--coedit-large-research--minicpm5-2b,gm-03,grammar_minimal_edit,"There is several reasons the schedule need to change, but the main one are that the current times conflict with lab.","There are several reasons the schedule needs to change, but the main one is that the current times conflict with the lab.","There's a lot of reasons to modify the program, but the main one's the fact that the present time clashes with the lab.",,,,,,,,,,,,
gm-04--coedit-large-research--minicpm5-2b,gm-04,grammar_minimal_edit,The advisor suggested me to wait until the final grade posts before I submit a new request.,I was advised to wait until my final grade was published before I submitted a new application.,The advisor suggested that I wait until the final grade posts before I submit a new request.,,,,,,,,,,,,
gm-05--coedit-large-research--minicpm5-2b,gm-05,grammar_minimal_edit,Neither the new instructions nor the example explain what happens if a student submit the form late.,What happens if a student submits the form late does not appear in the new instructions nor in the example.,Neither the new instructions nor the example explains what happens if a student submits the form is late.,,,,,,,,,,,,
gm-06--coedit-large-research--minicpm5-2b,gm-06,grammar_minimal_edit,"I was planning on finishing it yesterday, but the files I needed wasn't available until this morning.","I planned to finish it yesterday, but the files I needed were not available until this morning.","I was planning to finish it yesterday, but the files I needed weren't available until this morning.",,,,,,,,,,,,
ss-01--coedit-large-research--minicpm5-2b,ss-01,sentence_structure,The deadline moved to Friday. Because the vendor sent the corrected estimate late. Which gave the team less time to review the numbers.,"The deadline moved to Friday. Because the vendor sent the corrected estimate late, which gave the team less time to review the numbers.","The deadline had been moved to Friday, because the supplier had sent the corrected estimate late, which had given the group less time to examine the data.",,,,,,,,,,,,
ss-02--coedit-large-research--minicpm5-2b,ss-02,sentence_structure,I opened the dashboard the totals looked wrong I refreshed the page nothing changed so I checked the raw file and found two duplicated rows.,"When I opened the Dashboard, the totals seemed wrong. I refreshed the page, nothing changed, so I checked the raw file and found two duplicate rows.","I opened the dashboard and noticed the totals looked wrong. I refreshed the page, but nothing changed, so I checked the raw file and found two duplicated rows.",,,,,,,,,,,,
ss-03--coedit-large-research--minicpm5-2b,ss-03,sentence_structure,"After reviewing the application, the missing transcript was obvious to the advisor. The student had uploaded the other documents correctly.","The advisor realized that the missing transcript was obvious after the application had been reviewed, while the student had correctly submitted the remaining documents.","After reviewing the application, the missing transcript was obvious to the advisor. The student had uploaded the other documents correctly.",,,,,,,,,,,,
ss-04--coedit-large-research--minicpm5-2b,ss-04,sentence_structure,"The internship requires writing weekly summaries, to attend a Friday meeting, and completing one final presentation.","The internship requires writing weekly summaries, attending a Friday meeting, and completing one final presentation.","The internship calls for weekly reports, a Friday meeting, and a final presentation.",,,,,,,,,,,,
ss-05--coedit-large-research--minicpm5-2b,ss-05,sentence_structure,"The first meeting was scheduled for Monday, but two people could not attend, and then it moved to Wednesday, and the room was unavailable, so now it is Thursday afternoon.","The first meeting was scheduled for Monday, but two people could not attend, and then it moved to Wednesday, and the room was unavailable, so now it is Thursday afternoon.","The first meeting was scheduled for Monday, but two people were unable to attend, so it was rescheduled for Wednesday and the room was not available, so it was held on Thursday afternoon.",,,,,,,,,,,,
ss-06--coedit-large-research--minicpm5-2b,ss-06,sentence_structure,The report includes the survey results. Along with a short explanation of the sampling method and why the response rate matters.,"The report includes the survey results, along with a short explanation of the sampling method and why the response rate matters.",The results of the survey and a brief explanation of the sampling method and the importance of the response rate are included in the report.,,,,,,,,,,,,
lc-01--coedit-large-research--minicpm5-2b,lc-01,lexical_collocation,The new checklist made a strong improvement in how consistently the team records equipment problems. People are now more likely to include the exact error message instead of a general description.,The new checklist has made a strong improvement in how consistently the team records equipment problems. People are now more likely to include the exact error message instead of a general description.,"The new checklist has made a significant improvement in the consistency of the team's recording of technical problems, and people are more likely to record the exact error description rather than the general description.",,,,,,,,,,,,
lc-02--coedit-large-research--minicpm5-2b,lc-02,lexical_collocation,"The professor gave a heavy warning that late submissions would receive a penalty. The warning was clear, but the exact size of the penalty was not listed.","The professor had given a strong warning that late submissions would be subject to a fine, but the exact amount of the fine was not given.","The professor gave a heavy warning that late submissions would receive a penalty. The warning was clear, but the exact size of the penalty was not listed.",,,,,,,,,,,,
lc-03--coedit-large-research--minicpm5-2b,lc-03,lexical_collocation,The software performed a decision to close the connection after three failed attempts. That behavior prevents the client from waiting forever for a response.,The software decided to close the connection after three failed attempts. This behavior prevents the client from waiting indefinitely for a response.,This behaviour prevents the client from waiting forever for a response from the software.,,,,,,,,,,,,
lc-04--coedit-large-research--minicpm5-2b,lc-04,lexical_collocation,"The survey received a large interest from first-year students, especially those looking for evening sections. Interest from returning students was more moderate.","The survey received significant interest from first-year students, particularly those seeking evening sections. Interest from returning students were more moderate.","First-year students, especially those looking for evening courses, were most interested in the survey.",,,,,,,,,,,,
lc-05--coedit-large-research--minicpm5-2b,lc-05,lexical_collocation,The team made an investigation into why the request failed and discovered that the token had expired. Renewing the token solved the problem immediately.,The team searched for the reason for the error and discovered that the token had expired.,The team investigated why the request failed and discovered that the token had expired. Renewing the token solved the problem immediately.,,,,,,,,,,,,
lc-06--coedit-large-research--minicpm5-2b,lc-06,lexical_collocation,"The explanation is technically correct, but the wording feels unusually bookish for a short message to classmates. I want it to sound normal without making it childish.","The explanation is technically correct, but the wording is unusually formal for a short message to classmates. I'd like it to sound normal, but not too childish.","The explanation is technically correct, but the wording feels unusually bookish for a short message to classmates. I want it to sound normal without making it childish.",,,,,,,,,,,,
rt-01--coedit-large-research--minicpm5-2b,rt-01,register_tone,"hey, just checking if friday at 3 still works for you. if not no worries, i can do later that afternoon too.","Hey, I'm checking if Friday at 3 works for you, if not, I can do it later in the afternoon, too.","Just checking if Friday at 3 still works for you. If not, no worries—I can do later that afternoon too.",,,,,,,,,,,,
rt-02--coedit-large-research--minicpm5-2b,rt-02,register_tone,"The whole signup process was honestly kind of a mess, but the staff member who helped me was great and got it sorted out pretty fast.","The whole signup process was a real mess, but the staff member who assisted me was very helpful and resolved it very quickly.","The whole signup process was honestly kind of a mess, but the staff member who helped me was great and got it sorted out pretty fast.",,,,,,,,,,,,
rt-03--coedit-large-research--minicpm5-2b,rt-03,register_tone,"I am writing to ask whether it would be possible to take the exam earlier that day. I have a required lab immediately afterward, so an earlier time would help me avoid a conflict.","I'd like to know if it's possible for me to take the exam the day after tomorrow, because I've got a lab appointment right afterward, so an earlier time would be good for me to avoid a conflict.","I am writing to ask whether it would be possible to take the exam earlier that day. I have a required lab immediately afterward, so an earlier time would help me avoid a conflict.",,,,,,,,,,,,
rt-04--coedit-large-research--minicpm5-2b,rt-04,register_tone,"ngl I thought the tutorial was gonna be useless, but it actually explained the one part I kept getting wrong. I still would not watch the whole thing again.","I figured the tutorial would be useless, but it actually explained the one part I kept getting wrong. I still wouldn't watch the whole thing again.","Ngl I'd thought the tutorial was useless, but it actually explained one thing that I'd always made a mistake. And I still wouldn't do it again.",,,,,,,,,,,,
rt-05--coedit-large-research--minicpm5-2b,rt-05,register_tone,"The proposal is solid overall, but the budget section feels a little shaky because several costs are estimates instead of quotes. I would double-check those numbers before sending it.","The proposal is solid, but the budget section is a bit sloppy because the cost of some of the expenditure is estimated rather than quotations. I would double-check those numbers before sending it.","The proposal is solid overall, but the budget section feels a little shaky because several costs are estimates instead of quotes. I would double-check those numbers before sending it.",,,,,,,,,,,,
rt-06--coedit-large-research--minicpm5-2b,rt-06,register_tone,"I appreciate the quick response. I am still confused about whether the form goes back to your office or directly to the testing center, so I want to make sure I send it to the right place.","I appreciate the quick response. I'm still a bit confused about whether the form goes back to your office or directly to the testing center, so I want to make sure I send it to the right place.","I'm still confused about whether the form should be sent back to your office or directly to the testing centre, so I want to be certain that I send it to the correct place.",,,,,,,,,,,,
pu-01--coedit-large-research--minicpm5-2b,pu-01,paragraph_unity_redundancy,The main benefit of the new form is that it asks for all required information in one place. That is useful because people no longer have to send a second email with missing details. The form is beneficial because it reduces the need for follow-up messages about information that was left out.,"The main advantage of the new form is that it asks for all the information that is needed in one place, so that people do not have to send a second email with the missing information.",The main benefit of the new form is that it asks for all required information in one place. That is useful because people no longer have to send a second email with missing details. The form is beneficial because it reduces the need for follow-up messages about information that was left out.,,,,,,,,,,,,
pu-02--coedit-large-research--minicpm5-2b,pu-02,paragraph_unity_redundancy,"The lab report should explain why the result matters, not only list the measurements. The measurements still need to be included because they support the explanation. A good report connects the data to the conclusion instead of treating them as separate pieces.","The laboratory report should explain why the result is important, not just list the measurements. The measurements should still be included in the lab report because they support the explanation. A good lab report links the data to the conclusion rather than treating them separately.","The lab report should explain why the result matters, not only list the measurements. The measurements still need to be included because they support the explanation. A good report connects the data to the conclusion instead of treating them as separate pieces.",,,,,,,,,,,,
pu-03--coedit-large-research--minicpm5-2b,pu-03,paragraph_unity_redundancy,I use the calendar mostly to avoid missing small deadlines. It also helps me see when several assignments pile up in the same week. I like dark mode in most apps because bright screens bother me at night.,I use the calendar mostly to avoid missing small deadlines. It also helps me see when several assignments pile up in the same week. I like dark mode in most apps because bright screens bother me at night.,"I'm mostly using the calendar to avoid missing small deadlines, but also to see when a lot of work takes place at the same time. I like dark mode on most applications, because I don't like bright screens at night.",,,,,,,,,,,,
pu-04--coedit-large-research--minicpm5-2b,pu-04,paragraph_unity_redundancy,"The update reduced the time needed to open large projects. Startup is faster now, and opening a large project takes less time than before. The improvement is most noticeable on projects with many files.","The update has made it easier to start large projects, and it takes less time to open a large project than it used to. This improvement is particularly noticeable in projects with a lot of files.","The update made it quicker to open large projects. Startups are now faster, and opening a large project takes less time than before. This improvement is most noticeable on projects with most files.",,,,,,,,,,,,
pu-05--coedit-large-research--minicpm5-2b,pu-05,paragraph_unity_redundancy,The discussion board was more useful once people started responding to specific points instead of posting generic agreement. Those specific replies gave the original writer something concrete to answer. That made the conversation feel more like an actual discussion.,"As soon as people started answering specific questions rather than just agreeing, the discussion board became more useful.",The discussion board became more useful once people started responding to specific points instead of posting generic agreement. Those specific replies gave the original writer something concrete to answer. That made the conversation feel more like an actual discussion.,,,,,,,,,,,,
pu-06--coedit-large-research--minicpm5-2b,pu-06,paragraph_unity_redundancy,"The first two steps of the setup are simple, but the third step assumes the user already knows where the configuration file is stored. That missing explanation is the main reason the instructions feel harder than the process actually is.","The first two steps are simple, but the third requires the user to already know where the configuration file is stored. This lack of explanation is the main reason the instructions feel more complicated than it really is.","The first two steps of the setup are simple, but the third step assumes the user already knows where the configuration file is stored. That missing explanation is the main reason the instructions feel harder than the process actually is.",,,,,,,,,,,,
ai-01--coedit-large-research--minicpm5-2b,ai-01,ambiguity_non_invention,"The meeting did not go the way I expected. Something came up near the end, and we decided to revisit the issue next week.","The meeting didn't go as I had expected, and at the end something happened that made us think about it again next week.","The meeting didn't go as I'd expected. Something came up near the end, and we decided to revisit the issue next week.",,,,,,,,,,,,
ai-02--coedit-large-research--minicpm5-2b,ai-02,ambiguity_non_invention,"The file disappeared sometime after lunch. I checked the shared folder and my downloads, but I still do not know whether it was moved, renamed, or deleted.","I've looked at the shared folder and downloaded it, but I still don't know whether it was moved, renamed or deleted after lunch.","The file disappeared sometime after lunch. I checked the shared folder and my downloads, but I still do not know whether it was moved, renamed, or deleted.",,,,,,,,,,,,
ai-03--coedit-large-research--minicpm5-2b,ai-03,ambiguity_non_invention,"People have raised concerns about the new process, but the notes do not say how many people complained or which part of the process bothered them.","People complained about the new procedure, but the reports do not say how many complained or what parts of the procedure were bothering them.","People have raised concerns about the new process, but the notes do not say how many people complained or which part of the process bothered them.",,,,,,,,,,,,
ai-04--coedit-large-research--minicpm5-2b,ai-04,ambiguity_non_invention,"The test failed after the configuration changed, but that timing alone does not prove the configuration caused the failure. No one has reproduced the problem yet.","The test failed after the configuration changed, but that timing alone does not prove the configuration caused the failure. No one has reproduced the problem yet.","No one has yet reproduced the error after changing the configuration, but the timing alone does not prove the error was caused by the configuration.",,,,,,,,,,,,
ai-05--coedit-large-research--minicpm5-2b,ai-05,ambiguity_non_invention,"The instructor said my explanation needs more support. I am not sure whether she wants another source, a better example, or a clearer connection to the evidence I already used.","I don't know whether he wants a different source, a better example, or a clearer connection to the evidence I've already used.","The instructor said my explanation needs more support. I am not sure whether she wants another source, a better example, or a clearer connection to the evidence I already used.",,,,,,,,,,,,
ai-06--coedit-large-research--minicpm5-2b,ai-06,ambiguity_non_invention,The package arrived with damage on one corner. I cannot tell whether the item inside is damaged because I have not opened the box yet.,"I haven't opened the package yet, so I can't see if the contents are damaged.",The package arrived with damage on one corner. I cannot tell whether the item inside is damaged because I have not opened the box yet.,,,,,,,,,,,,
